#-----------------------------------------------------------
# Vivado v2020.1 (64-bit)
# SW Build 2902540 on Wed May 27 19:54:49 MDT 2020
# IP Build 2902112 on Wed May 27 22:43:36 MDT 2020
# Start of session at: Sun Apr 12 19:34:22 2026
# Process ID: 25840
# Current directory: C:/Users/IBM/Desktop/CA_Labs_MyrahHussain_RomaisaShazad/CA_Labs_MyrahHussain_RomaisaShazad/All_CA_Labs
# Command line: vivado.exe -gui_launcher_event rodinguilauncherevent25436 C:\Users\IBM\Desktop\CA_Labs_MyrahHussain_RomaisaShazad\CA_Labs_MyrahHussain_RomaisaShazad\All_CA_Labs\All_CA_Labs.xpr
# Log file: C:/Users/IBM/Desktop/CA_Labs_MyrahHussain_RomaisaShazad/CA_Labs_MyrahHussain_RomaisaShazad/All_CA_Labs/vivado.log
# Journal file: C:/Users/IBM/Desktop/CA_Labs_MyrahHussain_RomaisaShazad/CA_Labs_MyrahHussain_RomaisaShazad/All_CA_Labs\vivado.jou
#-----------------------------------------------------------
start_gui
open_project C:/Users/IBM/Desktop/CA_Labs_MyrahHussain_RomaisaShazad/CA_Labs_MyrahHussain_RomaisaShazad/All_CA_Labs/All_CA_Labs.xpr
INFO: [ProjectBase 1-489] The host OS only allows 260 characters in a normal path. The project is stored in a path with more than 80 characters. If you experience issues with IP, Block Designs, or files not being found, please consider moving the project to a location with a shorter path. Alternately consider using the OS subst command to map part of the path to a drive letter.
Current project path is 'C:/Users/IBM/Desktop/CA_Labs_MyrahHussain_RomaisaShazad/CA_Labs_MyrahHussain_RomaisaShazad/All_CA_Labs'
Scanning sources...
Finished scanning sources
INFO: [IP_Flow 19-234] Refreshing IP repositories
INFO: [IP_Flow 19-1704] No user IP repositories specified
INFO: [IP_Flow 19-2313] Loaded Vivado IP repository 'E:/Xilinx/Vivado/2020.1/data/ip'.
open_project: Time (s): cpu = 00:01:09 ; elapsed = 00:00:24 . Memory (MB): peak = 1026.840 ; gain = 0.000
update_compile_order -fileset sources_1
close [ open C:/Users/IBM/Desktop/CA_Labs_MyrahHussain_RomaisaShazad/CA_Labs_MyrahHussain_RomaisaShazad/All_CA_Labs/All_CA_Labs.srcs/sources_1/new/instructionMemory.v w ]
add_files C:/Users/IBM/Desktop/CA_Labs_MyrahHussain_RomaisaShazad/CA_Labs_MyrahHussain_RomaisaShazad/All_CA_Labs/All_CA_Labs.srcs/sources_1/new/instructionMemory.v
update_compile_order -fileset sources_1
set_property top instructionMemory [current_fileset]
update_compile_order -fileset sources_1
close [ open C:/Users/IBM/Desktop/CA_Labs_MyrahHussain_RomaisaShazad/CA_Labs_MyrahHussain_RomaisaShazad/All_CA_Labs/All_CA_Labs.srcs/sources_1/new/instruction.mem w ]
add_files C:/Users/IBM/Desktop/CA_Labs_MyrahHussain_RomaisaShazad/CA_Labs_MyrahHussain_RomaisaShazad/All_CA_Labs/All_CA_Labs.srcs/sources_1/new/instruction.mem
close [ open C:/Users/IBM/Desktop/CA_Labs_MyrahHussain_RomaisaShazad/CA_Labs_MyrahHussain_RomaisaShazad/All_CA_Labs/All_CA_Labs.srcs/sources_1/new/ProgramCounter.v w ]
add_files C:/Users/IBM/Desktop/CA_Labs_MyrahHussain_RomaisaShazad/CA_Labs_MyrahHussain_RomaisaShazad/All_CA_Labs/All_CA_Labs.srcs/sources_1/new/ProgramCounter.v
update_compile_order -fileset sources_1
close [ open C:/Users/IBM/Desktop/CA_Labs_MyrahHussain_RomaisaShazad/CA_Labs_MyrahHussain_RomaisaShazad/All_CA_Labs/All_CA_Labs.srcs/sources_1/new/pcAdder.v w ]
add_files C:/Users/IBM/Desktop/CA_Labs_MyrahHussain_RomaisaShazad/CA_Labs_MyrahHussain_RomaisaShazad/All_CA_Labs/All_CA_Labs.srcs/sources_1/new/pcAdder.v
update_compile_order -fileset sources_1
close [ open C:/Users/IBM/Desktop/CA_Labs_MyrahHussain_RomaisaShazad/CA_Labs_MyrahHussain_RomaisaShazad/All_CA_Labs/All_CA_Labs.srcs/sources_1/new/branchAdder.v w ]
add_files C:/Users/IBM/Desktop/CA_Labs_MyrahHussain_RomaisaShazad/CA_Labs_MyrahHussain_RomaisaShazad/All_CA_Labs/All_CA_Labs.srcs/sources_1/new/branchAdder.v
update_compile_order -fileset sources_1
close [ open C:/Users/IBM/Desktop/CA_Labs_MyrahHussain_RomaisaShazad/CA_Labs_MyrahHussain_RomaisaShazad/All_CA_Labs/All_CA_Labs.srcs/sources_1/new/mux2.v w ]
add_files C:/Users/IBM/Desktop/CA_Labs_MyrahHussain_RomaisaShazad/CA_Labs_MyrahHussain_RomaisaShazad/All_CA_Labs/All_CA_Labs.srcs/sources_1/new/mux2.v
update_compile_order -fileset sources_1
close [ open C:/Users/IBM/Desktop/CA_Labs_MyrahHussain_RomaisaShazad/CA_Labs_MyrahHussain_RomaisaShazad/All_CA_Labs/All_CA_Labs.srcs/sources_1/new/immGen.v w ]
add_files C:/Users/IBM/Desktop/CA_Labs_MyrahHussain_RomaisaShazad/CA_Labs_MyrahHussain_RomaisaShazad/All_CA_Labs/All_CA_Labs.srcs/sources_1/new/immGen.v
update_compile_order -fileset sources_1
close [ open C:/Users/IBM/Desktop/CA_Labs_MyrahHussain_RomaisaShazad/CA_Labs_MyrahHussain_RomaisaShazad/All_CA_Labs/All_CA_Labs.srcs/sources_1/new/tb_lab11_task1.v w ]
add_files C:/Users/IBM/Desktop/CA_Labs_MyrahHussain_RomaisaShazad/CA_Labs_MyrahHussain_RomaisaShazad/All_CA_Labs/All_CA_Labs.srcs/sources_1/new/tb_lab11_task1.v
update_compile_order -fileset sources_1
export_ip_user_files -of_objects  [get_files C:/Users/IBM/Desktop/CA_Labs_MyrahHussain_RomaisaShazad/CA_Labs_MyrahHussain_RomaisaShazad/All_CA_Labs/All_CA_Labs.srcs/sources_1/new/tb_lab11_task1.v] -no_script -reset -force -quiet
remove_files  C:/Users/IBM/Desktop/CA_Labs_MyrahHussain_RomaisaShazad/CA_Labs_MyrahHussain_RomaisaShazad/All_CA_Labs/All_CA_Labs.srcs/sources_1/new/tb_lab11_task1.v
set_property SOURCE_SET sources_1 [get_filesets sim_1]
close [ open C:/Users/IBM/Desktop/CA_Labs_MyrahHussain_RomaisaShazad/CA_Labs_MyrahHussain_RomaisaShazad/All_CA_Labs/All_CA_Labs.srcs/sim_1/new/tb_lab11_task1.v w ]
add_files -fileset sim_1 C:/Users/IBM/Desktop/CA_Labs_MyrahHussain_RomaisaShazad/CA_Labs_MyrahHussain_RomaisaShazad/All_CA_Labs/All_CA_Labs.srcs/sim_1/new/tb_lab11_task1.v
update_compile_order -fileset sim_1
set_property top tb_lab11_task1 [get_filesets sim_1]
set_property top_lib xil_defaultlib [get_filesets sim_1]
update_compile_order -fileset sim_1
launch_simulation
Command: launch_simulation 
INFO: [Vivado 12-5682] Launching behavioral simulation in 'C:/Users/IBM/Desktop/CA_Labs_MyrahHussain_RomaisaShazad/CA_Labs_MyrahHussain_RomaisaShazad/All_CA_Labs/All_CA_Labs.sim/sim_1/behav/xsim'
INFO: [SIM-utils-51] Simulation object is 'sim_1'
INFO: [SIM-utils-54] Inspecting design source files for 'tb_lab11_task1' in fileset 'sim_1'...
INFO: [SIM-utils-43] Exported 'C:/Users/IBM/Desktop/CA_Labs_MyrahHussain_RomaisaShazad/CA_Labs_MyrahHussain_RomaisaShazad/All_CA_Labs/All_CA_Labs.sim/sim_1/behav/xsim/instruction.mem'
INFO: [USF-XSim-97] Finding global include files...
INFO: [USF-XSim-98] Fetching design files from 'sim_1'...
INFO: [USF-XSim-2] XSim::Compile design
INFO: [USF-XSim-61] Executing 'COMPILE and ANALYZE' step in 'C:/Users/IBM/Desktop/CA_Labs_MyrahHussain_RomaisaShazad/CA_Labs_MyrahHussain_RomaisaShazad/All_CA_Labs/All_CA_Labs.sim/sim_1/behav/xsim'
"xvlog --incr --relax -prj tb_lab11_task1_vlog.prj"
INFO: [VRFC 10-2263] Analyzing Verilog file "C:/Users/IBM/Desktop/CA_Labs_MyrahHussain_RomaisaShazad/CA_Labs_MyrahHussain_RomaisaShazad/All_CA_Labs/All_CA_Labs.srcs/sources_1/new/ProgramCounter.v" into library xil_defaultlib
INFO: [VRFC 10-311] analyzing module ProgramCounter
INFO: [VRFC 10-2263] Analyzing Verilog file "C:/Users/IBM/Desktop/CA_Labs_MyrahHussain_RomaisaShazad/CA_Labs_MyrahHussain_RomaisaShazad/All_CA_Labs/All_CA_Labs.srcs/sources_1/new/branchAdder.v" into library xil_defaultlib
INFO: [VRFC 10-311] analyzing module branchAdder
INFO: [VRFC 10-2263] Analyzing Verilog file "C:/Users/IBM/Desktop/CA_Labs_MyrahHussain_RomaisaShazad/CA_Labs_MyrahHussain_RomaisaShazad/All_CA_Labs/All_CA_Labs.srcs/sources_1/new/immGen.v" into library xil_defaultlib
INFO: [VRFC 10-311] analyzing module immGen
INFO: [VRFC 10-2263] Analyzing Verilog file "C:/Users/IBM/Desktop/CA_Labs_MyrahHussain_RomaisaShazad/CA_Labs_MyrahHussain_RomaisaShazad/All_CA_Labs/All_CA_Labs.srcs/sources_1/new/mux2.v" into library xil_defaultlib
INFO: [VRFC 10-311] analyzing module mux2
INFO: [VRFC 10-2263] Analyzing Verilog file "C:/Users/IBM/Desktop/CA_Labs_MyrahHussain_RomaisaShazad/CA_Labs_MyrahHussain_RomaisaShazad/All_CA_Labs/All_CA_Labs.srcs/sources_1/new/pcAdder.v" into library xil_defaultlib
INFO: [VRFC 10-311] analyzing module pcAdder
INFO: [VRFC 10-2263] Analyzing Verilog file "C:/Users/IBM/Desktop/CA_Labs_MyrahHussain_RomaisaShazad/CA_Labs_MyrahHussain_RomaisaShazad/All_CA_Labs/All_CA_Labs.srcs/sim_1/new/tb_lab11_task1.v" into library xil_defaultlib
INFO: [VRFC 10-311] analyzing module tb_lab11_task1
INFO: [VRFC 10-2263] Analyzing Verilog file "C:/Users/IBM/Desktop/CA_Labs_MyrahHussain_RomaisaShazad/CA_Labs_MyrahHussain_RomaisaShazad/All_CA_Labs/All_CA_Labs.sim/sim_1/behav/xsim/glbl.v" into library xil_defaultlib
INFO: [VRFC 10-311] analyzing module glbl
INFO: [USF-XSim-69] 'compile' step finished in '2' seconds
INFO: [USF-XSim-3] XSim::Elaborate design
INFO: [USF-XSim-61] Executing 'ELABORATE' step in 'C:/Users/IBM/Desktop/CA_Labs_MyrahHussain_RomaisaShazad/CA_Labs_MyrahHussain_RomaisaShazad/All_CA_Labs/All_CA_Labs.sim/sim_1/behav/xsim'
"xelab -wto 10d31688e6854bf7bbaf7dc3b0d28415 --incr --debug typical --relax --mt 2 -L xil_defaultlib -L unisims_ver -L unimacro_ver -L secureip --snapshot tb_lab11_task1_behav xil_defaultlib.tb_lab11_task1 xil_defaultlib.glbl -log elaborate.log"
Vivado Simulator 2020.1
Copyright 1986-1999, 2001-2020 Xilinx, Inc. All Rights Reserved.
Running: E:/Xilinx/Vivado/2020.1/bin/unwrapped/win64.o/xelab.exe -wto 10d31688e6854bf7bbaf7dc3b0d28415 --incr --debug typical --relax --mt 2 -L xil_defaultlib -L unisims_ver -L unimacro_ver -L secureip --snapshot tb_lab11_task1_behav xil_defaultlib.tb_lab11_task1 xil_defaultlib.glbl -log elaborate.log 
Using 2 slave threads.
Starting static elaboration
Pass Through NonSizing Optimizer
ERROR: [VRFC 10-2989] 'tb_task1' is not declared [C:/Users/IBM/Desktop/CA_Labs_MyrahHussain_RomaisaShazad/CA_Labs_MyrahHussain_RomaisaShazad/All_CA_Labs/All_CA_Labs.srcs/sim_1/new/tb_lab11_task1.v:22]
ERROR: [XSIM 43-3322] Static elaboration of top level Verilog design unit(s) in library work failed.
INFO: [USF-XSim-69] 'elaborate' step finished in '3' seconds
INFO: [USF-XSim-99] Step results log file:'C:/Users/IBM/Desktop/CA_Labs_MyrahHussain_RomaisaShazad/CA_Labs_MyrahHussain_RomaisaShazad/All_CA_Labs/All_CA_Labs.sim/sim_1/behav/xsim/elaborate.log'
ERROR: [USF-XSim-62] 'elaborate' step failed with error(s). Please check the Tcl console output or 'C:/Users/IBM/Desktop/CA_Labs_MyrahHussain_RomaisaShazad/CA_Labs_MyrahHussain_RomaisaShazad/All_CA_Labs/All_CA_Labs.sim/sim_1/behav/xsim/elaborate.log' file for more information.
ERROR: [Vivado 12-4473] Detected error while running simulation. Please correct the issue and retry this operation.
launch_simulation: Time (s): cpu = 00:00:01 ; elapsed = 00:00:07 . Memory (MB): peak = 1026.840 ; gain = 0.000
ERROR: [Common 17-39] 'launch_simulation' failed due to earlier errors.
set_property is_enabled false [get_files  C:/Users/IBM/Desktop/CA_Labs_MyrahHussain_RomaisaShazad/CA_Labs_MyrahHussain_RomaisaShazad/All_CA_Labs/All_CA_Labs.srcs/sources_1/new/instructionMemory.v]
update_compile_order -fileset sources_1
set_property source_mgmt_mode DisplayOnly [current_project]
launch_simulation
Command: launch_simulation 
INFO: [Vivado 12-5682] Launching behavioral simulation in 'C:/Users/IBM/Desktop/CA_Labs_MyrahHussain_RomaisaShazad/CA_Labs_MyrahHussain_RomaisaShazad/All_CA_Labs/All_CA_Labs.sim/sim_1/behav/xsim'
INFO: [SIM-utils-51] Simulation object is 'sim_1'
INFO: [SIM-utils-54] Inspecting design source files for 'tb_lab11_task1' in fileset 'sim_1'...
INFO: [SIM-utils-43] Exported 'C:/Users/IBM/Desktop/CA_Labs_MyrahHussain_RomaisaShazad/CA_Labs_MyrahHussain_RomaisaShazad/All_CA_Labs/All_CA_Labs.sim/sim_1/behav/xsim/instruction.mem'
INFO: [USF-XSim-97] Finding global include files...
INFO: [USF-XSim-100] Fetching design files from 'sources_1'...(this may take a while)...
INFO: [USF-XSim-101] Fetching design files from 'sim_1'...
INFO: [USF-XSim-2] XSim::Compile design
INFO: [USF-XSim-61] Executing 'COMPILE and ANALYZE' step in 'C:/Users/IBM/Desktop/CA_Labs_MyrahHussain_RomaisaShazad/CA_Labs_MyrahHussain_RomaisaShazad/All_CA_Labs/All_CA_Labs.sim/sim_1/behav/xsim'
"xvlog --incr --relax -prj tb_lab11_task1_vlog.prj"
INFO: [VRFC 10-2263] Analyzing Verilog file "C:/Users/IBM/Desktop/CA_Labs_MyrahHussain_RomaisaShazad/CA_Labs_MyrahHussain_RomaisaShazad/All_CA_Labs/All_CA_Labs.srcs/sources_1/new/ALUControl.v" into library xil_defaultlib
INFO: [VRFC 10-311] analyzing module ALUControl
INFO: [VRFC 10-2263] Analyzing Verilog file "C:/Users/IBM/Desktop/CA_Labs_MyrahHussain_RomaisaShazad/CA_Labs_MyrahHussain_RomaisaShazad/All_CA_Labs/All_CA_Labs.srcs/sources_1/new/AddressDecoder.v" into library xil_defaultlib
INFO: [VRFC 10-311] analyzing module AddressDecoder
INFO: [VRFC 10-2263] Analyzing Verilog file "C:/Users/IBM/Desktop/CA_Labs_MyrahHussain_RomaisaShazad/CA_Labs_MyrahHussain_RomaisaShazad/All_CA_Labs/All_CA_Labs.srcs/sources_1/new/AddressDecoderTop.v" into library xil_defaultlib
INFO: [VRFC 10-311] analyzing module AddressDecoderTOP
INFO: [VRFC 10-2263] Analyzing Verilog file "C:/Users/IBM/Desktop/CA_Labs_MyrahHussain_RomaisaShazad/CA_Labs_MyrahHussain_RomaisaShazad/All_CA_Labs/All_CA_Labs.srcs/sources_1/new/DataMemory.v" into library xil_defaultlib
INFO: [VRFC 10-311] analyzing module DataMemory
INFO: [VRFC 10-2263] Analyzing Verilog file "C:/Users/IBM/Desktop/CA_Labs_MyrahHussain_RomaisaShazad/CA_Labs_MyrahHussain_RomaisaShazad/All_CA_Labs/All_CA_Labs.srcs/sources_1/new/Lab08_FSM.v" into library xil_defaultlib
INFO: [VRFC 10-311] analyzing module Lab08_FSM
INFO: [VRFC 10-2263] Analyzing Verilog file "C:/Users/IBM/Desktop/CA_Labs_MyrahHussain_RomaisaShazad/CA_Labs_MyrahHussain_RomaisaShazad/All_CA_Labs/All_CA_Labs.srcs/sources_1/new/Lab08_top.v" into library xil_defaultlib
INFO: [VRFC 10-311] analyzing module top_lab8
INFO: [VRFC 10-2263] Analyzing Verilog file "C:/Users/IBM/Desktop/CA_Labs_MyrahHussain_RomaisaShazad/CA_Labs_MyrahHussain_RomaisaShazad/All_CA_Labs/All_CA_Labs.srcs/sources_1/new/MainControl.v" into library xil_defaultlib
INFO: [VRFC 10-311] analyzing module MainControl
INFO: [VRFC 10-2263] Analyzing Verilog file "C:/Users/IBM/Desktop/CA_Labs_MyrahHussain_RomaisaShazad/CA_Labs_MyrahHussain_RomaisaShazad/All_CA_Labs/All_CA_Labs.srcs/sources_1/new/debouncer.v" into library xil_defaultlib
INFO: [VRFC 10-311] analyzing module debouncer
INFO: [VRFC 10-2263] Analyzing Verilog file "C:/Users/IBM/Desktop/CA_Labs_MyrahHussain_RomaisaShazad/CA_Labs_MyrahHussain_RomaisaShazad/All_CA_Labs/All_CA_Labs.srcs/sources_1/new/leds.v" into library xil_defaultlib
INFO: [VRFC 10-311] analyzing module leds
INFO: [VRFC 10-2263] Analyzing Verilog file "C:/Users/IBM/Desktop/CA_Labs_MyrahHussain_RomaisaShazad/CA_Labs_MyrahHussain_RomaisaShazad/All_CA_Labs/All_CA_Labs.srcs/sources_1/new/switches.v" into library xil_defaultlib
INFO: [VRFC 10-311] analyzing module switches
INFO: [VRFC 10-2263] Analyzing Verilog file "C:/Users/IBM/Desktop/CA_Labs_MyrahHussain_RomaisaShazad/CA_Labs_MyrahHussain_RomaisaShazad/All_CA_Labs/All_CA_Labs.srcs/sources_1/new/top_lab09.v" into library xil_defaultlib
INFO: [VRFC 10-311] analyzing module top_lab09
INFO: [VRFC 10-2263] Analyzing Verilog file "C:/Users/IBM/Desktop/CA_Labs_MyrahHussain_RomaisaShazad/CA_Labs_MyrahHussain_RomaisaShazad/All_CA_Labs/All_CA_Labs.srcs/sim_1/new/tb_lab09.v" into library xil_defaultlib
INFO: [VRFC 10-311] analyzing module tb_lab09
INFO: [VRFC 10-2263] Analyzing Verilog file "C:/Users/IBM/Desktop/CA_Labs_MyrahHussain_RomaisaShazad/CA_Labs_MyrahHussain_RomaisaShazad/All_CA_Labs/All_CA_Labs.srcs/sim_1/new/MemorySystem_tb.v" into library xil_defaultlib
INFO: [VRFC 10-311] analyzing module MemorySystem_tb
INFO: [USF-XSim-69] 'compile' step finished in '2' seconds
INFO: [USF-XSim-3] XSim::Elaborate design
INFO: [USF-XSim-61] Executing 'ELABORATE' step in 'C:/Users/IBM/Desktop/CA_Labs_MyrahHussain_RomaisaShazad/CA_Labs_MyrahHussain_RomaisaShazad/All_CA_Labs/All_CA_Labs.sim/sim_1/behav/xsim'
"xelab -wto 10d31688e6854bf7bbaf7dc3b0d28415 --incr --debug typical --relax --mt 2 -L xil_defaultlib -L unisims_ver -L unimacro_ver -L secureip --snapshot tb_lab11_task1_behav xil_defaultlib.tb_lab11_task1 xil_defaultlib.glbl -log elaborate.log"
Vivado Simulator 2020.1
Copyright 1986-1999, 2001-2020 Xilinx, Inc. All Rights Reserved.
Running: E:/Xilinx/Vivado/2020.1/bin/unwrapped/win64.o/xelab.exe -wto 10d31688e6854bf7bbaf7dc3b0d28415 --incr --debug typical --relax --mt 2 -L xil_defaultlib -L unisims_ver -L unimacro_ver -L secureip --snapshot tb_lab11_task1_behav xil_defaultlib.tb_lab11_task1 xil_defaultlib.glbl -log elaborate.log 
Using 2 slave threads.
Starting static elaboration
Pass Through NonSizing Optimizer
ERROR: [VRFC 10-2989] 'tb_task1' is not declared [C:/Users/IBM/Desktop/CA_Labs_MyrahHussain_RomaisaShazad/CA_Labs_MyrahHussain_RomaisaShazad/All_CA_Labs/All_CA_Labs.srcs/sim_1/new/tb_lab11_task1.v:22]
ERROR: [XSIM 43-3322] Static elaboration of top level Verilog design unit(s) in library work failed.
INFO: [USF-XSim-69] 'elaborate' step finished in '2' seconds
INFO: [USF-XSim-99] Step results log file:'C:/Users/IBM/Desktop/CA_Labs_MyrahHussain_RomaisaShazad/CA_Labs_MyrahHussain_RomaisaShazad/All_CA_Labs/All_CA_Labs.sim/sim_1/behav/xsim/elaborate.log'
ERROR: [USF-XSim-62] 'elaborate' step failed with error(s). Please check the Tcl console output or 'C:/Users/IBM/Desktop/CA_Labs_MyrahHussain_RomaisaShazad/CA_Labs_MyrahHussain_RomaisaShazad/All_CA_Labs/All_CA_Labs.sim/sim_1/behav/xsim/elaborate.log' file for more information.
ERROR: [Vivado 12-4473] Detected error while running simulation. Please correct the issue and retry this operation.
ERROR: [Common 17-39] 'launch_simulation' failed due to earlier errors.
launch_simulation
Command: launch_simulation 
INFO: [Vivado 12-5682] Launching behavioral simulation in 'C:/Users/IBM/Desktop/CA_Labs_MyrahHussain_RomaisaShazad/CA_Labs_MyrahHussain_RomaisaShazad/All_CA_Labs/All_CA_Labs.sim/sim_1/behav/xsim'
INFO: [SIM-utils-51] Simulation object is 'sim_1'
INFO: [SIM-utils-54] Inspecting design source files for 'tb_lab11_task1' in fileset 'sim_1'...
INFO: [SIM-utils-43] Exported 'C:/Users/IBM/Desktop/CA_Labs_MyrahHussain_RomaisaShazad/CA_Labs_MyrahHussain_RomaisaShazad/All_CA_Labs/All_CA_Labs.sim/sim_1/behav/xsim/instruction.mem'
INFO: [USF-XSim-97] Finding global include files...
INFO: [USF-XSim-100] Fetching design files from 'sources_1'...(this may take a while)...
INFO: [USF-XSim-101] Fetching design files from 'sim_1'...
INFO: [USF-XSim-2] XSim::Compile design
INFO: [USF-XSim-61] Executing 'COMPILE and ANALYZE' step in 'C:/Users/IBM/Desktop/CA_Labs_MyrahHussain_RomaisaShazad/CA_Labs_MyrahHussain_RomaisaShazad/All_CA_Labs/All_CA_Labs.sim/sim_1/behav/xsim'
"xvlog --incr --relax -prj tb_lab11_task1_vlog.prj"
INFO: [VRFC 10-2263] Analyzing Verilog file "C:/Users/IBM/Desktop/CA_Labs_MyrahHussain_RomaisaShazad/CA_Labs_MyrahHussain_RomaisaShazad/All_CA_Labs/All_CA_Labs.srcs/sources_1/new/ALUControl.v" into library xil_defaultlib
INFO: [VRFC 10-311] analyzing module ALUControl
INFO: [VRFC 10-2263] Analyzing Verilog file "C:/Users/IBM/Desktop/CA_Labs_MyrahHussain_RomaisaShazad/CA_Labs_MyrahHussain_RomaisaShazad/All_CA_Labs/All_CA_Labs.srcs/sources_1/new/AddressDecoder.v" into library xil_defaultlib
INFO: [VRFC 10-311] analyzing module AddressDecoder
INFO: [VRFC 10-2263] Analyzing Verilog file "C:/Users/IBM/Desktop/CA_Labs_MyrahHussain_RomaisaShazad/CA_Labs_MyrahHussain_RomaisaShazad/All_CA_Labs/All_CA_Labs.srcs/sources_1/new/AddressDecoderTop.v" into library xil_defaultlib
INFO: [VRFC 10-311] analyzing module AddressDecoderTOP
INFO: [VRFC 10-2263] Analyzing Verilog file "C:/Users/IBM/Desktop/CA_Labs_MyrahHussain_RomaisaShazad/CA_Labs_MyrahHussain_RomaisaShazad/All_CA_Labs/All_CA_Labs.srcs/sources_1/new/DataMemory.v" into library xil_defaultlib
INFO: [VRFC 10-311] analyzing module DataMemory
INFO: [VRFC 10-2263] Analyzing Verilog file "C:/Users/IBM/Desktop/CA_Labs_MyrahHussain_RomaisaShazad/CA_Labs_MyrahHussain_RomaisaShazad/All_CA_Labs/All_CA_Labs.srcs/sources_1/new/Lab08_FSM.v" into library xil_defaultlib
INFO: [VRFC 10-311] analyzing module Lab08_FSM
INFO: [VRFC 10-2263] Analyzing Verilog file "C:/Users/IBM/Desktop/CA_Labs_MyrahHussain_RomaisaShazad/CA_Labs_MyrahHussain_RomaisaShazad/All_CA_Labs/All_CA_Labs.srcs/sources_1/new/Lab08_top.v" into library xil_defaultlib
INFO: [VRFC 10-311] analyzing module top_lab8
INFO: [VRFC 10-2263] Analyzing Verilog file "C:/Users/IBM/Desktop/CA_Labs_MyrahHussain_RomaisaShazad/CA_Labs_MyrahHussain_RomaisaShazad/All_CA_Labs/All_CA_Labs.srcs/sources_1/new/MainControl.v" into library xil_defaultlib
INFO: [VRFC 10-311] analyzing module MainControl
INFO: [VRFC 10-2263] Analyzing Verilog file "C:/Users/IBM/Desktop/CA_Labs_MyrahHussain_RomaisaShazad/CA_Labs_MyrahHussain_RomaisaShazad/All_CA_Labs/All_CA_Labs.srcs/sources_1/new/ProgramCounter.v" into library xil_defaultlib
INFO: [VRFC 10-311] analyzing module ProgramCounter
INFO: [VRFC 10-2263] Analyzing Verilog file "C:/Users/IBM/Desktop/CA_Labs_MyrahHussain_RomaisaShazad/CA_Labs_MyrahHussain_RomaisaShazad/All_CA_Labs/All_CA_Labs.srcs/sources_1/new/branchAdder.v" into library xil_defaultlib
INFO: [VRFC 10-311] analyzing module branchAdder
INFO: [VRFC 10-2263] Analyzing Verilog file "C:/Users/IBM/Desktop/CA_Labs_MyrahHussain_RomaisaShazad/CA_Labs_MyrahHussain_RomaisaShazad/All_CA_Labs/All_CA_Labs.srcs/sources_1/new/debouncer.v" into library xil_defaultlib
INFO: [VRFC 10-311] analyzing module debouncer
INFO: [VRFC 10-2263] Analyzing Verilog file "C:/Users/IBM/Desktop/CA_Labs_MyrahHussain_RomaisaShazad/CA_Labs_MyrahHussain_RomaisaShazad/All_CA_Labs/All_CA_Labs.srcs/sources_1/new/immGen.v" into library xil_defaultlib
INFO: [VRFC 10-311] analyzing module immGen
INFO: [VRFC 10-2263] Analyzing Verilog file "C:/Users/IBM/Desktop/CA_Labs_MyrahHussain_RomaisaShazad/CA_Labs_MyrahHussain_RomaisaShazad/All_CA_Labs/All_CA_Labs.srcs/sources_1/new/leds.v" into library xil_defaultlib
INFO: [VRFC 10-311] analyzing module leds
INFO: [VRFC 10-2263] Analyzing Verilog file "C:/Users/IBM/Desktop/CA_Labs_MyrahHussain_RomaisaShazad/CA_Labs_MyrahHussain_RomaisaShazad/All_CA_Labs/All_CA_Labs.srcs/sources_1/new/mux2.v" into library xil_defaultlib
INFO: [VRFC 10-311] analyzing module mux2
INFO: [VRFC 10-2263] Analyzing Verilog file "C:/Users/IBM/Desktop/CA_Labs_MyrahHussain_RomaisaShazad/CA_Labs_MyrahHussain_RomaisaShazad/All_CA_Labs/All_CA_Labs.srcs/sources_1/new/pcAdder.v" into library xil_defaultlib
INFO: [VRFC 10-311] analyzing module pcAdder
INFO: [VRFC 10-2263] Analyzing Verilog file "C:/Users/IBM/Desktop/CA_Labs_MyrahHussain_RomaisaShazad/CA_Labs_MyrahHussain_RomaisaShazad/All_CA_Labs/All_CA_Labs.srcs/sources_1/new/switches.v" into library xil_defaultlib
INFO: [VRFC 10-311] analyzing module switches
INFO: [VRFC 10-2263] Analyzing Verilog file "C:/Users/IBM/Desktop/CA_Labs_MyrahHussain_RomaisaShazad/CA_Labs_MyrahHussain_RomaisaShazad/All_CA_Labs/All_CA_Labs.srcs/sources_1/new/top_lab09.v" into library xil_defaultlib
INFO: [VRFC 10-311] analyzing module top_lab09
INFO: [VRFC 10-2263] Analyzing Verilog file "C:/Users/IBM/Desktop/CA_Labs_MyrahHussain_RomaisaShazad/CA_Labs_MyrahHussain_RomaisaShazad/All_CA_Labs/All_CA_Labs.srcs/sim_1/new/tb_lab11_task1.v" into library xil_defaultlib
INFO: [VRFC 10-311] analyzing module tb_lab11_task1
INFO: [VRFC 10-2263] Analyzing Verilog file "C:/Users/IBM/Desktop/CA_Labs_MyrahHussain_RomaisaShazad/CA_Labs_MyrahHussain_RomaisaShazad/All_CA_Labs/All_CA_Labs.srcs/sim_1/new/tb_lab09.v" into library xil_defaultlib
INFO: [VRFC 10-311] analyzing module tb_lab09
INFO: [VRFC 10-2263] Analyzing Verilog file "C:/Users/IBM/Desktop/CA_Labs_MyrahHussain_RomaisaShazad/CA_Labs_MyrahHussain_RomaisaShazad/All_CA_Labs/All_CA_Labs.srcs/sim_1/new/MemorySystem_tb.v" into library xil_defaultlib
INFO: [VRFC 10-311] analyzing module MemorySystem_tb
INFO: [USF-XSim-69] 'compile' step finished in '3' seconds
INFO: [USF-XSim-3] XSim::Elaborate design
INFO: [USF-XSim-61] Executing 'ELABORATE' step in 'C:/Users/IBM/Desktop/CA_Labs_MyrahHussain_RomaisaShazad/CA_Labs_MyrahHussain_RomaisaShazad/All_CA_Labs/All_CA_Labs.sim/sim_1/behav/xsim'
"xelab -wto 10d31688e6854bf7bbaf7dc3b0d28415 --incr --debug typical --relax --mt 2 -L xil_defaultlib -L unisims_ver -L unimacro_ver -L secureip --snapshot tb_lab11_task1_behav xil_defaultlib.tb_lab11_task1 xil_defaultlib.glbl -log elaborate.log"
Vivado Simulator 2020.1
Copyright 1986-1999, 2001-2020 Xilinx, Inc. All Rights Reserved.
Running: E:/Xilinx/Vivado/2020.1/bin/unwrapped/win64.o/xelab.exe -wto 10d31688e6854bf7bbaf7dc3b0d28415 --incr --debug typical --relax --mt 2 -L xil_defaultlib -L unisims_ver -L unimacro_ver -L secureip --snapshot tb_lab11_task1_behav xil_defaultlib.tb_lab11_task1 xil_defaultlib.glbl -log elaborate.log 
Using 2 slave threads.
Starting static elaboration
Pass Through NonSizing Optimizer
ERROR: [VRFC 10-2989] 'tb_lab11_task11' is not declared [C:/Users/IBM/Desktop/CA_Labs_MyrahHussain_RomaisaShazad/CA_Labs_MyrahHussain_RomaisaShazad/All_CA_Labs/All_CA_Labs.srcs/sim_1/new/tb_lab11_task1.v:22]
ERROR: [XSIM 43-3322] Static elaboration of top level Verilog design unit(s) in library work failed.
INFO: [USF-XSim-69] 'elaborate' step finished in '3' seconds
INFO: [USF-XSim-99] Step results log file:'C:/Users/IBM/Desktop/CA_Labs_MyrahHussain_RomaisaShazad/CA_Labs_MyrahHussain_RomaisaShazad/All_CA_Labs/All_CA_Labs.sim/sim_1/behav/xsim/elaborate.log'
ERROR: [USF-XSim-62] 'elaborate' step failed with error(s). Please check the Tcl console output or 'C:/Users/IBM/Desktop/CA_Labs_MyrahHussain_RomaisaShazad/CA_Labs_MyrahHussain_RomaisaShazad/All_CA_Labs/All_CA_Labs.sim/sim_1/behav/xsim/elaborate.log' file for more information.
ERROR: [Vivado 12-4473] Detected error while running simulation. Please correct the issue and retry this operation.
launch_simulation: Time (s): cpu = 00:00:01 ; elapsed = 00:00:06 . Memory (MB): peak = 1026.840 ; gain = 0.000
ERROR: [Common 17-39] 'launch_simulation' failed due to earlier errors.
exec notepad C:/Users/IBM/Desktop/CA_Labs_MyrahHussain_Romaisa
launch_simulation
Command: launch_simulation 
INFO: [Vivado 12-5682] Launching behavioral simulation in 'C:/Users/IBM/Desktop/CA_Labs_MyrahHussain_RomaisaShazad/CA_Labs_MyrahHussain_RomaisaShazad/All_CA_Labs/All_CA_Labs.sim/sim_1/behav/xsim'
INFO: [SIM-utils-51] Simulation object is 'sim_1'
INFO: [SIM-utils-54] Inspecting design source files for 'tb_lab11_task1' in fileset 'sim_1'...
INFO: [SIM-utils-43] Exported 'C:/Users/IBM/Desktop/CA_Labs_MyrahHussain_RomaisaShazad/CA_Labs_MyrahHussain_RomaisaShazad/All_CA_Labs/All_CA_Labs.sim/sim_1/behav/xsim/instruction.mem'
INFO: [USF-XSim-97] Finding global include files...
INFO: [USF-XSim-100] Fetching design files from 'sources_1'...(this may take a while)...
INFO: [USF-XSim-101] Fetching design files from 'sim_1'...
INFO: [USF-XSim-2] XSim::Compile design
INFO: [USF-XSim-61] Executing 'COMPILE and ANALYZE' step in 'C:/Users/IBM/Desktop/CA_Labs_MyrahHussain_RomaisaShazad/CA_Labs_MyrahHussain_RomaisaShazad/All_CA_Labs/All_CA_Labs.sim/sim_1/behav/xsim'
"xvlog --incr --relax -prj tb_lab11_task1_vlog.prj"
INFO: [VRFC 10-2263] Analyzing Verilog file "C:/Users/IBM/Desktop/CA_Labs_MyrahHussain_RomaisaShazad/CA_Labs_MyrahHussain_RomaisaShazad/All_CA_Labs/All_CA_Labs.srcs/sources_1/new/ALUControl.v" into library xil_defaultlib
INFO: [VRFC 10-311] analyzing module ALUControl
INFO: [VRFC 10-2263] Analyzing Verilog file "C:/Users/IBM/Desktop/CA_Labs_MyrahHussain_RomaisaShazad/CA_Labs_MyrahHussain_RomaisaShazad/All_CA_Labs/All_CA_Labs.srcs/sources_1/new/AddressDecoder.v" into library xil_defaultlib
INFO: [VRFC 10-311] analyzing module AddressDecoder
INFO: [VRFC 10-2263] Analyzing Verilog file "C:/Users/IBM/Desktop/CA_Labs_MyrahHussain_RomaisaShazad/CA_Labs_MyrahHussain_RomaisaShazad/All_CA_Labs/All_CA_Labs.srcs/sources_1/new/AddressDecoderTop.v" into library xil_defaultlib
INFO: [VRFC 10-311] analyzing module AddressDecoderTOP
INFO: [VRFC 10-2263] Analyzing Verilog file "C:/Users/IBM/Desktop/CA_Labs_MyrahHussain_RomaisaShazad/CA_Labs_MyrahHussain_RomaisaShazad/All_CA_Labs/All_CA_Labs.srcs/sources_1/new/DataMemory.v" into library xil_defaultlib
INFO: [VRFC 10-311] analyzing module DataMemory
INFO: [VRFC 10-2263] Analyzing Verilog file "C:/Users/IBM/Desktop/CA_Labs_MyrahHussain_RomaisaShazad/CA_Labs_MyrahHussain_RomaisaShazad/All_CA_Labs/All_CA_Labs.srcs/sources_1/new/Lab08_FSM.v" into library xil_defaultlib
INFO: [VRFC 10-311] analyzing module Lab08_FSM
INFO: [VRFC 10-2263] Analyzing Verilog file "C:/Users/IBM/Desktop/CA_Labs_MyrahHussain_RomaisaShazad/CA_Labs_MyrahHussain_RomaisaShazad/All_CA_Labs/All_CA_Labs.srcs/sources_1/new/Lab08_top.v" into library xil_defaultlib
INFO: [VRFC 10-311] analyzing module top_lab8
INFO: [VRFC 10-2263] Analyzing Verilog file "C:/Users/IBM/Desktop/CA_Labs_MyrahHussain_RomaisaShazad/CA_Labs_MyrahHussain_RomaisaShazad/All_CA_Labs/All_CA_Labs.srcs/sources_1/new/MainControl.v" into library xil_defaultlib
INFO: [VRFC 10-311] analyzing module MainControl
INFO: [VRFC 10-2263] Analyzing Verilog file "C:/Users/IBM/Desktop/CA_Labs_MyrahHussain_RomaisaShazad/CA_Labs_MyrahHussain_RomaisaShazad/All_CA_Labs/All_CA_Labs.srcs/sources_1/new/ProgramCounter.v" into library xil_defaultlib
INFO: [VRFC 10-311] analyzing module ProgramCounter
INFO: [VRFC 10-2263] Analyzing Verilog file "C:/Users/IBM/Desktop/CA_Labs_MyrahHussain_RomaisaShazad/CA_Labs_MyrahHussain_RomaisaShazad/All_CA_Labs/All_CA_Labs.srcs/sources_1/new/branchAdder.v" into library xil_defaultlib
INFO: [VRFC 10-311] analyzing module branchAdder
INFO: [VRFC 10-2263] Analyzing Verilog file "C:/Users/IBM/Desktop/CA_Labs_MyrahHussain_RomaisaShazad/CA_Labs_MyrahHussain_RomaisaShazad/All_CA_Labs/All_CA_Labs.srcs/sources_1/new/debouncer.v" into library xil_defaultlib
INFO: [VRFC 10-311] analyzing module debouncer
INFO: [VRFC 10-2263] Analyzing Verilog file "C:/Users/IBM/Desktop/CA_Labs_MyrahHussain_RomaisaShazad/CA_Labs_MyrahHussain_RomaisaShazad/All_CA_Labs/All_CA_Labs.srcs/sources_1/new/immGen.v" into library xil_defaultlib
INFO: [VRFC 10-311] analyzing module immGen
INFO: [VRFC 10-2263] Analyzing Verilog file "C:/Users/IBM/Desktop/CA_Labs_MyrahHussain_RomaisaShazad/CA_Labs_MyrahHussain_RomaisaShazad/All_CA_Labs/All_CA_Labs.srcs/sources_1/new/leds.v" into library xil_defaultlib
INFO: [VRFC 10-311] analyzing module leds
INFO: [VRFC 10-2263] Analyzing Verilog file "C:/Users/IBM/Desktop/CA_Labs_MyrahHussain_RomaisaShazad/CA_Labs_MyrahHussain_RomaisaShazad/All_CA_Labs/All_CA_Labs.srcs/sources_1/new/mux2.v" into library xil_defaultlib
INFO: [VRFC 10-311] analyzing module mux2
INFO: [VRFC 10-2263] Analyzing Verilog file "C:/Users/IBM/Desktop/CA_Labs_MyrahHussain_RomaisaShazad/CA_Labs_MyrahHussain_RomaisaShazad/All_CA_Labs/All_CA_Labs.srcs/sources_1/new/pcAdder.v" into library xil_defaultlib
INFO: [VRFC 10-311] analyzing module pcAdder
INFO: [VRFC 10-2263] Analyzing Verilog file "C:/Users/IBM/Desktop/CA_Labs_MyrahHussain_RomaisaShazad/CA_Labs_MyrahHussain_RomaisaShazad/All_CA_Labs/All_CA_Labs.srcs/sources_1/new/switches.v" into library xil_defaultlib
INFO: [VRFC 10-311] analyzing module switches
INFO: [VRFC 10-2263] Analyzing Verilog file "C:/Users/IBM/Desktop/CA_Labs_MyrahHussain_RomaisaShazad/CA_Labs_MyrahHussain_RomaisaShazad/All_CA_Labs/All_CA_Labs.srcs/sources_1/new/top_lab09.v" into library xil_defaultlib
INFO: [VRFC 10-311] analyzing module top_lab09
INFO: [VRFC 10-2263] Analyzing Verilog file "C:/Users/IBM/Desktop/CA_Labs_MyrahHussain_RomaisaShazad/CA_Labs_MyrahHussain_RomaisaShazad/All_CA_Labs/All_CA_Labs.srcs/sim_1/new/tb_lab11_task1.v" into library xil_defaultlib
INFO: [VRFC 10-311] analyzing module tb_lab11_task1
INFO: [VRFC 10-2263] Analyzing Verilog file "C:/Users/IBM/Desktop/CA_Labs_MyrahHussain_RomaisaShazad/CA_Labs_MyrahHussain_RomaisaShazad/All_CA_Labs/All_CA_Labs.srcs/sim_1/new/tb_lab09.v" into library xil_defaultlib
INFO: [VRFC 10-311] analyzing module tb_lab09
INFO: [VRFC 10-2263] Analyzing Verilog file "C:/Users/IBM/Desktop/CA_Labs_MyrahHussain_RomaisaShazad/CA_Labs_MyrahHussain_RomaisaShazad/All_CA_Labs/All_CA_Labs.srcs/sim_1/new/MemorySystem_tb.v" into library xil_defaultlib
INFO: [VRFC 10-311] analyzing module MemorySystem_tb
INFO: [USF-XSim-69] 'compile' step finished in '3' seconds
INFO: [USF-XSim-3] XSim::Elaborate design
INFO: [USF-XSim-61] Executing 'ELABORATE' step in 'C:/Users/IBM/Desktop/CA_Labs_MyrahHussain_RomaisaShazad/CA_Labs_MyrahHussain_RomaisaShazad/All_CA_Labs/All_CA_Labs.sim/sim_1/behav/xsim'
"xelab -wto 10d31688e6854bf7bbaf7dc3b0d28415 --incr --debug typical --relax --mt 2 -L xil_defaultlib -L unisims_ver -L unimacro_ver -L secureip --snapshot tb_lab11_task1_behav xil_defaultlib.tb_lab11_task1 xil_defaultlib.glbl -log elaborate.log"
Vivado Simulator 2020.1
Copyright 1986-1999, 2001-2020 Xilinx, Inc. All Rights Reserved.
Running: E:/Xilinx/Vivado/2020.1/bin/unwrapped/win64.o/xelab.exe -wto 10d31688e6854bf7bbaf7dc3b0d28415 --incr --debug typical --relax --mt 2 -L xil_defaultlib -L unisims_ver -L unimacro_ver -L secureip --snapshot tb_lab11_task1_behav xil_defaultlib.tb_lab11_task1 xil_defaultlib.glbl -log elaborate.log 
Using 2 slave threads.
Starting static elaboration
Pass Through NonSizing Optimizer
Completed static elaboration
Starting simulation data flow analysis
Completed simulation data flow analysis
Time Resolution for simulation is 1ps
Compiling module xil_defaultlib.ProgramCounter
Compiling module xil_defaultlib.pcAdder
Compiling module xil_defaultlib.immGen
Compiling module xil_defaultlib.branchAdder
Compiling module xil_defaultlib.mux2
Compiling module xil_defaultlib.tb_lab11_task1
Compiling module xil_defaultlib.glbl
Built simulation snapshot tb_lab11_task1_behav

****** Webtalk v2020.1 (64-bit)
  **** SW Build 2902540 on Wed May 27 19:54:49 MDT 2020
  **** IP Build 2902112 on Wed May 27 22:43:36 MDT 2020
    ** Copyright 1986-2020 Xilinx, Inc. All Rights Reserved.

source C:/Users/IBM/Desktop/CA_Labs_MyrahHussain_RomaisaShazad/CA_Labs_MyrahHussain_RomaisaShazad/All_CA_Labs/All_CA_Labs.sim/sim_1/behav/xsim/xsim.dir/tb_lab11_task1_behav/webtalk/xsim_webtalk.tcl -notrace
INFO: [Common 17-206] Exiting Webtalk at Mon Apr 13 02:10:41 2026...
run_program: Time (s): cpu = 00:00:00 ; elapsed = 00:00:07 . Memory (MB): peak = 1026.840 ; gain = 0.000
INFO: [USF-XSim-69] 'elaborate' step finished in '7' seconds
INFO: [USF-XSim-4] XSim::Simulate design
INFO: [USF-XSim-61] Executing 'SIMULATE' step in 'C:/Users/IBM/Desktop/CA_Labs_MyrahHussain_RomaisaShazad/CA_Labs_MyrahHussain_RomaisaShazad/All_CA_Labs/All_CA_Labs.sim/sim_1/behav/xsim'
INFO: [USF-XSim-98] *** Running xsim
   with args "tb_lab11_task1_behav -key {Behavioral:sim_1:Functional:tb_lab11_task1} -tclbatch {tb_lab11_task1.tcl} -log {simulate.log}"
INFO: [USF-XSim-8] Loading simulator feature
Vivado Simulator 2020.1
Time resolution is 1 ps
source tb_lab11_task1.tcl
# set curr_wave [current_wave_config]
# if { [string length $curr_wave] == 0 } {
#   if { [llength [get_objects]] > 0} {
#     add_wave /
#     set_property needs_save false [current_wave_config]
#   } else {
#      send_msg_id Add_Wave-1 WARNING "No top level signals found. Simulator will start without a wave window. If you want to open a wave window go to 'File->New Waveform Configuration' or type 'create_wave_config' in the TCL console."
#   }
# }
# run 1000ns
PC after 4 cycles (expect 16): 12
I-type imm (expect 5): 5
I-type imm (expect -3): -3
S-type imm (expect 8): 8
B-type imm (expect 4): 32
PC after branch taken (expect 10): 168
$finish called at time : 66 ns : File "C:/Users/IBM/Desktop/CA_Labs_MyrahHussain_RomaisaShazad/CA_Labs_MyrahHussain_RomaisaShazad/All_CA_Labs/All_CA_Labs.srcs/sim_1/new/tb_lab11_task1.v" Line 67
xsim: Time (s): cpu = 00:00:11 ; elapsed = 00:00:08 . Memory (MB): peak = 1026.840 ; gain = 0.000
INFO: [USF-XSim-96] XSim completed. Design snapshot 'tb_lab11_task1_behav' loaded.
INFO: [USF-XSim-97] XSim simulation ran for 1000ns
launch_simulation: Time (s): cpu = 00:00:13 ; elapsed = 00:00:19 . Memory (MB): peak = 1026.840 ; gain = 0.000
close [ open C:/Users/IBM/Desktop/CA_Labs_MyrahHussain_RomaisaShazad/CA_Labs_MyrahHussain_RomaisaShazad/All_CA_Labs/All_CA_Labs.srcs/sources_1/new/TopLevelProcessor.v w ]
add_files C:/Users/IBM/Desktop/CA_Labs_MyrahHussain_RomaisaShazad/CA_Labs_MyrahHussain_RomaisaShazad/All_CA_Labs/All_CA_Labs.srcs/sources_1/new/TopLevelProcessor.v
close [ open C:/Users/IBM/Desktop/CA_Labs_MyrahHussain_RomaisaShazad/CA_Labs_MyrahHussain_RomaisaShazad/All_CA_Labs/All_CA_Labs.srcs/sources_1/new/RegisterFile.v w ]
add_files C:/Users/IBM/Desktop/CA_Labs_MyrahHussain_RomaisaShazad/CA_Labs_MyrahHussain_RomaisaShazad/All_CA_Labs/All_CA_Labs.srcs/sources_1/new/RegisterFile.v
set_property top DataMemory [current_fileset]
set_property top TopLevelProcessor [current_fileset]
set_property is_enabled false [get_files  C:/Users/IBM/Desktop/CA_Labs_MyrahHussain_RomaisaShazad/CA_Labs_MyrahHussain_RomaisaShazad/All_CA_Labs/All_CA_Labs.srcs/sources_1/new/DataMemory.v]
set_property is_enabled true [get_files  C:/Users/IBM/Desktop/CA_Labs_MyrahHussain_RomaisaShazad/CA_Labs_MyrahHussain_RomaisaShazad/All_CA_Labs/All_CA_Labs.srcs/sources_1/new/DataMemory.v]
set_property is_enabled true [get_files  C:/Users/IBM/Desktop/CA_Labs_MyrahHussain_RomaisaShazad/CA_Labs_MyrahHussain_RomaisaShazad/All_CA_Labs/All_CA_Labs.srcs/sources_1/new/instructionMemory.v]
close [ open C:/Users/IBM/Desktop/CA_Labs_MyrahHussain_RomaisaShazad/CA_Labs_MyrahHussain_RomaisaShazad/All_CA_Labs/All_CA_Labs.srcs/sources_1/new/ALU.v w ]
add_files C:/Users/IBM/Desktop/CA_Labs_MyrahHussain_RomaisaShazad/CA_Labs_MyrahHussain_RomaisaShazad/All_CA_Labs/All_CA_Labs.srcs/sources_1/new/ALU.v
close [ open C:/Users/IBM/Desktop/CA_Labs_MyrahHussain_RomaisaShazad/CA_Labs_MyrahHussain_RomaisaShazad/All_CA_Labs/All_CA_Labs.srcs/sources_1/new/ALU_1bit.v w ]
add_files C:/Users/IBM/Desktop/CA_Labs_MyrahHussain_RomaisaShazad/CA_Labs_MyrahHussain_RomaisaShazad/All_CA_Labs/All_CA_Labs.srcs/sources_1/new/ALU_1bit.v
reset_run synth_1
WARNING: [Vivado 12-1017] Problems encountered:
1. Failed to delete one or more files in run directory C:/Users/IBM/Desktop/CA_Labs_MyrahHussain_RomaisaShazad/CA_Labs_MyrahHussain_RomaisaShazad/All_CA_Labs/All_CA_Labs.runs/synth_1

launch_runs synth_1 -jobs 8
[Mon Apr 13 04:54:50 2026] Launched synth_1...
Run output will be captured here: C:/Users/IBM/Desktop/CA_Labs_MyrahHussain_RomaisaShazad/CA_Labs_MyrahHussain_RomaisaShazad/All_CA_Labs/All_CA_Labs.runs/synth_1/runme.log
launch_runs impl_1 -jobs 8
[Mon Apr 13 05:17:34 2026] Launched impl_1...
Run output will be captured here: C:/Users/IBM/Desktop/CA_Labs_MyrahHussain_RomaisaShazad/CA_Labs_MyrahHussain_RomaisaShazad/All_CA_Labs/All_CA_Labs.runs/impl_1/runme.log
open_run impl_1
INFO: [Device 21-403] Loading part xc7a35tcpg236-1
Netlist sorting complete. Time (s): cpu = 00:00:00 ; elapsed = 00:00:00.040 . Memory (MB): peak = 1435.395 ; gain = 0.000
INFO: [Netlist 29-17] Analyzing 1951 Unisim elements for replacement
INFO: [Netlist 29-28] Unisim Transformation completed in 0 CPU seconds
INFO: [Project 1-479] Netlist was created with Vivado 2020.1
INFO: [Project 1-570] Preparing netlist for logic optimization
INFO: [Timing 38-478] Restoring timing data from binary archive.
INFO: [Timing 38-479] Binary timing data restore complete.
INFO: [Project 1-856] Restoring constraints from binary archive.
INFO: [Project 1-853] Binary constraint restore complete.
Reading XDEF placement.
Reading placer database...
Reading XDEF routing.
Read XDEF File: Time (s): cpu = 00:00:01 ; elapsed = 00:00:00.919 . Memory (MB): peak = 1974.555 ; gain = 0.000
Restored from archive | CPU: 1.000000 secs | Memory: 0.000000 MB |
Finished XDEF File Restore: Time (s): cpu = 00:00:01 ; elapsed = 00:00:00.919 . Memory (MB): peak = 1974.555 ; gain = 0.000
Netlist sorting complete. Time (s): cpu = 00:00:00 ; elapsed = 00:00:00.002 . Memory (MB): peak = 1974.555 ; gain = 0.000
INFO: [Project 1-111] Unisim Transformation Summary:
No Unisim elements were transformed.

open_run: Time (s): cpu = 00:00:21 ; elapsed = 00:00:19 . Memory (MB): peak = 2095.965 ; gain = 660.570
CRITICAL WARNING: [Timing 38-282] The design failed to meet the timing requirements. Please see the timing summary report for details on the timing violations.
reset_run synth_1
WARNING: [Vivado 12-1017] Problems encountered:
1. Failed to delete one or more files in run directory C:/Users/IBM/Desktop/CA_Labs_MyrahHussain_RomaisaShazad/CA_Labs_MyrahHussain_RomaisaShazad/All_CA_Labs/All_CA_Labs.runs/synth_1

launch_runs synth_1 -jobs 8
[Mon Apr 13 17:12:44 2026] Launched synth_1...
Run output will be captured here: C:/Users/IBM/Desktop/CA_Labs_MyrahHussain_RomaisaShazad/CA_Labs_MyrahHussain_RomaisaShazad/All_CA_Labs/All_CA_Labs.runs/synth_1/runme.log
launch_runs impl_1 -jobs 8
[Mon Apr 13 17:22:56 2026] Launched impl_1...
Run output will be captured here: C:/Users/IBM/Desktop/CA_Labs_MyrahHussain_RomaisaShazad/CA_Labs_MyrahHussain_RomaisaShazad/All_CA_Labs/All_CA_Labs.runs/impl_1/runme.log
reset_run synth_1
WARNING: [Vivado 12-1017] Problems encountered:
1. Failed to delete one or more files in run directory C:/Users/IBM/Desktop/CA_Labs_MyrahHussain_RomaisaShazad/CA_Labs_MyrahHussain_RomaisaShazad/All_CA_Labs/All_CA_Labs.runs/synth_1

launch_runs synth_1 -jobs 8
[Sat Apr 18 23:59:40 2026] Launched synth_1...
Run output will be captured here: C:/Users/IBM/Desktop/CA_Labs_MyrahHussain_RomaisaShazad/CA_Labs_MyrahHussain_RomaisaShazad/All_CA_Labs/All_CA_Labs.runs/synth_1/runme.log
launch_runs impl_1 -jobs 8
[Sun Apr 19 00:10:32 2026] Launched impl_1...
Run output will be captured here: C:/Users/IBM/Desktop/CA_Labs_MyrahHussain_RomaisaShazad/CA_Labs_MyrahHussain_RomaisaShazad/All_CA_Labs/All_CA_Labs.runs/impl_1/runme.log
close_design
close_design: Time (s): cpu = 00:00:12 ; elapsed = 00:00:16 . Memory (MB): peak = 2810.465 ; gain = 9.797
reset_run impl_1
launch_runs impl_1 -jobs 8
[Sun Apr 19 00:26:49 2026] Launched impl_1...
Run output will be captured here: C:/Users/IBM/Desktop/CA_Labs_MyrahHussain_RomaisaShazad/CA_Labs_MyrahHussain_RomaisaShazad/All_CA_Labs/All_CA_Labs.runs/impl_1/runme.log
open_run impl_1
Netlist sorting complete. Time (s): cpu = 00:00:00 ; elapsed = 00:00:00.077 . Memory (MB): peak = 2810.465 ; gain = 0.000
INFO: [Netlist 29-17] Analyzing 1940 Unisim elements for replacement
INFO: [Netlist 29-28] Unisim Transformation completed in 0 CPU seconds
INFO: [Project 1-479] Netlist was created with Vivado 2020.1
INFO: [Project 1-570] Preparing netlist for logic optimization
INFO: [Timing 38-478] Restoring timing data from binary archive.
INFO: [Timing 38-479] Binary timing data restore complete.
INFO: [Project 1-856] Restoring constraints from binary archive.
INFO: [Project 1-853] Binary constraint restore complete.
Reading XDEF placement.
Reading placer database...
Reading XDEF routing.
Read XDEF File: Time (s): cpu = 00:00:02 ; elapsed = 00:00:02 . Memory (MB): peak = 2810.465 ; gain = 0.000
Restored from archive | CPU: 2.000000 secs | Memory: 0.000000 MB |
Finished XDEF File Restore: Time (s): cpu = 00:00:02 ; elapsed = 00:00:02 . Memory (MB): peak = 2810.465 ; gain = 0.000
Netlist sorting complete. Time (s): cpu = 00:00:00 ; elapsed = 00:00:00.005 . Memory (MB): peak = 2810.465 ; gain = 0.000
INFO: [Project 1-111] Unisim Transformation Summary:
No Unisim elements were transformed.

open_run: Time (s): cpu = 00:00:11 ; elapsed = 00:00:10 . Memory (MB): peak = 2810.465 ; gain = 0.000
CRITICAL WARNING: [Timing 38-282] The design failed to meet the timing requirements. Please see the timing summary report for details on the timing violations.
synth_design -rtl -name rtl_1
Command: synth_design -rtl -name rtl_1
Starting synth_design
Using part: xc7a35tcpg236-1
Top: TopLevelProcessor
---------------------------------------------------------------------------------
Starting RTL Elaboration : Time (s): cpu = 00:00:06 ; elapsed = 00:00:07 . Memory (MB): peak = 2810.465 ; gain = 0.000
---------------------------------------------------------------------------------
INFO: [Synth 8-6157] synthesizing module 'TopLevelProcessor' [C:/Users/IBM/Desktop/CA_Labs_MyrahHussain_RomaisaShazad/CA_Labs_MyrahHussain_RomaisaShazad/All_CA_Labs/All_CA_Labs.srcs/sources_1/new/TopLevelProcessor.v:3]
INFO: [Synth 8-6157] synthesizing module 'ProgramCounter' [C:/Users/IBM/Desktop/CA_Labs_MyrahHussain_RomaisaShazad/CA_Labs_MyrahHussain_RomaisaShazad/All_CA_Labs/All_CA_Labs.srcs/sources_1/new/ProgramCounter.v:1]
INFO: [Synth 8-6155] done synthesizing module 'ProgramCounter' (1#1) [C:/Users/IBM/Desktop/CA_Labs_MyrahHussain_RomaisaShazad/CA_Labs_MyrahHussain_RomaisaShazad/All_CA_Labs/All_CA_Labs.srcs/sources_1/new/ProgramCounter.v:1]
INFO: [Synth 8-6157] synthesizing module 'pcAdder' [C:/Users/IBM/Desktop/CA_Labs_MyrahHussain_RomaisaShazad/CA_Labs_MyrahHussain_RomaisaShazad/All_CA_Labs/All_CA_Labs.srcs/sources_1/new/pcAdder.v:2]
INFO: [Synth 8-6155] done synthesizing module 'pcAdder' (2#1) [C:/Users/IBM/Desktop/CA_Labs_MyrahHussain_RomaisaShazad/CA_Labs_MyrahHussain_RomaisaShazad/All_CA_Labs/All_CA_Labs.srcs/sources_1/new/pcAdder.v:2]
INFO: [Synth 8-6157] synthesizing module 'instructionMemory' [C:/Users/IBM/Desktop/CA_Labs_MyrahHussain_RomaisaShazad/CA_Labs_MyrahHussain_RomaisaShazad/All_CA_Labs/All_CA_Labs.srcs/sources_1/new/instructionMemory.v:3]
INFO: [Synth 8-3876] $readmem data file 'instruction.mem' is read successfully [C:/Users/IBM/Desktop/CA_Labs_MyrahHussain_RomaisaShazad/CA_Labs_MyrahHussain_RomaisaShazad/All_CA_Labs/All_CA_Labs.srcs/sources_1/new/instructionMemory.v:10]
INFO: [Synth 8-6155] done synthesizing module 'instructionMemory' (3#1) [C:/Users/IBM/Desktop/CA_Labs_MyrahHussain_RomaisaShazad/CA_Labs_MyrahHussain_RomaisaShazad/All_CA_Labs/All_CA_Labs.srcs/sources_1/new/instructionMemory.v:3]
INFO: [Synth 8-6157] synthesizing module 'MainControl' [C:/Users/IBM/Desktop/CA_Labs_MyrahHussain_RomaisaShazad/CA_Labs_MyrahHussain_RomaisaShazad/All_CA_Labs/All_CA_Labs.srcs/sources_1/new/MainControl.v:10]
	Parameter R_TYPE bound to: 7'b0110011 
	Parameter I_ALU bound to: 7'b0010011 
	Parameter LOAD bound to: 7'b0000011 
	Parameter STORE bound to: 7'b0100011 
	Parameter BRANCH bound to: 7'b1100011 
INFO: [Synth 8-6155] done synthesizing module 'MainControl' (4#1) [C:/Users/IBM/Desktop/CA_Labs_MyrahHussain_RomaisaShazad/CA_Labs_MyrahHussain_RomaisaShazad/All_CA_Labs/All_CA_Labs.srcs/sources_1/new/MainControl.v:10]
INFO: [Synth 8-6157] synthesizing module 'RegisterFile' [C:/Users/IBM/Desktop/CA_Labs_MyrahHussain_RomaisaShazad/CA_Labs_MyrahHussain_RomaisaShazad/All_CA_Labs/All_CA_Labs.srcs/sources_1/new/RegisterFile.v:2]
INFO: [Synth 8-6155] done synthesizing module 'RegisterFile' (5#1) [C:/Users/IBM/Desktop/CA_Labs_MyrahHussain_RomaisaShazad/CA_Labs_MyrahHussain_RomaisaShazad/All_CA_Labs/All_CA_Labs.srcs/sources_1/new/RegisterFile.v:2]
INFO: [Synth 8-6157] synthesizing module 'immGen' [C:/Users/IBM/Desktop/CA_Labs_MyrahHussain_RomaisaShazad/CA_Labs_MyrahHussain_RomaisaShazad/All_CA_Labs/All_CA_Labs.srcs/sources_1/new/immGen.v:2]
INFO: [Synth 8-6155] done synthesizing module 'immGen' (6#1) [C:/Users/IBM/Desktop/CA_Labs_MyrahHussain_RomaisaShazad/CA_Labs_MyrahHussain_RomaisaShazad/All_CA_Labs/All_CA_Labs.srcs/sources_1/new/immGen.v:2]
INFO: [Synth 8-6157] synthesizing module 'mux2' [C:/Users/IBM/Desktop/CA_Labs_MyrahHussain_RomaisaShazad/CA_Labs_MyrahHussain_RomaisaShazad/All_CA_Labs/All_CA_Labs.srcs/sources_1/new/mux2.v:12]
INFO: [Synth 8-6155] done synthesizing module 'mux2' (7#1) [C:/Users/IBM/Desktop/CA_Labs_MyrahHussain_RomaisaShazad/CA_Labs_MyrahHussain_RomaisaShazad/All_CA_Labs/All_CA_Labs.srcs/sources_1/new/mux2.v:12]
INFO: [Synth 8-6157] synthesizing module 'ALUControl' [C:/Users/IBM/Desktop/CA_Labs_MyrahHussain_RomaisaShazad/CA_Labs_MyrahHussain_RomaisaShazad/All_CA_Labs/All_CA_Labs.srcs/sources_1/new/ALUControl.v:11]
INFO: [Synth 8-6155] done synthesizing module 'ALUControl' (8#1) [C:/Users/IBM/Desktop/CA_Labs_MyrahHussain_RomaisaShazad/CA_Labs_MyrahHussain_RomaisaShazad/All_CA_Labs/All_CA_Labs.srcs/sources_1/new/ALUControl.v:11]
INFO: [Synth 8-6157] synthesizing module 'ALU' [C:/Users/IBM/Desktop/CA_Labs_MyrahHussain_RomaisaShazad/CA_Labs_MyrahHussain_RomaisaShazad/All_CA_Labs/All_CA_Labs.srcs/sources_1/new/ALU.v:2]
INFO: [Synth 8-6157] synthesizing module 'ALU_1bit' [C:/Users/IBM/Desktop/CA_Labs_MyrahHussain_RomaisaShazad/CA_Labs_MyrahHussain_RomaisaShazad/All_CA_Labs/All_CA_Labs.srcs/sources_1/new/ALU_1bit.v:2]
INFO: [Synth 8-6155] done synthesizing module 'ALU_1bit' (9#1) [C:/Users/IBM/Desktop/CA_Labs_MyrahHussain_RomaisaShazad/CA_Labs_MyrahHussain_RomaisaShazad/All_CA_Labs/All_CA_Labs.srcs/sources_1/new/ALU_1bit.v:2]
INFO: [Synth 8-6155] done synthesizing module 'ALU' (10#1) [C:/Users/IBM/Desktop/CA_Labs_MyrahHussain_RomaisaShazad/CA_Labs_MyrahHussain_RomaisaShazad/All_CA_Labs/All_CA_Labs.srcs/sources_1/new/ALU.v:2]
INFO: [Synth 8-6157] synthesizing module 'DataMemory' [C:/Users/IBM/Desktop/CA_Labs_MyrahHussain_RomaisaShazad/CA_Labs_MyrahHussain_RomaisaShazad/All_CA_Labs/All_CA_Labs.srcs/sources_1/new/DataMemory.v:2]
INFO: [Synth 8-6155] done synthesizing module 'DataMemory' (11#1) [C:/Users/IBM/Desktop/CA_Labs_MyrahHussain_RomaisaShazad/CA_Labs_MyrahHussain_RomaisaShazad/All_CA_Labs/All_CA_Labs.srcs/sources_1/new/DataMemory.v:2]
INFO: [Synth 8-6157] synthesizing module 'switches' [C:/Users/IBM/Desktop/CA_Labs_MyrahHussain_RomaisaShazad/CA_Labs_MyrahHussain_RomaisaShazad/All_CA_Labs/All_CA_Labs.srcs/sources_1/new/switches.v:4]
INFO: [Synth 8-6155] done synthesizing module 'switches' (12#1) [C:/Users/IBM/Desktop/CA_Labs_MyrahHussain_RomaisaShazad/CA_Labs_MyrahHussain_RomaisaShazad/All_CA_Labs/All_CA_Labs.srcs/sources_1/new/switches.v:4]
INFO: [Synth 8-6157] synthesizing module 'leds' [C:/Users/IBM/Desktop/CA_Labs_MyrahHussain_RomaisaShazad/CA_Labs_MyrahHussain_RomaisaShazad/All_CA_Labs/All_CA_Labs.srcs/sources_1/new/leds.v:3]
INFO: [Synth 8-6155] done synthesizing module 'leds' (13#1) [C:/Users/IBM/Desktop/CA_Labs_MyrahHussain_RomaisaShazad/CA_Labs_MyrahHussain_RomaisaShazad/All_CA_Labs/All_CA_Labs.srcs/sources_1/new/leds.v:3]
INFO: [Synth 8-6157] synthesizing module 'branchAdder' [C:/Users/IBM/Desktop/CA_Labs_MyrahHussain_RomaisaShazad/CA_Labs_MyrahHussain_RomaisaShazad/All_CA_Labs/All_CA_Labs.srcs/sources_1/new/branchAdder.v:13]
INFO: [Synth 8-6155] done synthesizing module 'branchAdder' (14#1) [C:/Users/IBM/Desktop/CA_Labs_MyrahHussain_RomaisaShazad/CA_Labs_MyrahHussain_RomaisaShazad/All_CA_Labs/All_CA_Labs.srcs/sources_1/new/branchAdder.v:13]
INFO: [Synth 8-6155] done synthesizing module 'TopLevelProcessor' (15#1) [C:/Users/IBM/Desktop/CA_Labs_MyrahHussain_RomaisaShazad/CA_Labs_MyrahHussain_RomaisaShazad/All_CA_Labs/All_CA_Labs.srcs/sources_1/new/TopLevelProcessor.v:3]
---------------------------------------------------------------------------------
Finished RTL Elaboration : Time (s): cpu = 00:00:08 ; elapsed = 00:00:10 . Memory (MB): peak = 2810.465 ; gain = 0.000
---------------------------------------------------------------------------------
---------------------------------------------------------------------------------
Start Handling Custom Attributes
---------------------------------------------------------------------------------
---------------------------------------------------------------------------------
Finished Handling Custom Attributes : Time (s): cpu = 00:00:09 ; elapsed = 00:00:11 . Memory (MB): peak = 2810.465 ; gain = 0.000
---------------------------------------------------------------------------------
---------------------------------------------------------------------------------
Finished RTL Optimization Phase 1 : Time (s): cpu = 00:00:09 ; elapsed = 00:00:11 . Memory (MB): peak = 2810.465 ; gain = 0.000
---------------------------------------------------------------------------------
Netlist sorting complete. Time (s): cpu = 00:00:00 ; elapsed = 00:00:00.118 . Memory (MB): peak = 2810.465 ; gain = 0.000
INFO: [Project 1-570] Preparing netlist for logic optimization

Processing XDC Constraints
Initializing timing engine
Parsing XDC File [C:/Users/IBM/Desktop/CA_Labs_MyrahHussain_RomaisaShazad/CA_Labs_MyrahHussain_RomaisaShazad/All_CA_Labs/All_CA_Labs.srcs/constrs_1/new/constrlab8.xdc]
WARNING: [Vivado 12-584] No ports matched 'switches_in[0]'. [C:/Users/IBM/Desktop/CA_Labs_MyrahHussain_RomaisaShazad/CA_Labs_MyrahHussain_RomaisaShazad/All_CA_Labs/All_CA_Labs.srcs/constrs_1/new/constrlab8.xdc:7]
CRITICAL WARNING: [Common 17-55] 'set_property' expects at least one object. [C:/Users/IBM/Desktop/CA_Labs_MyrahHussain_RomaisaShazad/CA_Labs_MyrahHussain_RomaisaShazad/All_CA_Labs/All_CA_Labs.srcs/constrs_1/new/constrlab8.xdc:7]
Resolution: If [get_<value>] was used to populate the object, check to make sure this command returns at least one valid object.
WARNING: [Vivado 12-584] No ports matched 'switches_in[0]'. [C:/Users/IBM/Desktop/CA_Labs_MyrahHussain_RomaisaShazad/CA_Labs_MyrahHussain_RomaisaShazad/All_CA_Labs/All_CA_Labs.srcs/constrs_1/new/constrlab8.xdc:8]
CRITICAL WARNING: [Common 17-55] 'set_property' expects at least one object. [C:/Users/IBM/Desktop/CA_Labs_MyrahHussain_RomaisaShazad/CA_Labs_MyrahHussain_RomaisaShazad/All_CA_Labs/All_CA_Labs.srcs/constrs_1/new/constrlab8.xdc:8]
Resolution: If [get_<value>] was used to populate the object, check to make sure this command returns at least one valid object.
WARNING: [Vivado 12-584] No ports matched 'switches_in[1]'. [C:/Users/IBM/Desktop/CA_Labs_MyrahHussain_RomaisaShazad/CA_Labs_MyrahHussain_RomaisaShazad/All_CA_Labs/All_CA_Labs.srcs/constrs_1/new/constrlab8.xdc:9]
CRITICAL WARNING: [Common 17-55] 'set_property' expects at least one object. [C:/Users/IBM/Desktop/CA_Labs_MyrahHussain_RomaisaShazad/CA_Labs_MyrahHussain_RomaisaShazad/All_CA_Labs/All_CA_Labs.srcs/constrs_1/new/constrlab8.xdc:9]
Resolution: If [get_<value>] was used to populate the object, check to make sure this command returns at least one valid object.
WARNING: [Vivado 12-584] No ports matched 'switches_in[1]'. [C:/Users/IBM/Desktop/CA_Labs_MyrahHussain_RomaisaShazad/CA_Labs_MyrahHussain_RomaisaShazad/All_CA_Labs/All_CA_Labs.srcs/constrs_1/new/constrlab8.xdc:10]
CRITICAL WARNING: [Common 17-55] 'set_property' expects at least one object. [C:/Users/IBM/Desktop/CA_Labs_MyrahHussain_RomaisaShazad/CA_Labs_MyrahHussain_RomaisaShazad/All_CA_Labs/All_CA_Labs.srcs/constrs_1/new/constrlab8.xdc:10]
Resolution: If [get_<value>] was used to populate the object, check to make sure this command returns at least one valid object.
WARNING: [Vivado 12-584] No ports matched 'switches_in[2]'. [C:/Users/IBM/Desktop/CA_Labs_MyrahHussain_RomaisaShazad/CA_Labs_MyrahHussain_RomaisaShazad/All_CA_Labs/All_CA_Labs.srcs/constrs_1/new/constrlab8.xdc:11]
CRITICAL WARNING: [Common 17-55] 'set_property' expects at least one object. [C:/Users/IBM/Desktop/CA_Labs_MyrahHussain_RomaisaShazad/CA_Labs_MyrahHussain_RomaisaShazad/All_CA_Labs/All_CA_Labs.srcs/constrs_1/new/constrlab8.xdc:11]
Resolution: If [get_<value>] was used to populate the object, check to make sure this command returns at least one valid object.
WARNING: [Vivado 12-584] No ports matched 'switches_in[2]'. [C:/Users/IBM/Desktop/CA_Labs_MyrahHussain_RomaisaShazad/CA_Labs_MyrahHussain_RomaisaShazad/All_CA_Labs/All_CA_Labs.srcs/constrs_1/new/constrlab8.xdc:12]
CRITICAL WARNING: [Common 17-55] 'set_property' expects at least one object. [C:/Users/IBM/Desktop/CA_Labs_MyrahHussain_RomaisaShazad/CA_Labs_MyrahHussain_RomaisaShazad/All_CA_Labs/All_CA_Labs.srcs/constrs_1/new/constrlab8.xdc:12]
Resolution: If [get_<value>] was used to populate the object, check to make sure this command returns at least one valid object.
WARNING: [Vivado 12-584] No ports matched 'switches_in[3]'. [C:/Users/IBM/Desktop/CA_Labs_MyrahHussain_RomaisaShazad/CA_Labs_MyrahHussain_RomaisaShazad/All_CA_Labs/All_CA_Labs.srcs/constrs_1/new/constrlab8.xdc:13]
CRITICAL WARNING: [Common 17-55] 'set_property' expects at least one object. [C:/Users/IBM/Desktop/CA_Labs_MyrahHussain_RomaisaShazad/CA_Labs_MyrahHussain_RomaisaShazad/All_CA_Labs/All_CA_Labs.srcs/constrs_1/new/constrlab8.xdc:13]
Resolution: If [get_<value>] was used to populate the object, check to make sure this command returns at least one valid object.
WARNING: [Vivado 12-584] No ports matched 'switches_in[3]'. [C:/Users/IBM/Desktop/CA_Labs_MyrahHussain_RomaisaShazad/CA_Labs_MyrahHussain_RomaisaShazad/All_CA_Labs/All_CA_Labs.srcs/constrs_1/new/constrlab8.xdc:14]
CRITICAL WARNING: [Common 17-55] 'set_property' expects at least one object. [C:/Users/IBM/Desktop/CA_Labs_MyrahHussain_RomaisaShazad/CA_Labs_MyrahHussain_RomaisaShazad/All_CA_Labs/All_CA_Labs.srcs/constrs_1/new/constrlab8.xdc:14]
Resolution: If [get_<value>] was used to populate the object, check to make sure this command returns at least one valid object.
WARNING: [Vivado 12-584] No ports matched 'switches_in[4]'. [C:/Users/IBM/Desktop/CA_Labs_MyrahHussain_RomaisaShazad/CA_Labs_MyrahHussain_RomaisaShazad/All_CA_Labs/All_CA_Labs.srcs/constrs_1/new/constrlab8.xdc:15]
CRITICAL WARNING: [Common 17-55] 'set_property' expects at least one object. [C:/Users/IBM/Desktop/CA_Labs_MyrahHussain_RomaisaShazad/CA_Labs_MyrahHussain_RomaisaShazad/All_CA_Labs/All_CA_Labs.srcs/constrs_1/new/constrlab8.xdc:15]
Resolution: If [get_<value>] was used to populate the object, check to make sure this command returns at least one valid object.
WARNING: [Vivado 12-584] No ports matched 'switches_in[4]'. [C:/Users/IBM/Desktop/CA_Labs_MyrahHussain_RomaisaShazad/CA_Labs_MyrahHussain_RomaisaShazad/All_CA_Labs/All_CA_Labs.srcs/constrs_1/new/constrlab8.xdc:16]
CRITICAL WARNING: [Common 17-55] 'set_property' expects at least one object. [C:/Users/IBM/Desktop/CA_Labs_MyrahHussain_RomaisaShazad/CA_Labs_MyrahHussain_RomaisaShazad/All_CA_Labs/All_CA_Labs.srcs/constrs_1/new/constrlab8.xdc:16]
Resolution: If [get_<value>] was used to populate the object, check to make sure this command returns at least one valid object.
WARNING: [Vivado 12-584] No ports matched 'switches_in[5]'. [C:/Users/IBM/Desktop/CA_Labs_MyrahHussain_RomaisaShazad/CA_Labs_MyrahHussain_RomaisaShazad/All_CA_Labs/All_CA_Labs.srcs/constrs_1/new/constrlab8.xdc:17]
CRITICAL WARNING: [Common 17-55] 'set_property' expects at least one object. [C:/Users/IBM/Desktop/CA_Labs_MyrahHussain_RomaisaShazad/CA_Labs_MyrahHussain_RomaisaShazad/All_CA_Labs/All_CA_Labs.srcs/constrs_1/new/constrlab8.xdc:17]
Resolution: If [get_<value>] was used to populate the object, check to make sure this command returns at least one valid object.
WARNING: [Vivado 12-584] No ports matched 'switches_in[5]'. [C:/Users/IBM/Desktop/CA_Labs_MyrahHussain_RomaisaShazad/CA_Labs_MyrahHussain_RomaisaShazad/All_CA_Labs/All_CA_Labs.srcs/constrs_1/new/constrlab8.xdc:18]
CRITICAL WARNING: [Common 17-55] 'set_property' expects at least one object. [C:/Users/IBM/Desktop/CA_Labs_MyrahHussain_RomaisaShazad/CA_Labs_MyrahHussain_RomaisaShazad/All_CA_Labs/All_CA_Labs.srcs/constrs_1/new/constrlab8.xdc:18]
Resolution: If [get_<value>] was used to populate the object, check to make sure this command returns at least one valid object.
WARNING: [Vivado 12-584] No ports matched 'switches_in[6]'. [C:/Users/IBM/Desktop/CA_Labs_MyrahHussain_RomaisaShazad/CA_Labs_MyrahHussain_RomaisaShazad/All_CA_Labs/All_CA_Labs.srcs/constrs_1/new/constrlab8.xdc:19]
CRITICAL WARNING: [Common 17-55] 'set_property' expects at least one object. [C:/Users/IBM/Desktop/CA_Labs_MyrahHussain_RomaisaShazad/CA_Labs_MyrahHussain_RomaisaShazad/All_CA_Labs/All_CA_Labs.srcs/constrs_1/new/constrlab8.xdc:19]
Resolution: If [get_<value>] was used to populate the object, check to make sure this command returns at least one valid object.
WARNING: [Vivado 12-584] No ports matched 'switches_in[6]'. [C:/Users/IBM/Desktop/CA_Labs_MyrahHussain_RomaisaShazad/CA_Labs_MyrahHussain_RomaisaShazad/All_CA_Labs/All_CA_Labs.srcs/constrs_1/new/constrlab8.xdc:20]
CRITICAL WARNING: [Common 17-55] 'set_property' expects at least one object. [C:/Users/IBM/Desktop/CA_Labs_MyrahHussain_RomaisaShazad/CA_Labs_MyrahHussain_RomaisaShazad/All_CA_Labs/All_CA_Labs.srcs/constrs_1/new/constrlab8.xdc:20]
Resolution: If [get_<value>] was used to populate the object, check to make sure this command returns at least one valid object.
WARNING: [Vivado 12-584] No ports matched 'switches_in[7]'. [C:/Users/IBM/Desktop/CA_Labs_MyrahHussain_RomaisaShazad/CA_Labs_MyrahHussain_RomaisaShazad/All_CA_Labs/All_CA_Labs.srcs/constrs_1/new/constrlab8.xdc:21]
CRITICAL WARNING: [Common 17-55] 'set_property' expects at least one object. [C:/Users/IBM/Desktop/CA_Labs_MyrahHussain_RomaisaShazad/CA_Labs_MyrahHussain_RomaisaShazad/All_CA_Labs/All_CA_Labs.srcs/constrs_1/new/constrlab8.xdc:21]
Resolution: If [get_<value>] was used to populate the object, check to make sure this command returns at least one valid object.
WARNING: [Vivado 12-584] No ports matched 'switches_in[7]'. [C:/Users/IBM/Desktop/CA_Labs_MyrahHussain_RomaisaShazad/CA_Labs_MyrahHussain_RomaisaShazad/All_CA_Labs/All_CA_Labs.srcs/constrs_1/new/constrlab8.xdc:22]
CRITICAL WARNING: [Common 17-55] 'set_property' expects at least one object. [C:/Users/IBM/Desktop/CA_Labs_MyrahHussain_RomaisaShazad/CA_Labs_MyrahHussain_RomaisaShazad/All_CA_Labs/All_CA_Labs.srcs/constrs_1/new/constrlab8.xdc:22]
Resolution: If [get_<value>] was used to populate the object, check to make sure this command returns at least one valid object.
WARNING: [Vivado 12-584] No ports matched 'switches_in[8]'. [C:/Users/IBM/Desktop/CA_Labs_MyrahHussain_RomaisaShazad/CA_Labs_MyrahHussain_RomaisaShazad/All_CA_Labs/All_CA_Labs.srcs/constrs_1/new/constrlab8.xdc:23]
CRITICAL WARNING: [Common 17-55] 'set_property' expects at least one object. [C:/Users/IBM/Desktop/CA_Labs_MyrahHussain_RomaisaShazad/CA_Labs_MyrahHussain_RomaisaShazad/All_CA_Labs/All_CA_Labs.srcs/constrs_1/new/constrlab8.xdc:23]
Resolution: If [get_<value>] was used to populate the object, check to make sure this command returns at least one valid object.
WARNING: [Vivado 12-584] No ports matched 'switches_in[8]'. [C:/Users/IBM/Desktop/CA_Labs_MyrahHussain_RomaisaShazad/CA_Labs_MyrahHussain_RomaisaShazad/All_CA_Labs/All_CA_Labs.srcs/constrs_1/new/constrlab8.xdc:24]
CRITICAL WARNING: [Common 17-55] 'set_property' expects at least one object. [C:/Users/IBM/Desktop/CA_Labs_MyrahHussain_RomaisaShazad/CA_Labs_MyrahHussain_RomaisaShazad/All_CA_Labs/All_CA_Labs.srcs/constrs_1/new/constrlab8.xdc:24]
Resolution: If [get_<value>] was used to populate the object, check to make sure this command returns at least one valid object.
WARNING: [Vivado 12-584] No ports matched 'switches_in[9]'. [C:/Users/IBM/Desktop/CA_Labs_MyrahHussain_RomaisaShazad/CA_Labs_MyrahHussain_RomaisaShazad/All_CA_Labs/All_CA_Labs.srcs/constrs_1/new/constrlab8.xdc:25]
CRITICAL WARNING: [Common 17-55] 'set_property' expects at least one object. [C:/Users/IBM/Desktop/CA_Labs_MyrahHussain_RomaisaShazad/CA_Labs_MyrahHussain_RomaisaShazad/All_CA_Labs/All_CA_Labs.srcs/constrs_1/new/constrlab8.xdc:25]
Resolution: If [get_<value>] was used to populate the object, check to make sure this command returns at least one valid object.
WARNING: [Vivado 12-584] No ports matched 'switches_in[9]'. [C:/Users/IBM/Desktop/CA_Labs_MyrahHussain_RomaisaShazad/CA_Labs_MyrahHussain_RomaisaShazad/All_CA_Labs/All_CA_Labs.srcs/constrs_1/new/constrlab8.xdc:26]
CRITICAL WARNING: [Common 17-55] 'set_property' expects at least one object. [C:/Users/IBM/Desktop/CA_Labs_MyrahHussain_RomaisaShazad/CA_Labs_MyrahHussain_RomaisaShazad/All_CA_Labs/All_CA_Labs.srcs/constrs_1/new/constrlab8.xdc:26]
Resolution: If [get_<value>] was used to populate the object, check to make sure this command returns at least one valid object.
WARNING: [Vivado 12-584] No ports matched 'switches_in[10]'. [C:/Users/IBM/Desktop/CA_Labs_MyrahHussain_RomaisaShazad/CA_Labs_MyrahHussain_RomaisaShazad/All_CA_Labs/All_CA_Labs.srcs/constrs_1/new/constrlab8.xdc:27]
CRITICAL WARNING: [Common 17-55] 'set_property' expects at least one object. [C:/Users/IBM/Desktop/CA_Labs_MyrahHussain_RomaisaShazad/CA_Labs_MyrahHussain_RomaisaShazad/All_CA_Labs/All_CA_Labs.srcs/constrs_1/new/constrlab8.xdc:27]
Resolution: If [get_<value>] was used to populate the object, check to make sure this command returns at least one valid object.
WARNING: [Vivado 12-584] No ports matched 'switches_in[10]'. [C:/Users/IBM/Desktop/CA_Labs_MyrahHussain_RomaisaShazad/CA_Labs_MyrahHussain_RomaisaShazad/All_CA_Labs/All_CA_Labs.srcs/constrs_1/new/constrlab8.xdc:28]
CRITICAL WARNING: [Common 17-55] 'set_property' expects at least one object. [C:/Users/IBM/Desktop/CA_Labs_MyrahHussain_RomaisaShazad/CA_Labs_MyrahHussain_RomaisaShazad/All_CA_Labs/All_CA_Labs.srcs/constrs_1/new/constrlab8.xdc:28]
Resolution: If [get_<value>] was used to populate the object, check to make sure this command returns at least one valid object.
WARNING: [Vivado 12-584] No ports matched 'switches_in[11]'. [C:/Users/IBM/Desktop/CA_Labs_MyrahHussain_RomaisaShazad/CA_Labs_MyrahHussain_RomaisaShazad/All_CA_Labs/All_CA_Labs.srcs/constrs_1/new/constrlab8.xdc:29]
CRITICAL WARNING: [Common 17-55] 'set_property' expects at least one object. [C:/Users/IBM/Desktop/CA_Labs_MyrahHussain_RomaisaShazad/CA_Labs_MyrahHussain_RomaisaShazad/All_CA_Labs/All_CA_Labs.srcs/constrs_1/new/constrlab8.xdc:29]
Resolution: If [get_<value>] was used to populate the object, check to make sure this command returns at least one valid object.
WARNING: [Vivado 12-584] No ports matched 'switches_in[11]'. [C:/Users/IBM/Desktop/CA_Labs_MyrahHussain_RomaisaShazad/CA_Labs_MyrahHussain_RomaisaShazad/All_CA_Labs/All_CA_Labs.srcs/constrs_1/new/constrlab8.xdc:30]
CRITICAL WARNING: [Common 17-55] 'set_property' expects at least one object. [C:/Users/IBM/Desktop/CA_Labs_MyrahHussain_RomaisaShazad/CA_Labs_MyrahHussain_RomaisaShazad/All_CA_Labs/All_CA_Labs.srcs/constrs_1/new/constrlab8.xdc:30]
Resolution: If [get_<value>] was used to populate the object, check to make sure this command returns at least one valid object.
WARNING: [Vivado 12-584] No ports matched 'switches_in[12]'. [C:/Users/IBM/Desktop/CA_Labs_MyrahHussain_RomaisaShazad/CA_Labs_MyrahHussain_RomaisaShazad/All_CA_Labs/All_CA_Labs.srcs/constrs_1/new/constrlab8.xdc:31]
CRITICAL WARNING: [Common 17-55] 'set_property' expects at least one object. [C:/Users/IBM/Desktop/CA_Labs_MyrahHussain_RomaisaShazad/CA_Labs_MyrahHussain_RomaisaShazad/All_CA_Labs/All_CA_Labs.srcs/constrs_1/new/constrlab8.xdc:31]
Resolution: If [get_<value>] was used to populate the object, check to make sure this command returns at least one valid object.
WARNING: [Vivado 12-584] No ports matched 'switches_in[12]'. [C:/Users/IBM/Desktop/CA_Labs_MyrahHussain_RomaisaShazad/CA_Labs_MyrahHussain_RomaisaShazad/All_CA_Labs/All_CA_Labs.srcs/constrs_1/new/constrlab8.xdc:32]
CRITICAL WARNING: [Common 17-55] 'set_property' expects at least one object. [C:/Users/IBM/Desktop/CA_Labs_MyrahHussain_RomaisaShazad/CA_Labs_MyrahHussain_RomaisaShazad/All_CA_Labs/All_CA_Labs.srcs/constrs_1/new/constrlab8.xdc:32]
Resolution: If [get_<value>] was used to populate the object, check to make sure this command returns at least one valid object.
WARNING: [Vivado 12-584] No ports matched 'switches_in[13]'. [C:/Users/IBM/Desktop/CA_Labs_MyrahHussain_RomaisaShazad/CA_Labs_MyrahHussain_RomaisaShazad/All_CA_Labs/All_CA_Labs.srcs/constrs_1/new/constrlab8.xdc:33]
CRITICAL WARNING: [Common 17-55] 'set_property' expects at least one object. [C:/Users/IBM/Desktop/CA_Labs_MyrahHussain_RomaisaShazad/CA_Labs_MyrahHussain_RomaisaShazad/All_CA_Labs/All_CA_Labs.srcs/constrs_1/new/constrlab8.xdc:33]
Resolution: If [get_<value>] was used to populate the object, check to make sure this command returns at least one valid object.
WARNING: [Vivado 12-584] No ports matched 'switches_in[13]'. [C:/Users/IBM/Desktop/CA_Labs_MyrahHussain_RomaisaShazad/CA_Labs_MyrahHussain_RomaisaShazad/All_CA_Labs/All_CA_Labs.srcs/constrs_1/new/constrlab8.xdc:34]
CRITICAL WARNING: [Common 17-55] 'set_property' expects at least one object. [C:/Users/IBM/Desktop/CA_Labs_MyrahHussain_RomaisaShazad/CA_Labs_MyrahHussain_RomaisaShazad/All_CA_Labs/All_CA_Labs.srcs/constrs_1/new/constrlab8.xdc:34]
Resolution: If [get_<value>] was used to populate the object, check to make sure this command returns at least one valid object.
WARNING: [Vivado 12-584] No ports matched 'switches_in[14]'. [C:/Users/IBM/Desktop/CA_Labs_MyrahHussain_RomaisaShazad/CA_Labs_MyrahHussain_RomaisaShazad/All_CA_Labs/All_CA_Labs.srcs/constrs_1/new/constrlab8.xdc:35]
CRITICAL WARNING: [Common 17-55] 'set_property' expects at least one object. [C:/Users/IBM/Desktop/CA_Labs_MyrahHussain_RomaisaShazad/CA_Labs_MyrahHussain_RomaisaShazad/All_CA_Labs/All_CA_Labs.srcs/constrs_1/new/constrlab8.xdc:35]
Resolution: If [get_<value>] was used to populate the object, check to make sure this command returns at least one valid object.
WARNING: [Vivado 12-584] No ports matched 'switches_in[14]'. [C:/Users/IBM/Desktop/CA_Labs_MyrahHussain_RomaisaShazad/CA_Labs_MyrahHussain_RomaisaShazad/All_CA_Labs/All_CA_Labs.srcs/constrs_1/new/constrlab8.xdc:36]
CRITICAL WARNING: [Common 17-55] 'set_property' expects at least one object. [C:/Users/IBM/Desktop/CA_Labs_MyrahHussain_RomaisaShazad/CA_Labs_MyrahHussain_RomaisaShazad/All_CA_Labs/All_CA_Labs.srcs/constrs_1/new/constrlab8.xdc:36]
Resolution: If [get_<value>] was used to populate the object, check to make sure this command returns at least one valid object.
WARNING: [Vivado 12-584] No ports matched 'switches_in[15]'. [C:/Users/IBM/Desktop/CA_Labs_MyrahHussain_RomaisaShazad/CA_Labs_MyrahHussain_RomaisaShazad/All_CA_Labs/All_CA_Labs.srcs/constrs_1/new/constrlab8.xdc:37]
CRITICAL WARNING: [Common 17-55] 'set_property' expects at least one object. [C:/Users/IBM/Desktop/CA_Labs_MyrahHussain_RomaisaShazad/CA_Labs_MyrahHussain_RomaisaShazad/All_CA_Labs/All_CA_Labs.srcs/constrs_1/new/constrlab8.xdc:37]
Resolution: If [get_<value>] was used to populate the object, check to make sure this command returns at least one valid object.
WARNING: [Vivado 12-584] No ports matched 'switches_in[15]'. [C:/Users/IBM/Desktop/CA_Labs_MyrahHussain_RomaisaShazad/CA_Labs_MyrahHussain_RomaisaShazad/All_CA_Labs/All_CA_Labs.srcs/constrs_1/new/constrlab8.xdc:38]
CRITICAL WARNING: [Common 17-55] 'set_property' expects at least one object. [C:/Users/IBM/Desktop/CA_Labs_MyrahHussain_RomaisaShazad/CA_Labs_MyrahHussain_RomaisaShazad/All_CA_Labs/All_CA_Labs.srcs/constrs_1/new/constrlab8.xdc:38]
Resolution: If [get_<value>] was used to populate the object, check to make sure this command returns at least one valid object.
WARNING: [Vivado 12-584] No ports matched 'leds_out[0]'. [C:/Users/IBM/Desktop/CA_Labs_MyrahHussain_RomaisaShazad/CA_Labs_MyrahHussain_RomaisaShazad/All_CA_Labs/All_CA_Labs.srcs/constrs_1/new/constrlab8.xdc:41]
CRITICAL WARNING: [Common 17-55] 'set_property' expects at least one object. [C:/Users/IBM/Desktop/CA_Labs_MyrahHussain_RomaisaShazad/CA_Labs_MyrahHussain_RomaisaShazad/All_CA_Labs/All_CA_Labs.srcs/constrs_1/new/constrlab8.xdc:41]
Resolution: If [get_<value>] was used to populate the object, check to make sure this command returns at least one valid object.
WARNING: [Vivado 12-584] No ports matched 'leds_out[0]'. [C:/Users/IBM/Desktop/CA_Labs_MyrahHussain_RomaisaShazad/CA_Labs_MyrahHussain_RomaisaShazad/All_CA_Labs/All_CA_Labs.srcs/constrs_1/new/constrlab8.xdc:42]
CRITICAL WARNING: [Common 17-55] 'set_property' expects at least one object. [C:/Users/IBM/Desktop/CA_Labs_MyrahHussain_RomaisaShazad/CA_Labs_MyrahHussain_RomaisaShazad/All_CA_Labs/All_CA_Labs.srcs/constrs_1/new/constrlab8.xdc:42]
Resolution: If [get_<value>] was used to populate the object, check to make sure this command returns at least one valid object.
WARNING: [Vivado 12-584] No ports matched 'leds_out[1]'. [C:/Users/IBM/Desktop/CA_Labs_MyrahHussain_RomaisaShazad/CA_Labs_MyrahHussain_RomaisaShazad/All_CA_Labs/All_CA_Labs.srcs/constrs_1/new/constrlab8.xdc:43]
CRITICAL WARNING: [Common 17-55] 'set_property' expects at least one object. [C:/Users/IBM/Desktop/CA_Labs_MyrahHussain_RomaisaShazad/CA_Labs_MyrahHussain_RomaisaShazad/All_CA_Labs/All_CA_Labs.srcs/constrs_1/new/constrlab8.xdc:43]
Resolution: If [get_<value>] was used to populate the object, check to make sure this command returns at least one valid object.
WARNING: [Vivado 12-584] No ports matched 'leds_out[1]'. [C:/Users/IBM/Desktop/CA_Labs_MyrahHussain_RomaisaShazad/CA_Labs_MyrahHussain_RomaisaShazad/All_CA_Labs/All_CA_Labs.srcs/constrs_1/new/constrlab8.xdc:44]
CRITICAL WARNING: [Common 17-55] 'set_property' expects at least one object. [C:/Users/IBM/Desktop/CA_Labs_MyrahHussain_RomaisaShazad/CA_Labs_MyrahHussain_RomaisaShazad/All_CA_Labs/All_CA_Labs.srcs/constrs_1/new/constrlab8.xdc:44]
Resolution: If [get_<value>] was used to populate the object, check to make sure this command returns at least one valid object.
WARNING: [Vivado 12-584] No ports matched 'leds_out[2]'. [C:/Users/IBM/Desktop/CA_Labs_MyrahHussain_RomaisaShazad/CA_Labs_MyrahHussain_RomaisaShazad/All_CA_Labs/All_CA_Labs.srcs/constrs_1/new/constrlab8.xdc:45]
CRITICAL WARNING: [Common 17-55] 'set_property' expects at least one object. [C:/Users/IBM/Desktop/CA_Labs_MyrahHussain_RomaisaShazad/CA_Labs_MyrahHussain_RomaisaShazad/All_CA_Labs/All_CA_Labs.srcs/constrs_1/new/constrlab8.xdc:45]
Resolution: If [get_<value>] was used to populate the object, check to make sure this command returns at least one valid object.
WARNING: [Vivado 12-584] No ports matched 'leds_out[2]'. [C:/Users/IBM/Desktop/CA_Labs_MyrahHussain_RomaisaShazad/CA_Labs_MyrahHussain_RomaisaShazad/All_CA_Labs/All_CA_Labs.srcs/constrs_1/new/constrlab8.xdc:46]
CRITICAL WARNING: [Common 17-55] 'set_property' expects at least one object. [C:/Users/IBM/Desktop/CA_Labs_MyrahHussain_RomaisaShazad/CA_Labs_MyrahHussain_RomaisaShazad/All_CA_Labs/All_CA_Labs.srcs/constrs_1/new/constrlab8.xdc:46]
Resolution: If [get_<value>] was used to populate the object, check to make sure this command returns at least one valid object.
WARNING: [Vivado 12-584] No ports matched 'leds_out[3]'. [C:/Users/IBM/Desktop/CA_Labs_MyrahHussain_RomaisaShazad/CA_Labs_MyrahHussain_RomaisaShazad/All_CA_Labs/All_CA_Labs.srcs/constrs_1/new/constrlab8.xdc:47]
CRITICAL WARNING: [Common 17-55] 'set_property' expects at least one object. [C:/Users/IBM/Desktop/CA_Labs_MyrahHussain_RomaisaShazad/CA_Labs_MyrahHussain_RomaisaShazad/All_CA_Labs/All_CA_Labs.srcs/constrs_1/new/constrlab8.xdc:47]
Resolution: If [get_<value>] was used to populate the object, check to make sure this command returns at least one valid object.
WARNING: [Vivado 12-584] No ports matched 'leds_out[3]'. [C:/Users/IBM/Desktop/CA_Labs_MyrahHussain_RomaisaShazad/CA_Labs_MyrahHussain_RomaisaShazad/All_CA_Labs/All_CA_Labs.srcs/constrs_1/new/constrlab8.xdc:48]
CRITICAL WARNING: [Common 17-55] 'set_property' expects at least one object. [C:/Users/IBM/Desktop/CA_Labs_MyrahHussain_RomaisaShazad/CA_Labs_MyrahHussain_RomaisaShazad/All_CA_Labs/All_CA_Labs.srcs/constrs_1/new/constrlab8.xdc:48]
Resolution: If [get_<value>] was used to populate the object, check to make sure this command returns at least one valid object.
WARNING: [Vivado 12-584] No ports matched 'leds_out[4]'. [C:/Users/IBM/Desktop/CA_Labs_MyrahHussain_RomaisaShazad/CA_Labs_MyrahHussain_RomaisaShazad/All_CA_Labs/All_CA_Labs.srcs/constrs_1/new/constrlab8.xdc:49]
CRITICAL WARNING: [Common 17-55] 'set_property' expects at least one object. [C:/Users/IBM/Desktop/CA_Labs_MyrahHussain_RomaisaShazad/CA_Labs_MyrahHussain_RomaisaShazad/All_CA_Labs/All_CA_Labs.srcs/constrs_1/new/constrlab8.xdc:49]
Resolution: If [get_<value>] was used to populate the object, check to make sure this command returns at least one valid object.
WARNING: [Vivado 12-584] No ports matched 'leds_out[4]'. [C:/Users/IBM/Desktop/CA_Labs_MyrahHussain_RomaisaShazad/CA_Labs_MyrahHussain_RomaisaShazad/All_CA_Labs/All_CA_Labs.srcs/constrs_1/new/constrlab8.xdc:50]
CRITICAL WARNING: [Common 17-55] 'set_property' expects at least one object. [C:/Users/IBM/Desktop/CA_Labs_MyrahHussain_RomaisaShazad/CA_Labs_MyrahHussain_RomaisaShazad/All_CA_Labs/All_CA_Labs.srcs/constrs_1/new/constrlab8.xdc:50]
Resolution: If [get_<value>] was used to populate the object, check to make sure this command returns at least one valid object.
WARNING: [Vivado 12-584] No ports matched 'leds_out[5]'. [C:/Users/IBM/Desktop/CA_Labs_MyrahHussain_RomaisaShazad/CA_Labs_MyrahHussain_RomaisaShazad/All_CA_Labs/All_CA_Labs.srcs/constrs_1/new/constrlab8.xdc:51]
CRITICAL WARNING: [Common 17-55] 'set_property' expects at least one object. [C:/Users/IBM/Desktop/CA_Labs_MyrahHussain_RomaisaShazad/CA_Labs_MyrahHussain_RomaisaShazad/All_CA_Labs/All_CA_Labs.srcs/constrs_1/new/constrlab8.xdc:51]
Resolution: If [get_<value>] was used to populate the object, check to make sure this command returns at least one valid object.
WARNING: [Vivado 12-584] No ports matched 'leds_out[5]'. [C:/Users/IBM/Desktop/CA_Labs_MyrahHussain_RomaisaShazad/CA_Labs_MyrahHussain_RomaisaShazad/All_CA_Labs/All_CA_Labs.srcs/constrs_1/new/constrlab8.xdc:52]
CRITICAL WARNING: [Common 17-55] 'set_property' expects at least one object. [C:/Users/IBM/Desktop/CA_Labs_MyrahHussain_RomaisaShazad/CA_Labs_MyrahHussain_RomaisaShazad/All_CA_Labs/All_CA_Labs.srcs/constrs_1/new/constrlab8.xdc:52]
Resolution: If [get_<value>] was used to populate the object, check to make sure this command returns at least one valid object.
WARNING: [Vivado 12-584] No ports matched 'leds_out[6]'. [C:/Users/IBM/Desktop/CA_Labs_MyrahHussain_RomaisaShazad/CA_Labs_MyrahHussain_RomaisaShazad/All_CA_Labs/All_CA_Labs.srcs/constrs_1/new/constrlab8.xdc:53]
CRITICAL WARNING: [Common 17-55] 'set_property' expects at least one object. [C:/Users/IBM/Desktop/CA_Labs_MyrahHussain_RomaisaShazad/CA_Labs_MyrahHussain_RomaisaShazad/All_CA_Labs/All_CA_Labs.srcs/constrs_1/new/constrlab8.xdc:53]
Resolution: If [get_<value>] was used to populate the object, check to make sure this command returns at least one valid object.
WARNING: [Vivado 12-584] No ports matched 'leds_out[6]'. [C:/Users/IBM/Desktop/CA_Labs_MyrahHussain_RomaisaShazad/CA_Labs_MyrahHussain_RomaisaShazad/All_CA_Labs/All_CA_Labs.srcs/constrs_1/new/constrlab8.xdc:54]
CRITICAL WARNING: [Common 17-55] 'set_property' expects at least one object. [C:/Users/IBM/Desktop/CA_Labs_MyrahHussain_RomaisaShazad/CA_Labs_MyrahHussain_RomaisaShazad/All_CA_Labs/All_CA_Labs.srcs/constrs_1/new/constrlab8.xdc:54]
Resolution: If [get_<value>] was used to populate the object, check to make sure this command returns at least one valid object.
WARNING: [Vivado 12-584] No ports matched 'leds_out[7]'. [C:/Users/IBM/Desktop/CA_Labs_MyrahHussain_RomaisaShazad/CA_Labs_MyrahHussain_RomaisaShazad/All_CA_Labs/All_CA_Labs.srcs/constrs_1/new/constrlab8.xdc:55]
CRITICAL WARNING: [Common 17-55] 'set_property' expects at least one object. [C:/Users/IBM/Desktop/CA_Labs_MyrahHussain_RomaisaShazad/CA_Labs_MyrahHussain_RomaisaShazad/All_CA_Labs/All_CA_Labs.srcs/constrs_1/new/constrlab8.xdc:55]
Resolution: If [get_<value>] was used to populate the object, check to make sure this command returns at least one valid object.
WARNING: [Vivado 12-584] No ports matched 'leds_out[7]'. [C:/Users/IBM/Desktop/CA_Labs_MyrahHussain_RomaisaShazad/CA_Labs_MyrahHussain_RomaisaShazad/All_CA_Labs/All_CA_Labs.srcs/constrs_1/new/constrlab8.xdc:56]
CRITICAL WARNING: [Common 17-55] 'set_property' expects at least one object. [C:/Users/IBM/Desktop/CA_Labs_MyrahHussain_RomaisaShazad/CA_Labs_MyrahHussain_RomaisaShazad/All_CA_Labs/All_CA_Labs.srcs/constrs_1/new/constrlab8.xdc:56]
Resolution: If [get_<value>] was used to populate the object, check to make sure this command returns at least one valid object.
WARNING: [Vivado 12-584] No ports matched 'leds_out[8]'. [C:/Users/IBM/Desktop/CA_Labs_MyrahHussain_RomaisaShazad/CA_Labs_MyrahHussain_RomaisaShazad/All_CA_Labs/All_CA_Labs.srcs/constrs_1/new/constrlab8.xdc:59]
CRITICAL WARNING: [Common 17-55] 'set_property' expects at least one object. [C:/Users/IBM/Desktop/CA_Labs_MyrahHussain_RomaisaShazad/CA_Labs_MyrahHussain_RomaisaShazad/All_CA_Labs/All_CA_Labs.srcs/constrs_1/new/constrlab8.xdc:59]
Resolution: If [get_<value>] was used to populate the object, check to make sure this command returns at least one valid object.
WARNING: [Vivado 12-584] No ports matched 'leds_out[8]'. [C:/Users/IBM/Desktop/CA_Labs_MyrahHussain_RomaisaShazad/CA_Labs_MyrahHussain_RomaisaShazad/All_CA_Labs/All_CA_Labs.srcs/constrs_1/new/constrlab8.xdc:60]
CRITICAL WARNING: [Common 17-55] 'set_property' expects at least one object. [C:/Users/IBM/Desktop/CA_Labs_MyrahHussain_RomaisaShazad/CA_Labs_MyrahHussain_RomaisaShazad/All_CA_Labs/All_CA_Labs.srcs/constrs_1/new/constrlab8.xdc:60]
Resolution: If [get_<value>] was used to populate the object, check to make sure this command returns at least one valid object.
WARNING: [Vivado 12-584] No ports matched 'leds_out[9]'. [C:/Users/IBM/Desktop/CA_Labs_MyrahHussain_RomaisaShazad/CA_Labs_MyrahHussain_RomaisaShazad/All_CA_Labs/All_CA_Labs.srcs/constrs_1/new/constrlab8.xdc:61]
CRITICAL WARNING: [Common 17-55] 'set_property' expects at least one object. [C:/Users/IBM/Desktop/CA_Labs_MyrahHussain_RomaisaShazad/CA_Labs_MyrahHussain_RomaisaShazad/All_CA_Labs/All_CA_Labs.srcs/constrs_1/new/constrlab8.xdc:61]
Resolution: If [get_<value>] was used to populate the object, check to make sure this command returns at least one valid object.
WARNING: [Vivado 12-584] No ports matched 'leds_out[9]'. [C:/Users/IBM/Desktop/CA_Labs_MyrahHussain_RomaisaShazad/CA_Labs_MyrahHussain_RomaisaShazad/All_CA_Labs/All_CA_Labs.srcs/constrs_1/new/constrlab8.xdc:62]
CRITICAL WARNING: [Common 17-55] 'set_property' expects at least one object. [C:/Users/IBM/Desktop/CA_Labs_MyrahHussain_RomaisaShazad/CA_Labs_MyrahHussain_RomaisaShazad/All_CA_Labs/All_CA_Labs.srcs/constrs_1/new/constrlab8.xdc:62]
Resolution: If [get_<value>] was used to populate the object, check to make sure this command returns at least one valid object.
WARNING: [Vivado 12-584] No ports matched 'leds_out[10]'. [C:/Users/IBM/Desktop/CA_Labs_MyrahHussain_RomaisaShazad/CA_Labs_MyrahHussain_RomaisaShazad/All_CA_Labs/All_CA_Labs.srcs/constrs_1/new/constrlab8.xdc:63]
CRITICAL WARNING: [Common 17-55] 'set_property' expects at least one object. [C:/Users/IBM/Desktop/CA_Labs_MyrahHussain_RomaisaShazad/CA_Labs_MyrahHussain_RomaisaShazad/All_CA_Labs/All_CA_Labs.srcs/constrs_1/new/constrlab8.xdc:63]
Resolution: If [get_<value>] was used to populate the object, check to make sure this command returns at least one valid object.
WARNING: [Vivado 12-584] No ports matched 'leds_out[10]'. [C:/Users/IBM/Desktop/CA_Labs_MyrahHussain_RomaisaShazad/CA_Labs_MyrahHussain_RomaisaShazad/All_CA_Labs/All_CA_Labs.srcs/constrs_1/new/constrlab8.xdc:64]
CRITICAL WARNING: [Common 17-55] 'set_property' expects at least one object. [C:/Users/IBM/Desktop/CA_Labs_MyrahHussain_RomaisaShazad/CA_Labs_MyrahHussain_RomaisaShazad/All_CA_Labs/All_CA_Labs.srcs/constrs_1/new/constrlab8.xdc:64]
Resolution: If [get_<value>] was used to populate the object, check to make sure this command returns at least one valid object.
WARNING: [Vivado 12-584] No ports matched 'leds_out[11]'. [C:/Users/IBM/Desktop/CA_Labs_MyrahHussain_RomaisaShazad/CA_Labs_MyrahHussain_RomaisaShazad/All_CA_Labs/All_CA_Labs.srcs/constrs_1/new/constrlab8.xdc:65]
CRITICAL WARNING: [Common 17-55] 'set_property' expects at least one object. [C:/Users/IBM/Desktop/CA_Labs_MyrahHussain_RomaisaShazad/CA_Labs_MyrahHussain_RomaisaShazad/All_CA_Labs/All_CA_Labs.srcs/constrs_1/new/constrlab8.xdc:65]
Resolution: If [get_<value>] was used to populate the object, check to make sure this command returns at least one valid object.
WARNING: [Vivado 12-584] No ports matched 'leds_out[11]'. [C:/Users/IBM/Desktop/CA_Labs_MyrahHussain_RomaisaShazad/CA_Labs_MyrahHussain_RomaisaShazad/All_CA_Labs/All_CA_Labs.srcs/constrs_1/new/constrlab8.xdc:66]
CRITICAL WARNING: [Common 17-55] 'set_property' expects at least one object. [C:/Users/IBM/Desktop/CA_Labs_MyrahHussain_RomaisaShazad/CA_Labs_MyrahHussain_RomaisaShazad/All_CA_Labs/All_CA_Labs.srcs/constrs_1/new/constrlab8.xdc:66]
Resolution: If [get_<value>] was used to populate the object, check to make sure this command returns at least one valid object.
WARNING: [Vivado 12-584] No ports matched 'leds_out[12]'. [C:/Users/IBM/Desktop/CA_Labs_MyrahHussain_RomaisaShazad/CA_Labs_MyrahHussain_RomaisaShazad/All_CA_Labs/All_CA_Labs.srcs/constrs_1/new/constrlab8.xdc:67]
CRITICAL WARNING: [Common 17-55] 'set_property' expects at least one object. [C:/Users/IBM/Desktop/CA_Labs_MyrahHussain_RomaisaShazad/CA_Labs_MyrahHussain_RomaisaShazad/All_CA_Labs/All_CA_Labs.srcs/constrs_1/new/constrlab8.xdc:67]
Resolution: If [get_<value>] was used to populate the object, check to make sure this command returns at least one valid object.
WARNING: [Vivado 12-584] No ports matched 'leds_out[12]'. [C:/Users/IBM/Desktop/CA_Labs_MyrahHussain_RomaisaShazad/CA_Labs_MyrahHussain_RomaisaShazad/All_CA_Labs/All_CA_Labs.srcs/constrs_1/new/constrlab8.xdc:68]
CRITICAL WARNING: [Common 17-55] 'set_property' expects at least one object. [C:/Users/IBM/Desktop/CA_Labs_MyrahHussain_RomaisaShazad/CA_Labs_MyrahHussain_RomaisaShazad/All_CA_Labs/All_CA_Labs.srcs/constrs_1/new/constrlab8.xdc:68]
Resolution: If [get_<value>] was used to populate the object, check to make sure this command returns at least one valid object.
WARNING: [Vivado 12-584] No ports matched 'leds_out[13]'. [C:/Users/IBM/Desktop/CA_Labs_MyrahHussain_RomaisaShazad/CA_Labs_MyrahHussain_RomaisaShazad/All_CA_Labs/All_CA_Labs.srcs/constrs_1/new/constrlab8.xdc:69]
CRITICAL WARNING: [Common 17-55] 'set_property' expects at least one object. [C:/Users/IBM/Desktop/CA_Labs_MyrahHussain_RomaisaShazad/CA_Labs_MyrahHussain_RomaisaShazad/All_CA_Labs/All_CA_Labs.srcs/constrs_1/new/constrlab8.xdc:69]
Resolution: If [get_<value>] was used to populate the object, check to make sure this command returns at least one valid object.
WARNING: [Vivado 12-584] No ports matched 'leds_out[13]'. [C:/Users/IBM/Desktop/CA_Labs_MyrahHussain_RomaisaShazad/CA_Labs_MyrahHussain_RomaisaShazad/All_CA_Labs/All_CA_Labs.srcs/constrs_1/new/constrlab8.xdc:70]
CRITICAL WARNING: [Common 17-55] 'set_property' expects at least one object. [C:/Users/IBM/Desktop/CA_Labs_MyrahHussain_RomaisaShazad/CA_Labs_MyrahHussain_RomaisaShazad/All_CA_Labs/All_CA_Labs.srcs/constrs_1/new/constrlab8.xdc:70]
Resolution: If [get_<value>] was used to populate the object, check to make sure this command returns at least one valid object.
WARNING: [Vivado 12-584] No ports matched 'leds_out[14]'. [C:/Users/IBM/Desktop/CA_Labs_MyrahHussain_RomaisaShazad/CA_Labs_MyrahHussain_RomaisaShazad/All_CA_Labs/All_CA_Labs.srcs/constrs_1/new/constrlab8.xdc:71]
CRITICAL WARNING: [Common 17-55] 'set_property' expects at least one object. [C:/Users/IBM/Desktop/CA_Labs_MyrahHussain_RomaisaShazad/CA_Labs_MyrahHussain_RomaisaShazad/All_CA_Labs/All_CA_Labs.srcs/constrs_1/new/constrlab8.xdc:71]
Resolution: If [get_<value>] was used to populate the object, check to make sure this command returns at least one valid object.
WARNING: [Vivado 12-584] No ports matched 'leds_out[14]'. [C:/Users/IBM/Desktop/CA_Labs_MyrahHussain_RomaisaShazad/CA_Labs_MyrahHussain_RomaisaShazad/All_CA_Labs/All_CA_Labs.srcs/constrs_1/new/constrlab8.xdc:72]
CRITICAL WARNING: [Common 17-55] 'set_property' expects at least one object. [C:/Users/IBM/Desktop/CA_Labs_MyrahHussain_RomaisaShazad/CA_Labs_MyrahHussain_RomaisaShazad/All_CA_Labs/All_CA_Labs.srcs/constrs_1/new/constrlab8.xdc:72]
Resolution: If [get_<value>] was used to populate the object, check to make sure this command returns at least one valid object.
WARNING: [Vivado 12-584] No ports matched 'leds_out[15]'. [C:/Users/IBM/Desktop/CA_Labs_MyrahHussain_RomaisaShazad/CA_Labs_MyrahHussain_RomaisaShazad/All_CA_Labs/All_CA_Labs.srcs/constrs_1/new/constrlab8.xdc:73]
CRITICAL WARNING: [Common 17-55] 'set_property' expects at least one object. [C:/Users/IBM/Desktop/CA_Labs_MyrahHussain_RomaisaShazad/CA_Labs_MyrahHussain_RomaisaShazad/All_CA_Labs/All_CA_Labs.srcs/constrs_1/new/constrlab8.xdc:73]
Resolution: If [get_<value>] was used to populate the object, check to make sure this command returns at least one valid object.
WARNING: [Vivado 12-584] No ports matched 'leds_out[15]'. [C:/Users/IBM/Desktop/CA_Labs_MyrahHussain_RomaisaShazad/CA_Labs_MyrahHussain_RomaisaShazad/All_CA_Labs/All_CA_Labs.srcs/constrs_1/new/constrlab8.xdc:74]
CRITICAL WARNING: [Common 17-55] 'set_property' expects at least one object. [C:/Users/IBM/Desktop/CA_Labs_MyrahHussain_RomaisaShazad/CA_Labs_MyrahHussain_RomaisaShazad/All_CA_Labs/All_CA_Labs.srcs/constrs_1/new/constrlab8.xdc:74]
Resolution: If [get_<value>] was used to populate the object, check to make sure this command returns at least one valid object.
WARNING: [Vivado 12-584] No ports matched 'start'. [C:/Users/IBM/Desktop/CA_Labs_MyrahHussain_RomaisaShazad/CA_Labs_MyrahHussain_RomaisaShazad/All_CA_Labs/All_CA_Labs.srcs/constrs_1/new/constrlab8.xdc:80]
CRITICAL WARNING: [Common 17-55] 'set_property' expects at least one object. [C:/Users/IBM/Desktop/CA_Labs_MyrahHussain_RomaisaShazad/CA_Labs_MyrahHussain_RomaisaShazad/All_CA_Labs/All_CA_Labs.srcs/constrs_1/new/constrlab8.xdc:80]
Resolution: If [get_<value>] was used to populate the object, check to make sure this command returns at least one valid object.
WARNING: [Vivado 12-584] No ports matched 'start'. [C:/Users/IBM/Desktop/CA_Labs_MyrahHussain_RomaisaShazad/CA_Labs_MyrahHussain_RomaisaShazad/All_CA_Labs/All_CA_Labs.srcs/constrs_1/new/constrlab8.xdc:81]
CRITICAL WARNING: [Common 17-55] 'set_property' expects at least one object. [C:/Users/IBM/Desktop/CA_Labs_MyrahHussain_RomaisaShazad/CA_Labs_MyrahHussain_RomaisaShazad/All_CA_Labs/All_CA_Labs.srcs/constrs_1/new/constrlab8.xdc:81]
Resolution: If [get_<value>] was used to populate the object, check to make sure this command returns at least one valid object.
Finished Parsing XDC File [C:/Users/IBM/Desktop/CA_Labs_MyrahHussain_RomaisaShazad/CA_Labs_MyrahHussain_RomaisaShazad/All_CA_Labs/All_CA_Labs.srcs/constrs_1/new/constrlab8.xdc]
Parsing XDC File [C:/Users/IBM/Desktop/CA_Labs_MyrahHussain_RomaisaShazad/CA_Labs_MyrahHussain_RomaisaShazad/All_CA_Labs/All_CA_Labs.srcs/constrs_1/new/top_lab09.xdc]
WARNING: [Vivado 12-584] No ports matched 'btn'. [C:/Users/IBM/Desktop/CA_Labs_MyrahHussain_RomaisaShazad/CA_Labs_MyrahHussain_RomaisaShazad/All_CA_Labs/All_CA_Labs.srcs/constrs_1/new/top_lab09.xdc:16]
CRITICAL WARNING: [Common 17-55] 'set_property' expects at least one object. [C:/Users/IBM/Desktop/CA_Labs_MyrahHussain_RomaisaShazad/CA_Labs_MyrahHussain_RomaisaShazad/All_CA_Labs/All_CA_Labs.srcs/constrs_1/new/top_lab09.xdc:16]
Resolution: If [get_<value>] was used to populate the object, check to make sure this command returns at least one valid object.
WARNING: [Vivado 12-584] No ports matched 'btn'. [C:/Users/IBM/Desktop/CA_Labs_MyrahHussain_RomaisaShazad/CA_Labs_MyrahHussain_RomaisaShazad/All_CA_Labs/All_CA_Labs.srcs/constrs_1/new/top_lab09.xdc:17]
CRITICAL WARNING: [Common 17-55] 'set_property' expects at least one object. [C:/Users/IBM/Desktop/CA_Labs_MyrahHussain_RomaisaShazad/CA_Labs_MyrahHussain_RomaisaShazad/All_CA_Labs/All_CA_Labs.srcs/constrs_1/new/top_lab09.xdc:17]
Resolution: If [get_<value>] was used to populate the object, check to make sure this command returns at least one valid object.
WARNING: [Vivado 12-584] No ports matched 'sw[0]'. [C:/Users/IBM/Desktop/CA_Labs_MyrahHussain_RomaisaShazad/CA_Labs_MyrahHussain_RomaisaShazad/All_CA_Labs/All_CA_Labs.srcs/constrs_1/new/top_lab09.xdc:27]
CRITICAL WARNING: [Common 17-55] 'set_property' expects at least one object. [C:/Users/IBM/Desktop/CA_Labs_MyrahHussain_RomaisaShazad/CA_Labs_MyrahHussain_RomaisaShazad/All_CA_Labs/All_CA_Labs.srcs/constrs_1/new/top_lab09.xdc:27]
Resolution: If [get_<value>] was used to populate the object, check to make sure this command returns at least one valid object.
WARNING: [Vivado 12-584] No ports matched 'sw[1]'. [C:/Users/IBM/Desktop/CA_Labs_MyrahHussain_RomaisaShazad/CA_Labs_MyrahHussain_RomaisaShazad/All_CA_Labs/All_CA_Labs.srcs/constrs_1/new/top_lab09.xdc:28]
CRITICAL WARNING: [Common 17-55] 'set_property' expects at least one object. [C:/Users/IBM/Desktop/CA_Labs_MyrahHussain_RomaisaShazad/CA_Labs_MyrahHussain_RomaisaShazad/All_CA_Labs/All_CA_Labs.srcs/constrs_1/new/top_lab09.xdc:28]
Resolution: If [get_<value>] was used to populate the object, check to make sure this command returns at least one valid object.
WARNING: [Vivado 12-584] No ports matched 'sw[2]'. [C:/Users/IBM/Desktop/CA_Labs_MyrahHussain_RomaisaShazad/CA_Labs_MyrahHussain_RomaisaShazad/All_CA_Labs/All_CA_Labs.srcs/constrs_1/new/top_lab09.xdc:29]
CRITICAL WARNING: [Common 17-55] 'set_property' expects at least one object. [C:/Users/IBM/Desktop/CA_Labs_MyrahHussain_RomaisaShazad/CA_Labs_MyrahHussain_RomaisaShazad/All_CA_Labs/All_CA_Labs.srcs/constrs_1/new/top_lab09.xdc:29]
Resolution: If [get_<value>] was used to populate the object, check to make sure this command returns at least one valid object.
WARNING: [Vivado 12-584] No ports matched 'sw[3]'. [C:/Users/IBM/Desktop/CA_Labs_MyrahHussain_RomaisaShazad/CA_Labs_MyrahHussain_RomaisaShazad/All_CA_Labs/All_CA_Labs.srcs/constrs_1/new/top_lab09.xdc:30]
CRITICAL WARNING: [Common 17-55] 'set_property' expects at least one object. [C:/Users/IBM/Desktop/CA_Labs_MyrahHussain_RomaisaShazad/CA_Labs_MyrahHussain_RomaisaShazad/All_CA_Labs/All_CA_Labs.srcs/constrs_1/new/top_lab09.xdc:30]
Resolution: If [get_<value>] was used to populate the object, check to make sure this command returns at least one valid object.
WARNING: [Vivado 12-584] No ports matched 'sw[4]'. [C:/Users/IBM/Desktop/CA_Labs_MyrahHussain_RomaisaShazad/CA_Labs_MyrahHussain_RomaisaShazad/All_CA_Labs/All_CA_Labs.srcs/constrs_1/new/top_lab09.xdc:31]
CRITICAL WARNING: [Common 17-55] 'set_property' expects at least one object. [C:/Users/IBM/Desktop/CA_Labs_MyrahHussain_RomaisaShazad/CA_Labs_MyrahHussain_RomaisaShazad/All_CA_Labs/All_CA_Labs.srcs/constrs_1/new/top_lab09.xdc:31]
Resolution: If [get_<value>] was used to populate the object, check to make sure this command returns at least one valid object.
WARNING: [Vivado 12-584] No ports matched 'sw[5]'. [C:/Users/IBM/Desktop/CA_Labs_MyrahHussain_RomaisaShazad/CA_Labs_MyrahHussain_RomaisaShazad/All_CA_Labs/All_CA_Labs.srcs/constrs_1/new/top_lab09.xdc:32]
CRITICAL WARNING: [Common 17-55] 'set_property' expects at least one object. [C:/Users/IBM/Desktop/CA_Labs_MyrahHussain_RomaisaShazad/CA_Labs_MyrahHussain_RomaisaShazad/All_CA_Labs/All_CA_Labs.srcs/constrs_1/new/top_lab09.xdc:32]
Resolution: If [get_<value>] was used to populate the object, check to make sure this command returns at least one valid object.
WARNING: [Vivado 12-584] No ports matched 'sw[6]'. [C:/Users/IBM/Desktop/CA_Labs_MyrahHussain_RomaisaShazad/CA_Labs_MyrahHussain_RomaisaShazad/All_CA_Labs/All_CA_Labs.srcs/constrs_1/new/top_lab09.xdc:33]
CRITICAL WARNING: [Common 17-55] 'set_property' expects at least one object. [C:/Users/IBM/Desktop/CA_Labs_MyrahHussain_RomaisaShazad/CA_Labs_MyrahHussain_RomaisaShazad/All_CA_Labs/All_CA_Labs.srcs/constrs_1/new/top_lab09.xdc:33]
Resolution: If [get_<value>] was used to populate the object, check to make sure this command returns at least one valid object.
WARNING: [Vivado 12-584] No ports matched 'sw[7]'. [C:/Users/IBM/Desktop/CA_Labs_MyrahHussain_RomaisaShazad/CA_Labs_MyrahHussain_RomaisaShazad/All_CA_Labs/All_CA_Labs.srcs/constrs_1/new/top_lab09.xdc:34]
CRITICAL WARNING: [Common 17-55] 'set_property' expects at least one object. [C:/Users/IBM/Desktop/CA_Labs_MyrahHussain_RomaisaShazad/CA_Labs_MyrahHussain_RomaisaShazad/All_CA_Labs/All_CA_Labs.srcs/constrs_1/new/top_lab09.xdc:34]
Resolution: If [get_<value>] was used to populate the object, check to make sure this command returns at least one valid object.
WARNING: [Vivado 12-584] No ports matched 'sw[8]'. [C:/Users/IBM/Desktop/CA_Labs_MyrahHussain_RomaisaShazad/CA_Labs_MyrahHussain_RomaisaShazad/All_CA_Labs/All_CA_Labs.srcs/constrs_1/new/top_lab09.xdc:35]
CRITICAL WARNING: [Common 17-55] 'set_property' expects at least one object. [C:/Users/IBM/Desktop/CA_Labs_MyrahHussain_RomaisaShazad/CA_Labs_MyrahHussain_RomaisaShazad/All_CA_Labs/All_CA_Labs.srcs/constrs_1/new/top_lab09.xdc:35]
Resolution: If [get_<value>] was used to populate the object, check to make sure this command returns at least one valid object.
WARNING: [Vivado 12-584] No ports matched 'sw[9]'. [C:/Users/IBM/Desktop/CA_Labs_MyrahHussain_RomaisaShazad/CA_Labs_MyrahHussain_RomaisaShazad/All_CA_Labs/All_CA_Labs.srcs/constrs_1/new/top_lab09.xdc:36]
CRITICAL WARNING: [Common 17-55] 'set_property' expects at least one object. [C:/Users/IBM/Desktop/CA_Labs_MyrahHussain_RomaisaShazad/CA_Labs_MyrahHussain_RomaisaShazad/All_CA_Labs/All_CA_Labs.srcs/constrs_1/new/top_lab09.xdc:36]
Resolution: If [get_<value>] was used to populate the object, check to make sure this command returns at least one valid object.
WARNING: [Vivado 12-584] No ports matched 'sw[10]'. [C:/Users/IBM/Desktop/CA_Labs_MyrahHussain_RomaisaShazad/CA_Labs_MyrahHussain_RomaisaShazad/All_CA_Labs/All_CA_Labs.srcs/constrs_1/new/top_lab09.xdc:37]
CRITICAL WARNING: [Common 17-55] 'set_property' expects at least one object. [C:/Users/IBM/Desktop/CA_Labs_MyrahHussain_RomaisaShazad/CA_Labs_MyrahHussain_RomaisaShazad/All_CA_Labs/All_CA_Labs.srcs/constrs_1/new/top_lab09.xdc:37]
Resolution: If [get_<value>] was used to populate the object, check to make sure this command returns at least one valid object.
WARNING: [Vivado 12-584] No ports matched 'sw[11]'. [C:/Users/IBM/Desktop/CA_Labs_MyrahHussain_RomaisaShazad/CA_Labs_MyrahHussain_RomaisaShazad/All_CA_Labs/All_CA_Labs.srcs/constrs_1/new/top_lab09.xdc:38]
CRITICAL WARNING: [Common 17-55] 'set_property' expects at least one object. [C:/Users/IBM/Desktop/CA_Labs_MyrahHussain_RomaisaShazad/CA_Labs_MyrahHussain_RomaisaShazad/All_CA_Labs/All_CA_Labs.srcs/constrs_1/new/top_lab09.xdc:38]
Resolution: If [get_<value>] was used to populate the object, check to make sure this command returns at least one valid object.
WARNING: [Vivado 12-584] No ports matched 'sw[12]'. [C:/Users/IBM/Desktop/CA_Labs_MyrahHussain_RomaisaShazad/CA_Labs_MyrahHussain_RomaisaShazad/All_CA_Labs/All_CA_Labs.srcs/constrs_1/new/top_lab09.xdc:39]
CRITICAL WARNING: [Common 17-55] 'set_property' expects at least one object. [C:/Users/IBM/Desktop/CA_Labs_MyrahHussain_RomaisaShazad/CA_Labs_MyrahHussain_RomaisaShazad/All_CA_Labs/All_CA_Labs.srcs/constrs_1/new/top_lab09.xdc:39]
Resolution: If [get_<value>] was used to populate the object, check to make sure this command returns at least one valid object.
WARNING: [Vivado 12-584] No ports matched 'sw[13]'. [C:/Users/IBM/Desktop/CA_Labs_MyrahHussain_RomaisaShazad/CA_Labs_MyrahHussain_RomaisaShazad/All_CA_Labs/All_CA_Labs.srcs/constrs_1/new/top_lab09.xdc:40]
CRITICAL WARNING: [Common 17-55] 'set_property' expects at least one object. [C:/Users/IBM/Desktop/CA_Labs_MyrahHussain_RomaisaShazad/CA_Labs_MyrahHussain_RomaisaShazad/All_CA_Labs/All_CA_Labs.srcs/constrs_1/new/top_lab09.xdc:40]
Resolution: If [get_<value>] was used to populate the object, check to make sure this command returns at least one valid object.
WARNING: [Vivado 12-584] No ports matched 'sw[14]'. [C:/Users/IBM/Desktop/CA_Labs_MyrahHussain_RomaisaShazad/CA_Labs_MyrahHussain_RomaisaShazad/All_CA_Labs/All_CA_Labs.srcs/constrs_1/new/top_lab09.xdc:41]
CRITICAL WARNING: [Common 17-55] 'set_property' expects at least one object. [C:/Users/IBM/Desktop/CA_Labs_MyrahHussain_RomaisaShazad/CA_Labs_MyrahHussain_RomaisaShazad/All_CA_Labs/All_CA_Labs.srcs/constrs_1/new/top_lab09.xdc:41]
Resolution: If [get_<value>] was used to populate the object, check to make sure this command returns at least one valid object.
WARNING: [Vivado 12-584] No ports matched 'sw[15]'. [C:/Users/IBM/Desktop/CA_Labs_MyrahHussain_RomaisaShazad/CA_Labs_MyrahHussain_RomaisaShazad/All_CA_Labs/All_CA_Labs.srcs/constrs_1/new/top_lab09.xdc:42]
CRITICAL WARNING: [Common 17-55] 'set_property' expects at least one object. [C:/Users/IBM/Desktop/CA_Labs_MyrahHussain_RomaisaShazad/CA_Labs_MyrahHussain_RomaisaShazad/All_CA_Labs/All_CA_Labs.srcs/constrs_1/new/top_lab09.xdc:42]
Resolution: If [get_<value>] was used to populate the object, check to make sure this command returns at least one valid object.
WARNING: [Vivado 12-584] No ports matched 'sw[*]'. [C:/Users/IBM/Desktop/CA_Labs_MyrahHussain_RomaisaShazad/CA_Labs_MyrahHussain_RomaisaShazad/All_CA_Labs/All_CA_Labs.srcs/constrs_1/new/top_lab09.xdc:43]
CRITICAL WARNING: [Common 17-55] 'set_property' expects at least one object. [C:/Users/IBM/Desktop/CA_Labs_MyrahHussain_RomaisaShazad/CA_Labs_MyrahHussain_RomaisaShazad/All_CA_Labs/All_CA_Labs.srcs/constrs_1/new/top_lab09.xdc:43]
Resolution: If [get_<value>] was used to populate the object, check to make sure this command returns at least one valid object.
WARNING: [Vivado 12-584] No ports matched 'led[0]'. [C:/Users/IBM/Desktop/CA_Labs_MyrahHussain_RomaisaShazad/CA_Labs_MyrahHussain_RomaisaShazad/All_CA_Labs/All_CA_Labs.srcs/constrs_1/new/top_lab09.xdc:52]
CRITICAL WARNING: [Common 17-55] 'set_property' expects at least one object. [C:/Users/IBM/Desktop/CA_Labs_MyrahHussain_RomaisaShazad/CA_Labs_MyrahHussain_RomaisaShazad/All_CA_Labs/All_CA_Labs.srcs/constrs_1/new/top_lab09.xdc:52]
Resolution: If [get_<value>] was used to populate the object, check to make sure this command returns at least one valid object.
WARNING: [Vivado 12-584] No ports matched 'led[1]'. [C:/Users/IBM/Desktop/CA_Labs_MyrahHussain_RomaisaShazad/CA_Labs_MyrahHussain_RomaisaShazad/All_CA_Labs/All_CA_Labs.srcs/constrs_1/new/top_lab09.xdc:53]
CRITICAL WARNING: [Common 17-55] 'set_property' expects at least one object. [C:/Users/IBM/Desktop/CA_Labs_MyrahHussain_RomaisaShazad/CA_Labs_MyrahHussain_RomaisaShazad/All_CA_Labs/All_CA_Labs.srcs/constrs_1/new/top_lab09.xdc:53]
Resolution: If [get_<value>] was used to populate the object, check to make sure this command returns at least one valid object.
WARNING: [Vivado 12-584] No ports matched 'led[2]'. [C:/Users/IBM/Desktop/CA_Labs_MyrahHussain_RomaisaShazad/CA_Labs_MyrahHussain_RomaisaShazad/All_CA_Labs/All_CA_Labs.srcs/constrs_1/new/top_lab09.xdc:54]
CRITICAL WARNING: [Common 17-55] 'set_property' expects at least one object. [C:/Users/IBM/Desktop/CA_Labs_MyrahHussain_RomaisaShazad/CA_Labs_MyrahHussain_RomaisaShazad/All_CA_Labs/All_CA_Labs.srcs/constrs_1/new/top_lab09.xdc:54]
Resolution: If [get_<value>] was used to populate the object, check to make sure this command returns at least one valid object.
WARNING: [Vivado 12-584] No ports matched 'led[3]'. [C:/Users/IBM/Desktop/CA_Labs_MyrahHussain_RomaisaShazad/CA_Labs_MyrahHussain_RomaisaShazad/All_CA_Labs/All_CA_Labs.srcs/constrs_1/new/top_lab09.xdc:55]
CRITICAL WARNING: [Common 17-55] 'set_property' expects at least one object. [C:/Users/IBM/Desktop/CA_Labs_MyrahHussain_RomaisaShazad/CA_Labs_MyrahHussain_RomaisaShazad/All_CA_Labs/All_CA_Labs.srcs/constrs_1/new/top_lab09.xdc:55]
Resolution: If [get_<value>] was used to populate the object, check to make sure this command returns at least one valid object.
WARNING: [Vivado 12-584] No ports matched 'led[4]'. [C:/Users/IBM/Desktop/CA_Labs_MyrahHussain_RomaisaShazad/CA_Labs_MyrahHussain_RomaisaShazad/All_CA_Labs/All_CA_Labs.srcs/constrs_1/new/top_lab09.xdc:56]
CRITICAL WARNING: [Common 17-55] 'set_property' expects at least one object. [C:/Users/IBM/Desktop/CA_Labs_MyrahHussain_RomaisaShazad/CA_Labs_MyrahHussain_RomaisaShazad/All_CA_Labs/All_CA_Labs.srcs/constrs_1/new/top_lab09.xdc:56]
Resolution: If [get_<value>] was used to populate the object, check to make sure this command returns at least one valid object.
WARNING: [Vivado 12-584] No ports matched 'led[5]'. [C:/Users/IBM/Desktop/CA_Labs_MyrahHussain_RomaisaShazad/CA_Labs_MyrahHussain_RomaisaShazad/All_CA_Labs/All_CA_Labs.srcs/constrs_1/new/top_lab09.xdc:57]
CRITICAL WARNING: [Common 17-55] 'set_property' expects at least one object. [C:/Users/IBM/Desktop/CA_Labs_MyrahHussain_RomaisaShazad/CA_Labs_MyrahHussain_RomaisaShazad/All_CA_Labs/All_CA_Labs.srcs/constrs_1/new/top_lab09.xdc:57]
Resolution: If [get_<value>] was used to populate the object, check to make sure this command returns at least one valid object.
WARNING: [Vivado 12-584] No ports matched 'led[6]'. [C:/Users/IBM/Desktop/CA_Labs_MyrahHussain_RomaisaShazad/CA_Labs_MyrahHussain_RomaisaShazad/All_CA_Labs/All_CA_Labs.srcs/constrs_1/new/top_lab09.xdc:58]
CRITICAL WARNING: [Common 17-55] 'set_property' expects at least one object. [C:/Users/IBM/Desktop/CA_Labs_MyrahHussain_RomaisaShazad/CA_Labs_MyrahHussain_RomaisaShazad/All_CA_Labs/All_CA_Labs.srcs/constrs_1/new/top_lab09.xdc:58]
Resolution: If [get_<value>] was used to populate the object, check to make sure this command returns at least one valid object.
WARNING: [Vivado 12-584] No ports matched 'led[7]'. [C:/Users/IBM/Desktop/CA_Labs_MyrahHussain_RomaisaShazad/CA_Labs_MyrahHussain_RomaisaShazad/All_CA_Labs/All_CA_Labs.srcs/constrs_1/new/top_lab09.xdc:59]
CRITICAL WARNING: [Common 17-55] 'set_property' expects at least one object. [C:/Users/IBM/Desktop/CA_Labs_MyrahHussain_RomaisaShazad/CA_Labs_MyrahHussain_RomaisaShazad/All_CA_Labs/All_CA_Labs.srcs/constrs_1/new/top_lab09.xdc:59]
Resolution: If [get_<value>] was used to populate the object, check to make sure this command returns at least one valid object.
WARNING: [Vivado 12-584] No ports matched 'led[8]'. [C:/Users/IBM/Desktop/CA_Labs_MyrahHussain_RomaisaShazad/CA_Labs_MyrahHussain_RomaisaShazad/All_CA_Labs/All_CA_Labs.srcs/constrs_1/new/top_lab09.xdc:60]
CRITICAL WARNING: [Common 17-55] 'set_property' expects at least one object. [C:/Users/IBM/Desktop/CA_Labs_MyrahHussain_RomaisaShazad/CA_Labs_MyrahHussain_RomaisaShazad/All_CA_Labs/All_CA_Labs.srcs/constrs_1/new/top_lab09.xdc:60]
Resolution: If [get_<value>] was used to populate the object, check to make sure this command returns at least one valid object.
WARNING: [Vivado 12-584] No ports matched 'led[9]'. [C:/Users/IBM/Desktop/CA_Labs_MyrahHussain_RomaisaShazad/CA_Labs_MyrahHussain_RomaisaShazad/All_CA_Labs/All_CA_Labs.srcs/constrs_1/new/top_lab09.xdc:61]
CRITICAL WARNING: [Common 17-55] 'set_property' expects at least one object. [C:/Users/IBM/Desktop/CA_Labs_MyrahHussain_RomaisaShazad/CA_Labs_MyrahHussain_RomaisaShazad/All_CA_Labs/All_CA_Labs.srcs/constrs_1/new/top_lab09.xdc:61]
Resolution: If [get_<value>] was used to populate the object, check to make sure this command returns at least one valid object.
WARNING: [Vivado 12-584] No ports matched 'led[10]'. [C:/Users/IBM/Desktop/CA_Labs_MyrahHussain_RomaisaShazad/CA_Labs_MyrahHussain_RomaisaShazad/All_CA_Labs/All_CA_Labs.srcs/constrs_1/new/top_lab09.xdc:62]
CRITICAL WARNING: [Common 17-55] 'set_property' expects at least one object. [C:/Users/IBM/Desktop/CA_Labs_MyrahHussain_RomaisaShazad/CA_Labs_MyrahHussain_RomaisaShazad/All_CA_Labs/All_CA_Labs.srcs/constrs_1/new/top_lab09.xdc:62]
Resolution: If [get_<value>] was used to populate the object, check to make sure this command returns at least one valid object.
WARNING: [Vivado 12-584] No ports matched 'led[11]'. [C:/Users/IBM/Desktop/CA_Labs_MyrahHussain_RomaisaShazad/CA_Labs_MyrahHussain_RomaisaShazad/All_CA_Labs/All_CA_Labs.srcs/constrs_1/new/top_lab09.xdc:63]
CRITICAL WARNING: [Common 17-55] 'set_property' expects at least one object. [C:/Users/IBM/Desktop/CA_Labs_MyrahHussain_RomaisaShazad/CA_Labs_MyrahHussain_RomaisaShazad/All_CA_Labs/All_CA_Labs.srcs/constrs_1/new/top_lab09.xdc:63]
Resolution: If [get_<value>] was used to populate the object, check to make sure this command returns at least one valid object.
WARNING: [Vivado 12-584] No ports matched 'led[12]'. [C:/Users/IBM/Desktop/CA_Labs_MyrahHussain_RomaisaShazad/CA_Labs_MyrahHussain_RomaisaShazad/All_CA_Labs/All_CA_Labs.srcs/constrs_1/new/top_lab09.xdc:64]
CRITICAL WARNING: [Common 17-55] 'set_property' expects at least one object. [C:/Users/IBM/Desktop/CA_Labs_MyrahHussain_RomaisaShazad/CA_Labs_MyrahHussain_RomaisaShazad/All_CA_Labs/All_CA_Labs.srcs/constrs_1/new/top_lab09.xdc:64]
Resolution: If [get_<value>] was used to populate the object, check to make sure this command returns at least one valid object.
WARNING: [Vivado 12-584] No ports matched 'led[13]'. [C:/Users/IBM/Desktop/CA_Labs_MyrahHussain_RomaisaShazad/CA_Labs_MyrahHussain_RomaisaShazad/All_CA_Labs/All_CA_Labs.srcs/constrs_1/new/top_lab09.xdc:65]
CRITICAL WARNING: [Common 17-55] 'set_property' expects at least one object. [C:/Users/IBM/Desktop/CA_Labs_MyrahHussain_RomaisaShazad/CA_Labs_MyrahHussain_RomaisaShazad/All_CA_Labs/All_CA_Labs.srcs/constrs_1/new/top_lab09.xdc:65]
Resolution: If [get_<value>] was used to populate the object, check to make sure this command returns at least one valid object.
WARNING: [Vivado 12-584] No ports matched 'led[14]'. [C:/Users/IBM/Desktop/CA_Labs_MyrahHussain_RomaisaShazad/CA_Labs_MyrahHussain_RomaisaShazad/All_CA_Labs/All_CA_Labs.srcs/constrs_1/new/top_lab09.xdc:66]
INFO: [Common 17-14] Message 'Vivado 12-584' appears 100 times and further instances of the messages will be disabled. Use the Tcl command set_msg_config to change the current settings. [C:/Users/IBM/Desktop/CA_Labs_MyrahHussain_RomaisaShazad/CA_Labs_MyrahHussain_RomaisaShazad/All_CA_Labs/All_CA_Labs.srcs/constrs_1/new/top_lab09.xdc:66]
CRITICAL WARNING: [Common 17-55] 'set_property' expects at least one object. [C:/Users/IBM/Desktop/CA_Labs_MyrahHussain_RomaisaShazad/CA_Labs_MyrahHussain_RomaisaShazad/All_CA_Labs/All_CA_Labs.srcs/constrs_1/new/top_lab09.xdc:66]
Resolution: If [get_<value>] was used to populate the object, check to make sure this command returns at least one valid object.
Finished Parsing XDC File [C:/Users/IBM/Desktop/CA_Labs_MyrahHussain_RomaisaShazad/CA_Labs_MyrahHussain_RomaisaShazad/All_CA_Labs/All_CA_Labs.srcs/constrs_1/new/top_lab09.xdc]
Completed Processing XDC Constraints

INFO: [Opt 31-138] Pushed 0 inverter(s) to 0 load pin(s).
Netlist sorting complete. Time (s): cpu = 00:00:00 ; elapsed = 00:00:00.005 . Memory (MB): peak = 2848.547 ; gain = 0.000
INFO: [Project 1-111] Unisim Transformation Summary:
No Unisim elements were transformed.

RTL Elaboration Complete:  : Time (s): cpu = 00:00:24 ; elapsed = 00:00:29 . Memory (MB): peak = 3070.625 ; gain = 260.160
35 Infos, 100 Warnings, 100 Critical Warnings and 0 Errors encountered.
synth_design completed successfully
synth_design: Time (s): cpu = 00:00:24 ; elapsed = 00:00:29 . Memory (MB): peak = 3070.625 ; gain = 260.160
write_schematic C:/Users/IBM/Downloads/schematiclab11.sch
C:/Users/IBM/Downloads/schematiclab11.sch
close_design
open_run synth_1 -name synth_1
Design is defaulting to impl run constrset: constrs_1
Design is defaulting to synth run part: xc7a35tcpg236-1
Netlist sorting complete. Time (s): cpu = 00:00:00 ; elapsed = 00:00:00.045 . Memory (MB): peak = 3276.266 ; gain = 0.000
INFO: [Netlist 29-17] Analyzing 1940 Unisim elements for replacement
INFO: [Netlist 29-28] Unisim Transformation completed in 0 CPU seconds
INFO: [Project 1-479] Netlist was created with Vivado 2020.1
INFO: [Project 1-570] Preparing netlist for logic optimization
Parsing XDC File [C:/Users/IBM/Desktop/CA_Labs_MyrahHussain_RomaisaShazad/CA_Labs_MyrahHussain_RomaisaShazad/All_CA_Labs/All_CA_Labs.srcs/constrs_1/new/constrlab8.xdc]
WARNING: [Vivado 12-584] No ports matched 'switches_in[0]'. [C:/Users/IBM/Desktop/CA_Labs_MyrahHussain_RomaisaShazad/CA_Labs_MyrahHussain_RomaisaShazad/All_CA_Labs/All_CA_Labs.srcs/constrs_1/new/constrlab8.xdc:7]
CRITICAL WARNING: [Common 17-55] 'set_property' expects at least one object. [C:/Users/IBM/Desktop/CA_Labs_MyrahHussain_RomaisaShazad/CA_Labs_MyrahHussain_RomaisaShazad/All_CA_Labs/All_CA_Labs.srcs/constrs_1/new/constrlab8.xdc:7]
Resolution: If [get_<value>] was used to populate the object, check to make sure this command returns at least one valid object.
WARNING: [Vivado 12-584] No ports matched 'switches_in[0]'. [C:/Users/IBM/Desktop/CA_Labs_MyrahHussain_RomaisaShazad/CA_Labs_MyrahHussain_RomaisaShazad/All_CA_Labs/All_CA_Labs.srcs/constrs_1/new/constrlab8.xdc:8]
CRITICAL WARNING: [Common 17-55] 'set_property' expects at least one object. [C:/Users/IBM/Desktop/CA_Labs_MyrahHussain_RomaisaShazad/CA_Labs_MyrahHussain_RomaisaShazad/All_CA_Labs/All_CA_Labs.srcs/constrs_1/new/constrlab8.xdc:8]
Resolution: If [get_<value>] was used to populate the object, check to make sure this command returns at least one valid object.
WARNING: [Vivado 12-584] No ports matched 'switches_in[1]'. [C:/Users/IBM/Desktop/CA_Labs_MyrahHussain_RomaisaShazad/CA_Labs_MyrahHussain_RomaisaShazad/All_CA_Labs/All_CA_Labs.srcs/constrs_1/new/constrlab8.xdc:9]
CRITICAL WARNING: [Common 17-55] 'set_property' expects at least one object. [C:/Users/IBM/Desktop/CA_Labs_MyrahHussain_RomaisaShazad/CA_Labs_MyrahHussain_RomaisaShazad/All_CA_Labs/All_CA_Labs.srcs/constrs_1/new/constrlab8.xdc:9]
Resolution: If [get_<value>] was used to populate the object, check to make sure this command returns at least one valid object.
WARNING: [Vivado 12-584] No ports matched 'switches_in[1]'. [C:/Users/IBM/Desktop/CA_Labs_MyrahHussain_RomaisaShazad/CA_Labs_MyrahHussain_RomaisaShazad/All_CA_Labs/All_CA_Labs.srcs/constrs_1/new/constrlab8.xdc:10]
CRITICAL WARNING: [Common 17-55] 'set_property' expects at least one object. [C:/Users/IBM/Desktop/CA_Labs_MyrahHussain_RomaisaShazad/CA_Labs_MyrahHussain_RomaisaShazad/All_CA_Labs/All_CA_Labs.srcs/constrs_1/new/constrlab8.xdc:10]
Resolution: If [get_<value>] was used to populate the object, check to make sure this command returns at least one valid object.
WARNING: [Vivado 12-584] No ports matched 'switches_in[2]'. [C:/Users/IBM/Desktop/CA_Labs_MyrahHussain_RomaisaShazad/CA_Labs_MyrahHussain_RomaisaShazad/All_CA_Labs/All_CA_Labs.srcs/constrs_1/new/constrlab8.xdc:11]
CRITICAL WARNING: [Common 17-55] 'set_property' expects at least one object. [C:/Users/IBM/Desktop/CA_Labs_MyrahHussain_RomaisaShazad/CA_Labs_MyrahHussain_RomaisaShazad/All_CA_Labs/All_CA_Labs.srcs/constrs_1/new/constrlab8.xdc:11]
Resolution: If [get_<value>] was used to populate the object, check to make sure this command returns at least one valid object.
WARNING: [Vivado 12-584] No ports matched 'switches_in[2]'. [C:/Users/IBM/Desktop/CA_Labs_MyrahHussain_RomaisaShazad/CA_Labs_MyrahHussain_RomaisaShazad/All_CA_Labs/All_CA_Labs.srcs/constrs_1/new/constrlab8.xdc:12]
CRITICAL WARNING: [Common 17-55] 'set_property' expects at least one object. [C:/Users/IBM/Desktop/CA_Labs_MyrahHussain_RomaisaShazad/CA_Labs_MyrahHussain_RomaisaShazad/All_CA_Labs/All_CA_Labs.srcs/constrs_1/new/constrlab8.xdc:12]
Resolution: If [get_<value>] was used to populate the object, check to make sure this command returns at least one valid object.
WARNING: [Vivado 12-584] No ports matched 'switches_in[3]'. [C:/Users/IBM/Desktop/CA_Labs_MyrahHussain_RomaisaShazad/CA_Labs_MyrahHussain_RomaisaShazad/All_CA_Labs/All_CA_Labs.srcs/constrs_1/new/constrlab8.xdc:13]
CRITICAL WARNING: [Common 17-55] 'set_property' expects at least one object. [C:/Users/IBM/Desktop/CA_Labs_MyrahHussain_RomaisaShazad/CA_Labs_MyrahHussain_RomaisaShazad/All_CA_Labs/All_CA_Labs.srcs/constrs_1/new/constrlab8.xdc:13]
Resolution: If [get_<value>] was used to populate the object, check to make sure this command returns at least one valid object.
WARNING: [Vivado 12-584] No ports matched 'switches_in[3]'. [C:/Users/IBM/Desktop/CA_Labs_MyrahHussain_RomaisaShazad/CA_Labs_MyrahHussain_RomaisaShazad/All_CA_Labs/All_CA_Labs.srcs/constrs_1/new/constrlab8.xdc:14]
CRITICAL WARNING: [Common 17-55] 'set_property' expects at least one object. [C:/Users/IBM/Desktop/CA_Labs_MyrahHussain_RomaisaShazad/CA_Labs_MyrahHussain_RomaisaShazad/All_CA_Labs/All_CA_Labs.srcs/constrs_1/new/constrlab8.xdc:14]
Resolution: If [get_<value>] was used to populate the object, check to make sure this command returns at least one valid object.
WARNING: [Vivado 12-584] No ports matched 'switches_in[4]'. [C:/Users/IBM/Desktop/CA_Labs_MyrahHussain_RomaisaShazad/CA_Labs_MyrahHussain_RomaisaShazad/All_CA_Labs/All_CA_Labs.srcs/constrs_1/new/constrlab8.xdc:15]
CRITICAL WARNING: [Common 17-55] 'set_property' expects at least one object. [C:/Users/IBM/Desktop/CA_Labs_MyrahHussain_RomaisaShazad/CA_Labs_MyrahHussain_RomaisaShazad/All_CA_Labs/All_CA_Labs.srcs/constrs_1/new/constrlab8.xdc:15]
Resolution: If [get_<value>] was used to populate the object, check to make sure this command returns at least one valid object.
WARNING: [Vivado 12-584] No ports matched 'switches_in[4]'. [C:/Users/IBM/Desktop/CA_Labs_MyrahHussain_RomaisaShazad/CA_Labs_MyrahHussain_RomaisaShazad/All_CA_Labs/All_CA_Labs.srcs/constrs_1/new/constrlab8.xdc:16]
CRITICAL WARNING: [Common 17-55] 'set_property' expects at least one object. [C:/Users/IBM/Desktop/CA_Labs_MyrahHussain_RomaisaShazad/CA_Labs_MyrahHussain_RomaisaShazad/All_CA_Labs/All_CA_Labs.srcs/constrs_1/new/constrlab8.xdc:16]
Resolution: If [get_<value>] was used to populate the object, check to make sure this command returns at least one valid object.
WARNING: [Vivado 12-584] No ports matched 'switches_in[5]'. [C:/Users/IBM/Desktop/CA_Labs_MyrahHussain_RomaisaShazad/CA_Labs_MyrahHussain_RomaisaShazad/All_CA_Labs/All_CA_Labs.srcs/constrs_1/new/constrlab8.xdc:17]
CRITICAL WARNING: [Common 17-55] 'set_property' expects at least one object. [C:/Users/IBM/Desktop/CA_Labs_MyrahHussain_RomaisaShazad/CA_Labs_MyrahHussain_RomaisaShazad/All_CA_Labs/All_CA_Labs.srcs/constrs_1/new/constrlab8.xdc:17]
Resolution: If [get_<value>] was used to populate the object, check to make sure this command returns at least one valid object.
WARNING: [Vivado 12-584] No ports matched 'switches_in[5]'. [C:/Users/IBM/Desktop/CA_Labs_MyrahHussain_RomaisaShazad/CA_Labs_MyrahHussain_RomaisaShazad/All_CA_Labs/All_CA_Labs.srcs/constrs_1/new/constrlab8.xdc:18]
CRITICAL WARNING: [Common 17-55] 'set_property' expects at least one object. [C:/Users/IBM/Desktop/CA_Labs_MyrahHussain_RomaisaShazad/CA_Labs_MyrahHussain_RomaisaShazad/All_CA_Labs/All_CA_Labs.srcs/constrs_1/new/constrlab8.xdc:18]
Resolution: If [get_<value>] was used to populate the object, check to make sure this command returns at least one valid object.
WARNING: [Vivado 12-584] No ports matched 'switches_in[6]'. [C:/Users/IBM/Desktop/CA_Labs_MyrahHussain_RomaisaShazad/CA_Labs_MyrahHussain_RomaisaShazad/All_CA_Labs/All_CA_Labs.srcs/constrs_1/new/constrlab8.xdc:19]
CRITICAL WARNING: [Common 17-55] 'set_property' expects at least one object. [C:/Users/IBM/Desktop/CA_Labs_MyrahHussain_RomaisaShazad/CA_Labs_MyrahHussain_RomaisaShazad/All_CA_Labs/All_CA_Labs.srcs/constrs_1/new/constrlab8.xdc:19]
Resolution: If [get_<value>] was used to populate the object, check to make sure this command returns at least one valid object.
WARNING: [Vivado 12-584] No ports matched 'switches_in[6]'. [C:/Users/IBM/Desktop/CA_Labs_MyrahHussain_RomaisaShazad/CA_Labs_MyrahHussain_RomaisaShazad/All_CA_Labs/All_CA_Labs.srcs/constrs_1/new/constrlab8.xdc:20]
CRITICAL WARNING: [Common 17-55] 'set_property' expects at least one object. [C:/Users/IBM/Desktop/CA_Labs_MyrahHussain_RomaisaShazad/CA_Labs_MyrahHussain_RomaisaShazad/All_CA_Labs/All_CA_Labs.srcs/constrs_1/new/constrlab8.xdc:20]
Resolution: If [get_<value>] was used to populate the object, check to make sure this command returns at least one valid object.
WARNING: [Vivado 12-584] No ports matched 'switches_in[7]'. [C:/Users/IBM/Desktop/CA_Labs_MyrahHussain_RomaisaShazad/CA_Labs_MyrahHussain_RomaisaShazad/All_CA_Labs/All_CA_Labs.srcs/constrs_1/new/constrlab8.xdc:21]
CRITICAL WARNING: [Common 17-55] 'set_property' expects at least one object. [C:/Users/IBM/Desktop/CA_Labs_MyrahHussain_RomaisaShazad/CA_Labs_MyrahHussain_RomaisaShazad/All_CA_Labs/All_CA_Labs.srcs/constrs_1/new/constrlab8.xdc:21]
Resolution: If [get_<value>] was used to populate the object, check to make sure this command returns at least one valid object.
WARNING: [Vivado 12-584] No ports matched 'switches_in[7]'. [C:/Users/IBM/Desktop/CA_Labs_MyrahHussain_RomaisaShazad/CA_Labs_MyrahHussain_RomaisaShazad/All_CA_Labs/All_CA_Labs.srcs/constrs_1/new/constrlab8.xdc:22]
CRITICAL WARNING: [Common 17-55] 'set_property' expects at least one object. [C:/Users/IBM/Desktop/CA_Labs_MyrahHussain_RomaisaShazad/CA_Labs_MyrahHussain_RomaisaShazad/All_CA_Labs/All_CA_Labs.srcs/constrs_1/new/constrlab8.xdc:22]
Resolution: If [get_<value>] was used to populate the object, check to make sure this command returns at least one valid object.
WARNING: [Vivado 12-584] No ports matched 'switches_in[8]'. [C:/Users/IBM/Desktop/CA_Labs_MyrahHussain_RomaisaShazad/CA_Labs_MyrahHussain_RomaisaShazad/All_CA_Labs/All_CA_Labs.srcs/constrs_1/new/constrlab8.xdc:23]
CRITICAL WARNING: [Common 17-55] 'set_property' expects at least one object. [C:/Users/IBM/Desktop/CA_Labs_MyrahHussain_RomaisaShazad/CA_Labs_MyrahHussain_RomaisaShazad/All_CA_Labs/All_CA_Labs.srcs/constrs_1/new/constrlab8.xdc:23]
Resolution: If [get_<value>] was used to populate the object, check to make sure this command returns at least one valid object.
WARNING: [Vivado 12-584] No ports matched 'switches_in[8]'. [C:/Users/IBM/Desktop/CA_Labs_MyrahHussain_RomaisaShazad/CA_Labs_MyrahHussain_RomaisaShazad/All_CA_Labs/All_CA_Labs.srcs/constrs_1/new/constrlab8.xdc:24]
CRITICAL WARNING: [Common 17-55] 'set_property' expects at least one object. [C:/Users/IBM/Desktop/CA_Labs_MyrahHussain_RomaisaShazad/CA_Labs_MyrahHussain_RomaisaShazad/All_CA_Labs/All_CA_Labs.srcs/constrs_1/new/constrlab8.xdc:24]
Resolution: If [get_<value>] was used to populate the object, check to make sure this command returns at least one valid object.
WARNING: [Vivado 12-584] No ports matched 'switches_in[9]'. [C:/Users/IBM/Desktop/CA_Labs_MyrahHussain_RomaisaShazad/CA_Labs_MyrahHussain_RomaisaShazad/All_CA_Labs/All_CA_Labs.srcs/constrs_1/new/constrlab8.xdc:25]
CRITICAL WARNING: [Common 17-55] 'set_property' expects at least one object. [C:/Users/IBM/Desktop/CA_Labs_MyrahHussain_RomaisaShazad/CA_Labs_MyrahHussain_RomaisaShazad/All_CA_Labs/All_CA_Labs.srcs/constrs_1/new/constrlab8.xdc:25]
Resolution: If [get_<value>] was used to populate the object, check to make sure this command returns at least one valid object.
WARNING: [Vivado 12-584] No ports matched 'switches_in[9]'. [C:/Users/IBM/Desktop/CA_Labs_MyrahHussain_RomaisaShazad/CA_Labs_MyrahHussain_RomaisaShazad/All_CA_Labs/All_CA_Labs.srcs/constrs_1/new/constrlab8.xdc:26]
CRITICAL WARNING: [Common 17-55] 'set_property' expects at least one object. [C:/Users/IBM/Desktop/CA_Labs_MyrahHussain_RomaisaShazad/CA_Labs_MyrahHussain_RomaisaShazad/All_CA_Labs/All_CA_Labs.srcs/constrs_1/new/constrlab8.xdc:26]
Resolution: If [get_<value>] was used to populate the object, check to make sure this command returns at least one valid object.
WARNING: [Vivado 12-584] No ports matched 'switches_in[10]'. [C:/Users/IBM/Desktop/CA_Labs_MyrahHussain_RomaisaShazad/CA_Labs_MyrahHussain_RomaisaShazad/All_CA_Labs/All_CA_Labs.srcs/constrs_1/new/constrlab8.xdc:27]
CRITICAL WARNING: [Common 17-55] 'set_property' expects at least one object. [C:/Users/IBM/Desktop/CA_Labs_MyrahHussain_RomaisaShazad/CA_Labs_MyrahHussain_RomaisaShazad/All_CA_Labs/All_CA_Labs.srcs/constrs_1/new/constrlab8.xdc:27]
Resolution: If [get_<value>] was used to populate the object, check to make sure this command returns at least one valid object.
WARNING: [Vivado 12-584] No ports matched 'switches_in[10]'. [C:/Users/IBM/Desktop/CA_Labs_MyrahHussain_RomaisaShazad/CA_Labs_MyrahHussain_RomaisaShazad/All_CA_Labs/All_CA_Labs.srcs/constrs_1/new/constrlab8.xdc:28]
CRITICAL WARNING: [Common 17-55] 'set_property' expects at least one object. [C:/Users/IBM/Desktop/CA_Labs_MyrahHussain_RomaisaShazad/CA_Labs_MyrahHussain_RomaisaShazad/All_CA_Labs/All_CA_Labs.srcs/constrs_1/new/constrlab8.xdc:28]
Resolution: If [get_<value>] was used to populate the object, check to make sure this command returns at least one valid object.
WARNING: [Vivado 12-584] No ports matched 'switches_in[11]'. [C:/Users/IBM/Desktop/CA_Labs_MyrahHussain_RomaisaShazad/CA_Labs_MyrahHussain_RomaisaShazad/All_CA_Labs/All_CA_Labs.srcs/constrs_1/new/constrlab8.xdc:29]
CRITICAL WARNING: [Common 17-55] 'set_property' expects at least one object. [C:/Users/IBM/Desktop/CA_Labs_MyrahHussain_RomaisaShazad/CA_Labs_MyrahHussain_RomaisaShazad/All_CA_Labs/All_CA_Labs.srcs/constrs_1/new/constrlab8.xdc:29]
Resolution: If [get_<value>] was used to populate the object, check to make sure this command returns at least one valid object.
WARNING: [Vivado 12-584] No ports matched 'switches_in[11]'. [C:/Users/IBM/Desktop/CA_Labs_MyrahHussain_RomaisaShazad/CA_Labs_MyrahHussain_RomaisaShazad/All_CA_Labs/All_CA_Labs.srcs/constrs_1/new/constrlab8.xdc:30]
CRITICAL WARNING: [Common 17-55] 'set_property' expects at least one object. [C:/Users/IBM/Desktop/CA_Labs_MyrahHussain_RomaisaShazad/CA_Labs_MyrahHussain_RomaisaShazad/All_CA_Labs/All_CA_Labs.srcs/constrs_1/new/constrlab8.xdc:30]
Resolution: If [get_<value>] was used to populate the object, check to make sure this command returns at least one valid object.
WARNING: [Vivado 12-584] No ports matched 'switches_in[12]'. [C:/Users/IBM/Desktop/CA_Labs_MyrahHussain_RomaisaShazad/CA_Labs_MyrahHussain_RomaisaShazad/All_CA_Labs/All_CA_Labs.srcs/constrs_1/new/constrlab8.xdc:31]
CRITICAL WARNING: [Common 17-55] 'set_property' expects at least one object. [C:/Users/IBM/Desktop/CA_Labs_MyrahHussain_RomaisaShazad/CA_Labs_MyrahHussain_RomaisaShazad/All_CA_Labs/All_CA_Labs.srcs/constrs_1/new/constrlab8.xdc:31]
Resolution: If [get_<value>] was used to populate the object, check to make sure this command returns at least one valid object.
WARNING: [Vivado 12-584] No ports matched 'switches_in[12]'. [C:/Users/IBM/Desktop/CA_Labs_MyrahHussain_RomaisaShazad/CA_Labs_MyrahHussain_RomaisaShazad/All_CA_Labs/All_CA_Labs.srcs/constrs_1/new/constrlab8.xdc:32]
CRITICAL WARNING: [Common 17-55] 'set_property' expects at least one object. [C:/Users/IBM/Desktop/CA_Labs_MyrahHussain_RomaisaShazad/CA_Labs_MyrahHussain_RomaisaShazad/All_CA_Labs/All_CA_Labs.srcs/constrs_1/new/constrlab8.xdc:32]
Resolution: If [get_<value>] was used to populate the object, check to make sure this command returns at least one valid object.
WARNING: [Vivado 12-584] No ports matched 'switches_in[13]'. [C:/Users/IBM/Desktop/CA_Labs_MyrahHussain_RomaisaShazad/CA_Labs_MyrahHussain_RomaisaShazad/All_CA_Labs/All_CA_Labs.srcs/constrs_1/new/constrlab8.xdc:33]
CRITICAL WARNING: [Common 17-55] 'set_property' expects at least one object. [C:/Users/IBM/Desktop/CA_Labs_MyrahHussain_RomaisaShazad/CA_Labs_MyrahHussain_RomaisaShazad/All_CA_Labs/All_CA_Labs.srcs/constrs_1/new/constrlab8.xdc:33]
Resolution: If [get_<value>] was used to populate the object, check to make sure this command returns at least one valid object.
WARNING: [Vivado 12-584] No ports matched 'switches_in[13]'. [C:/Users/IBM/Desktop/CA_Labs_MyrahHussain_RomaisaShazad/CA_Labs_MyrahHussain_RomaisaShazad/All_CA_Labs/All_CA_Labs.srcs/constrs_1/new/constrlab8.xdc:34]
CRITICAL WARNING: [Common 17-55] 'set_property' expects at least one object. [C:/Users/IBM/Desktop/CA_Labs_MyrahHussain_RomaisaShazad/CA_Labs_MyrahHussain_RomaisaShazad/All_CA_Labs/All_CA_Labs.srcs/constrs_1/new/constrlab8.xdc:34]
Resolution: If [get_<value>] was used to populate the object, check to make sure this command returns at least one valid object.
WARNING: [Vivado 12-584] No ports matched 'switches_in[14]'. [C:/Users/IBM/Desktop/CA_Labs_MyrahHussain_RomaisaShazad/CA_Labs_MyrahHussain_RomaisaShazad/All_CA_Labs/All_CA_Labs.srcs/constrs_1/new/constrlab8.xdc:35]
CRITICAL WARNING: [Common 17-55] 'set_property' expects at least one object. [C:/Users/IBM/Desktop/CA_Labs_MyrahHussain_RomaisaShazad/CA_Labs_MyrahHussain_RomaisaShazad/All_CA_Labs/All_CA_Labs.srcs/constrs_1/new/constrlab8.xdc:35]
Resolution: If [get_<value>] was used to populate the object, check to make sure this command returns at least one valid object.
WARNING: [Vivado 12-584] No ports matched 'switches_in[14]'. [C:/Users/IBM/Desktop/CA_Labs_MyrahHussain_RomaisaShazad/CA_Labs_MyrahHussain_RomaisaShazad/All_CA_Labs/All_CA_Labs.srcs/constrs_1/new/constrlab8.xdc:36]
CRITICAL WARNING: [Common 17-55] 'set_property' expects at least one object. [C:/Users/IBM/Desktop/CA_Labs_MyrahHussain_RomaisaShazad/CA_Labs_MyrahHussain_RomaisaShazad/All_CA_Labs/All_CA_Labs.srcs/constrs_1/new/constrlab8.xdc:36]
Resolution: If [get_<value>] was used to populate the object, check to make sure this command returns at least one valid object.
WARNING: [Vivado 12-584] No ports matched 'switches_in[15]'. [C:/Users/IBM/Desktop/CA_Labs_MyrahHussain_RomaisaShazad/CA_Labs_MyrahHussain_RomaisaShazad/All_CA_Labs/All_CA_Labs.srcs/constrs_1/new/constrlab8.xdc:37]
CRITICAL WARNING: [Common 17-55] 'set_property' expects at least one object. [C:/Users/IBM/Desktop/CA_Labs_MyrahHussain_RomaisaShazad/CA_Labs_MyrahHussain_RomaisaShazad/All_CA_Labs/All_CA_Labs.srcs/constrs_1/new/constrlab8.xdc:37]
Resolution: If [get_<value>] was used to populate the object, check to make sure this command returns at least one valid object.
WARNING: [Vivado 12-584] No ports matched 'switches_in[15]'. [C:/Users/IBM/Desktop/CA_Labs_MyrahHussain_RomaisaShazad/CA_Labs_MyrahHussain_RomaisaShazad/All_CA_Labs/All_CA_Labs.srcs/constrs_1/new/constrlab8.xdc:38]
CRITICAL WARNING: [Common 17-55] 'set_property' expects at least one object. [C:/Users/IBM/Desktop/CA_Labs_MyrahHussain_RomaisaShazad/CA_Labs_MyrahHussain_RomaisaShazad/All_CA_Labs/All_CA_Labs.srcs/constrs_1/new/constrlab8.xdc:38]
Resolution: If [get_<value>] was used to populate the object, check to make sure this command returns at least one valid object.
WARNING: [Vivado 12-584] No ports matched 'leds_out[0]'. [C:/Users/IBM/Desktop/CA_Labs_MyrahHussain_RomaisaShazad/CA_Labs_MyrahHussain_RomaisaShazad/All_CA_Labs/All_CA_Labs.srcs/constrs_1/new/constrlab8.xdc:41]
CRITICAL WARNING: [Common 17-55] 'set_property' expects at least one object. [C:/Users/IBM/Desktop/CA_Labs_MyrahHussain_RomaisaShazad/CA_Labs_MyrahHussain_RomaisaShazad/All_CA_Labs/All_CA_Labs.srcs/constrs_1/new/constrlab8.xdc:41]
Resolution: If [get_<value>] was used to populate the object, check to make sure this command returns at least one valid object.
WARNING: [Vivado 12-584] No ports matched 'leds_out[0]'. [C:/Users/IBM/Desktop/CA_Labs_MyrahHussain_RomaisaShazad/CA_Labs_MyrahHussain_RomaisaShazad/All_CA_Labs/All_CA_Labs.srcs/constrs_1/new/constrlab8.xdc:42]
CRITICAL WARNING: [Common 17-55] 'set_property' expects at least one object. [C:/Users/IBM/Desktop/CA_Labs_MyrahHussain_RomaisaShazad/CA_Labs_MyrahHussain_RomaisaShazad/All_CA_Labs/All_CA_Labs.srcs/constrs_1/new/constrlab8.xdc:42]
Resolution: If [get_<value>] was used to populate the object, check to make sure this command returns at least one valid object.
WARNING: [Vivado 12-584] No ports matched 'leds_out[1]'. [C:/Users/IBM/Desktop/CA_Labs_MyrahHussain_RomaisaShazad/CA_Labs_MyrahHussain_RomaisaShazad/All_CA_Labs/All_CA_Labs.srcs/constrs_1/new/constrlab8.xdc:43]
CRITICAL WARNING: [Common 17-55] 'set_property' expects at least one object. [C:/Users/IBM/Desktop/CA_Labs_MyrahHussain_RomaisaShazad/CA_Labs_MyrahHussain_RomaisaShazad/All_CA_Labs/All_CA_Labs.srcs/constrs_1/new/constrlab8.xdc:43]
Resolution: If [get_<value>] was used to populate the object, check to make sure this command returns at least one valid object.
WARNING: [Vivado 12-584] No ports matched 'leds_out[1]'. [C:/Users/IBM/Desktop/CA_Labs_MyrahHussain_RomaisaShazad/CA_Labs_MyrahHussain_RomaisaShazad/All_CA_Labs/All_CA_Labs.srcs/constrs_1/new/constrlab8.xdc:44]
CRITICAL WARNING: [Common 17-55] 'set_property' expects at least one object. [C:/Users/IBM/Desktop/CA_Labs_MyrahHussain_RomaisaShazad/CA_Labs_MyrahHussain_RomaisaShazad/All_CA_Labs/All_CA_Labs.srcs/constrs_1/new/constrlab8.xdc:44]
Resolution: If [get_<value>] was used to populate the object, check to make sure this command returns at least one valid object.
WARNING: [Vivado 12-584] No ports matched 'leds_out[2]'. [C:/Users/IBM/Desktop/CA_Labs_MyrahHussain_RomaisaShazad/CA_Labs_MyrahHussain_RomaisaShazad/All_CA_Labs/All_CA_Labs.srcs/constrs_1/new/constrlab8.xdc:45]
CRITICAL WARNING: [Common 17-55] 'set_property' expects at least one object. [C:/Users/IBM/Desktop/CA_Labs_MyrahHussain_RomaisaShazad/CA_Labs_MyrahHussain_RomaisaShazad/All_CA_Labs/All_CA_Labs.srcs/constrs_1/new/constrlab8.xdc:45]
Resolution: If [get_<value>] was used to populate the object, check to make sure this command returns at least one valid object.
WARNING: [Vivado 12-584] No ports matched 'leds_out[2]'. [C:/Users/IBM/Desktop/CA_Labs_MyrahHussain_RomaisaShazad/CA_Labs_MyrahHussain_RomaisaShazad/All_CA_Labs/All_CA_Labs.srcs/constrs_1/new/constrlab8.xdc:46]
CRITICAL WARNING: [Common 17-55] 'set_property' expects at least one object. [C:/Users/IBM/Desktop/CA_Labs_MyrahHussain_RomaisaShazad/CA_Labs_MyrahHussain_RomaisaShazad/All_CA_Labs/All_CA_Labs.srcs/constrs_1/new/constrlab8.xdc:46]
Resolution: If [get_<value>] was used to populate the object, check to make sure this command returns at least one valid object.
WARNING: [Vivado 12-584] No ports matched 'leds_out[3]'. [C:/Users/IBM/Desktop/CA_Labs_MyrahHussain_RomaisaShazad/CA_Labs_MyrahHussain_RomaisaShazad/All_CA_Labs/All_CA_Labs.srcs/constrs_1/new/constrlab8.xdc:47]
CRITICAL WARNING: [Common 17-55] 'set_property' expects at least one object. [C:/Users/IBM/Desktop/CA_Labs_MyrahHussain_RomaisaShazad/CA_Labs_MyrahHussain_RomaisaShazad/All_CA_Labs/All_CA_Labs.srcs/constrs_1/new/constrlab8.xdc:47]
Resolution: If [get_<value>] was used to populate the object, check to make sure this command returns at least one valid object.
WARNING: [Vivado 12-584] No ports matched 'leds_out[3]'. [C:/Users/IBM/Desktop/CA_Labs_MyrahHussain_RomaisaShazad/CA_Labs_MyrahHussain_RomaisaShazad/All_CA_Labs/All_CA_Labs.srcs/constrs_1/new/constrlab8.xdc:48]
CRITICAL WARNING: [Common 17-55] 'set_property' expects at least one object. [C:/Users/IBM/Desktop/CA_Labs_MyrahHussain_RomaisaShazad/CA_Labs_MyrahHussain_RomaisaShazad/All_CA_Labs/All_CA_Labs.srcs/constrs_1/new/constrlab8.xdc:48]
Resolution: If [get_<value>] was used to populate the object, check to make sure this command returns at least one valid object.
WARNING: [Vivado 12-584] No ports matched 'leds_out[4]'. [C:/Users/IBM/Desktop/CA_Labs_MyrahHussain_RomaisaShazad/CA_Labs_MyrahHussain_RomaisaShazad/All_CA_Labs/All_CA_Labs.srcs/constrs_1/new/constrlab8.xdc:49]
CRITICAL WARNING: [Common 17-55] 'set_property' expects at least one object. [C:/Users/IBM/Desktop/CA_Labs_MyrahHussain_RomaisaShazad/CA_Labs_MyrahHussain_RomaisaShazad/All_CA_Labs/All_CA_Labs.srcs/constrs_1/new/constrlab8.xdc:49]
Resolution: If [get_<value>] was used to populate the object, check to make sure this command returns at least one valid object.
WARNING: [Vivado 12-584] No ports matched 'leds_out[4]'. [C:/Users/IBM/Desktop/CA_Labs_MyrahHussain_RomaisaShazad/CA_Labs_MyrahHussain_RomaisaShazad/All_CA_Labs/All_CA_Labs.srcs/constrs_1/new/constrlab8.xdc:50]
CRITICAL WARNING: [Common 17-55] 'set_property' expects at least one object. [C:/Users/IBM/Desktop/CA_Labs_MyrahHussain_RomaisaShazad/CA_Labs_MyrahHussain_RomaisaShazad/All_CA_Labs/All_CA_Labs.srcs/constrs_1/new/constrlab8.xdc:50]
Resolution: If [get_<value>] was used to populate the object, check to make sure this command returns at least one valid object.
WARNING: [Vivado 12-584] No ports matched 'leds_out[5]'. [C:/Users/IBM/Desktop/CA_Labs_MyrahHussain_RomaisaShazad/CA_Labs_MyrahHussain_RomaisaShazad/All_CA_Labs/All_CA_Labs.srcs/constrs_1/new/constrlab8.xdc:51]
CRITICAL WARNING: [Common 17-55] 'set_property' expects at least one object. [C:/Users/IBM/Desktop/CA_Labs_MyrahHussain_RomaisaShazad/CA_Labs_MyrahHussain_RomaisaShazad/All_CA_Labs/All_CA_Labs.srcs/constrs_1/new/constrlab8.xdc:51]
Resolution: If [get_<value>] was used to populate the object, check to make sure this command returns at least one valid object.
WARNING: [Vivado 12-584] No ports matched 'leds_out[5]'. [C:/Users/IBM/Desktop/CA_Labs_MyrahHussain_RomaisaShazad/CA_Labs_MyrahHussain_RomaisaShazad/All_CA_Labs/All_CA_Labs.srcs/constrs_1/new/constrlab8.xdc:52]
CRITICAL WARNING: [Common 17-55] 'set_property' expects at least one object. [C:/Users/IBM/Desktop/CA_Labs_MyrahHussain_RomaisaShazad/CA_Labs_MyrahHussain_RomaisaShazad/All_CA_Labs/All_CA_Labs.srcs/constrs_1/new/constrlab8.xdc:52]
Resolution: If [get_<value>] was used to populate the object, check to make sure this command returns at least one valid object.
WARNING: [Vivado 12-584] No ports matched 'leds_out[6]'. [C:/Users/IBM/Desktop/CA_Labs_MyrahHussain_RomaisaShazad/CA_Labs_MyrahHussain_RomaisaShazad/All_CA_Labs/All_CA_Labs.srcs/constrs_1/new/constrlab8.xdc:53]
CRITICAL WARNING: [Common 17-55] 'set_property' expects at least one object. [C:/Users/IBM/Desktop/CA_Labs_MyrahHussain_RomaisaShazad/CA_Labs_MyrahHussain_RomaisaShazad/All_CA_Labs/All_CA_Labs.srcs/constrs_1/new/constrlab8.xdc:53]
Resolution: If [get_<value>] was used to populate the object, check to make sure this command returns at least one valid object.
WARNING: [Vivado 12-584] No ports matched 'leds_out[6]'. [C:/Users/IBM/Desktop/CA_Labs_MyrahHussain_RomaisaShazad/CA_Labs_MyrahHussain_RomaisaShazad/All_CA_Labs/All_CA_Labs.srcs/constrs_1/new/constrlab8.xdc:54]
CRITICAL WARNING: [Common 17-55] 'set_property' expects at least one object. [C:/Users/IBM/Desktop/CA_Labs_MyrahHussain_RomaisaShazad/CA_Labs_MyrahHussain_RomaisaShazad/All_CA_Labs/All_CA_Labs.srcs/constrs_1/new/constrlab8.xdc:54]
Resolution: If [get_<value>] was used to populate the object, check to make sure this command returns at least one valid object.
WARNING: [Vivado 12-584] No ports matched 'leds_out[7]'. [C:/Users/IBM/Desktop/CA_Labs_MyrahHussain_RomaisaShazad/CA_Labs_MyrahHussain_RomaisaShazad/All_CA_Labs/All_CA_Labs.srcs/constrs_1/new/constrlab8.xdc:55]
CRITICAL WARNING: [Common 17-55] 'set_property' expects at least one object. [C:/Users/IBM/Desktop/CA_Labs_MyrahHussain_RomaisaShazad/CA_Labs_MyrahHussain_RomaisaShazad/All_CA_Labs/All_CA_Labs.srcs/constrs_1/new/constrlab8.xdc:55]
Resolution: If [get_<value>] was used to populate the object, check to make sure this command returns at least one valid object.
WARNING: [Vivado 12-584] No ports matched 'leds_out[7]'. [C:/Users/IBM/Desktop/CA_Labs_MyrahHussain_RomaisaShazad/CA_Labs_MyrahHussain_RomaisaShazad/All_CA_Labs/All_CA_Labs.srcs/constrs_1/new/constrlab8.xdc:56]
CRITICAL WARNING: [Common 17-55] 'set_property' expects at least one object. [C:/Users/IBM/Desktop/CA_Labs_MyrahHussain_RomaisaShazad/CA_Labs_MyrahHussain_RomaisaShazad/All_CA_Labs/All_CA_Labs.srcs/constrs_1/new/constrlab8.xdc:56]
Resolution: If [get_<value>] was used to populate the object, check to make sure this command returns at least one valid object.
WARNING: [Vivado 12-584] No ports matched 'leds_out[8]'. [C:/Users/IBM/Desktop/CA_Labs_MyrahHussain_RomaisaShazad/CA_Labs_MyrahHussain_RomaisaShazad/All_CA_Labs/All_CA_Labs.srcs/constrs_1/new/constrlab8.xdc:59]
CRITICAL WARNING: [Common 17-55] 'set_property' expects at least one object. [C:/Users/IBM/Desktop/CA_Labs_MyrahHussain_RomaisaShazad/CA_Labs_MyrahHussain_RomaisaShazad/All_CA_Labs/All_CA_Labs.srcs/constrs_1/new/constrlab8.xdc:59]
Resolution: If [get_<value>] was used to populate the object, check to make sure this command returns at least one valid object.
WARNING: [Vivado 12-584] No ports matched 'leds_out[8]'. [C:/Users/IBM/Desktop/CA_Labs_MyrahHussain_RomaisaShazad/CA_Labs_MyrahHussain_RomaisaShazad/All_CA_Labs/All_CA_Labs.srcs/constrs_1/new/constrlab8.xdc:60]
CRITICAL WARNING: [Common 17-55] 'set_property' expects at least one object. [C:/Users/IBM/Desktop/CA_Labs_MyrahHussain_RomaisaShazad/CA_Labs_MyrahHussain_RomaisaShazad/All_CA_Labs/All_CA_Labs.srcs/constrs_1/new/constrlab8.xdc:60]
Resolution: If [get_<value>] was used to populate the object, check to make sure this command returns at least one valid object.
WARNING: [Vivado 12-584] No ports matched 'leds_out[9]'. [C:/Users/IBM/Desktop/CA_Labs_MyrahHussain_RomaisaShazad/CA_Labs_MyrahHussain_RomaisaShazad/All_CA_Labs/All_CA_Labs.srcs/constrs_1/new/constrlab8.xdc:61]
CRITICAL WARNING: [Common 17-55] 'set_property' expects at least one object. [C:/Users/IBM/Desktop/CA_Labs_MyrahHussain_RomaisaShazad/CA_Labs_MyrahHussain_RomaisaShazad/All_CA_Labs/All_CA_Labs.srcs/constrs_1/new/constrlab8.xdc:61]
Resolution: If [get_<value>] was used to populate the object, check to make sure this command returns at least one valid object.
WARNING: [Vivado 12-584] No ports matched 'leds_out[9]'. [C:/Users/IBM/Desktop/CA_Labs_MyrahHussain_RomaisaShazad/CA_Labs_MyrahHussain_RomaisaShazad/All_CA_Labs/All_CA_Labs.srcs/constrs_1/new/constrlab8.xdc:62]
CRITICAL WARNING: [Common 17-55] 'set_property' expects at least one object. [C:/Users/IBM/Desktop/CA_Labs_MyrahHussain_RomaisaShazad/CA_Labs_MyrahHussain_RomaisaShazad/All_CA_Labs/All_CA_Labs.srcs/constrs_1/new/constrlab8.xdc:62]
Resolution: If [get_<value>] was used to populate the object, check to make sure this command returns at least one valid object.
WARNING: [Vivado 12-584] No ports matched 'leds_out[10]'. [C:/Users/IBM/Desktop/CA_Labs_MyrahHussain_RomaisaShazad/CA_Labs_MyrahHussain_RomaisaShazad/All_CA_Labs/All_CA_Labs.srcs/constrs_1/new/constrlab8.xdc:63]
CRITICAL WARNING: [Common 17-55] 'set_property' expects at least one object. [C:/Users/IBM/Desktop/CA_Labs_MyrahHussain_RomaisaShazad/CA_Labs_MyrahHussain_RomaisaShazad/All_CA_Labs/All_CA_Labs.srcs/constrs_1/new/constrlab8.xdc:63]
Resolution: If [get_<value>] was used to populate the object, check to make sure this command returns at least one valid object.
WARNING: [Vivado 12-584] No ports matched 'leds_out[10]'. [C:/Users/IBM/Desktop/CA_Labs_MyrahHussain_RomaisaShazad/CA_Labs_MyrahHussain_RomaisaShazad/All_CA_Labs/All_CA_Labs.srcs/constrs_1/new/constrlab8.xdc:64]
CRITICAL WARNING: [Common 17-55] 'set_property' expects at least one object. [C:/Users/IBM/Desktop/CA_Labs_MyrahHussain_RomaisaShazad/CA_Labs_MyrahHussain_RomaisaShazad/All_CA_Labs/All_CA_Labs.srcs/constrs_1/new/constrlab8.xdc:64]
Resolution: If [get_<value>] was used to populate the object, check to make sure this command returns at least one valid object.
WARNING: [Vivado 12-584] No ports matched 'leds_out[11]'. [C:/Users/IBM/Desktop/CA_Labs_MyrahHussain_RomaisaShazad/CA_Labs_MyrahHussain_RomaisaShazad/All_CA_Labs/All_CA_Labs.srcs/constrs_1/new/constrlab8.xdc:65]
CRITICAL WARNING: [Common 17-55] 'set_property' expects at least one object. [C:/Users/IBM/Desktop/CA_Labs_MyrahHussain_RomaisaShazad/CA_Labs_MyrahHussain_RomaisaShazad/All_CA_Labs/All_CA_Labs.srcs/constrs_1/new/constrlab8.xdc:65]
Resolution: If [get_<value>] was used to populate the object, check to make sure this command returns at least one valid object.
WARNING: [Vivado 12-584] No ports matched 'leds_out[11]'. [C:/Users/IBM/Desktop/CA_Labs_MyrahHussain_RomaisaShazad/CA_Labs_MyrahHussain_RomaisaShazad/All_CA_Labs/All_CA_Labs.srcs/constrs_1/new/constrlab8.xdc:66]
CRITICAL WARNING: [Common 17-55] 'set_property' expects at least one object. [C:/Users/IBM/Desktop/CA_Labs_MyrahHussain_RomaisaShazad/CA_Labs_MyrahHussain_RomaisaShazad/All_CA_Labs/All_CA_Labs.srcs/constrs_1/new/constrlab8.xdc:66]
Resolution: If [get_<value>] was used to populate the object, check to make sure this command returns at least one valid object.
WARNING: [Vivado 12-584] No ports matched 'leds_out[12]'. [C:/Users/IBM/Desktop/CA_Labs_MyrahHussain_RomaisaShazad/CA_Labs_MyrahHussain_RomaisaShazad/All_CA_Labs/All_CA_Labs.srcs/constrs_1/new/constrlab8.xdc:67]
CRITICAL WARNING: [Common 17-55] 'set_property' expects at least one object. [C:/Users/IBM/Desktop/CA_Labs_MyrahHussain_RomaisaShazad/CA_Labs_MyrahHussain_RomaisaShazad/All_CA_Labs/All_CA_Labs.srcs/constrs_1/new/constrlab8.xdc:67]
Resolution: If [get_<value>] was used to populate the object, check to make sure this command returns at least one valid object.
WARNING: [Vivado 12-584] No ports matched 'leds_out[12]'. [C:/Users/IBM/Desktop/CA_Labs_MyrahHussain_RomaisaShazad/CA_Labs_MyrahHussain_RomaisaShazad/All_CA_Labs/All_CA_Labs.srcs/constrs_1/new/constrlab8.xdc:68]
CRITICAL WARNING: [Common 17-55] 'set_property' expects at least one object. [C:/Users/IBM/Desktop/CA_Labs_MyrahHussain_RomaisaShazad/CA_Labs_MyrahHussain_RomaisaShazad/All_CA_Labs/All_CA_Labs.srcs/constrs_1/new/constrlab8.xdc:68]
Resolution: If [get_<value>] was used to populate the object, check to make sure this command returns at least one valid object.
WARNING: [Vivado 12-584] No ports matched 'leds_out[13]'. [C:/Users/IBM/Desktop/CA_Labs_MyrahHussain_RomaisaShazad/CA_Labs_MyrahHussain_RomaisaShazad/All_CA_Labs/All_CA_Labs.srcs/constrs_1/new/constrlab8.xdc:69]
CRITICAL WARNING: [Common 17-55] 'set_property' expects at least one object. [C:/Users/IBM/Desktop/CA_Labs_MyrahHussain_RomaisaShazad/CA_Labs_MyrahHussain_RomaisaShazad/All_CA_Labs/All_CA_Labs.srcs/constrs_1/new/constrlab8.xdc:69]
Resolution: If [get_<value>] was used to populate the object, check to make sure this command returns at least one valid object.
WARNING: [Vivado 12-584] No ports matched 'leds_out[13]'. [C:/Users/IBM/Desktop/CA_Labs_MyrahHussain_RomaisaShazad/CA_Labs_MyrahHussain_RomaisaShazad/All_CA_Labs/All_CA_Labs.srcs/constrs_1/new/constrlab8.xdc:70]
CRITICAL WARNING: [Common 17-55] 'set_property' expects at least one object. [C:/Users/IBM/Desktop/CA_Labs_MyrahHussain_RomaisaShazad/CA_Labs_MyrahHussain_RomaisaShazad/All_CA_Labs/All_CA_Labs.srcs/constrs_1/new/constrlab8.xdc:70]
Resolution: If [get_<value>] was used to populate the object, check to make sure this command returns at least one valid object.
WARNING: [Vivado 12-584] No ports matched 'leds_out[14]'. [C:/Users/IBM/Desktop/CA_Labs_MyrahHussain_RomaisaShazad/CA_Labs_MyrahHussain_RomaisaShazad/All_CA_Labs/All_CA_Labs.srcs/constrs_1/new/constrlab8.xdc:71]
CRITICAL WARNING: [Common 17-55] 'set_property' expects at least one object. [C:/Users/IBM/Desktop/CA_Labs_MyrahHussain_RomaisaShazad/CA_Labs_MyrahHussain_RomaisaShazad/All_CA_Labs/All_CA_Labs.srcs/constrs_1/new/constrlab8.xdc:71]
Resolution: If [get_<value>] was used to populate the object, check to make sure this command returns at least one valid object.
WARNING: [Vivado 12-584] No ports matched 'leds_out[14]'. [C:/Users/IBM/Desktop/CA_Labs_MyrahHussain_RomaisaShazad/CA_Labs_MyrahHussain_RomaisaShazad/All_CA_Labs/All_CA_Labs.srcs/constrs_1/new/constrlab8.xdc:72]
CRITICAL WARNING: [Common 17-55] 'set_property' expects at least one object. [C:/Users/IBM/Desktop/CA_Labs_MyrahHussain_RomaisaShazad/CA_Labs_MyrahHussain_RomaisaShazad/All_CA_Labs/All_CA_Labs.srcs/constrs_1/new/constrlab8.xdc:72]
Resolution: If [get_<value>] was used to populate the object, check to make sure this command returns at least one valid object.
WARNING: [Vivado 12-584] No ports matched 'leds_out[15]'. [C:/Users/IBM/Desktop/CA_Labs_MyrahHussain_RomaisaShazad/CA_Labs_MyrahHussain_RomaisaShazad/All_CA_Labs/All_CA_Labs.srcs/constrs_1/new/constrlab8.xdc:73]
CRITICAL WARNING: [Common 17-55] 'set_property' expects at least one object. [C:/Users/IBM/Desktop/CA_Labs_MyrahHussain_RomaisaShazad/CA_Labs_MyrahHussain_RomaisaShazad/All_CA_Labs/All_CA_Labs.srcs/constrs_1/new/constrlab8.xdc:73]
Resolution: If [get_<value>] was used to populate the object, check to make sure this command returns at least one valid object.
WARNING: [Vivado 12-584] No ports matched 'leds_out[15]'. [C:/Users/IBM/Desktop/CA_Labs_MyrahHussain_RomaisaShazad/CA_Labs_MyrahHussain_RomaisaShazad/All_CA_Labs/All_CA_Labs.srcs/constrs_1/new/constrlab8.xdc:74]
CRITICAL WARNING: [Common 17-55] 'set_property' expects at least one object. [C:/Users/IBM/Desktop/CA_Labs_MyrahHussain_RomaisaShazad/CA_Labs_MyrahHussain_RomaisaShazad/All_CA_Labs/All_CA_Labs.srcs/constrs_1/new/constrlab8.xdc:74]
Resolution: If [get_<value>] was used to populate the object, check to make sure this command returns at least one valid object.
WARNING: [Vivado 12-584] No ports matched 'start'. [C:/Users/IBM/Desktop/CA_Labs_MyrahHussain_RomaisaShazad/CA_Labs_MyrahHussain_RomaisaShazad/All_CA_Labs/All_CA_Labs.srcs/constrs_1/new/constrlab8.xdc:80]
CRITICAL WARNING: [Common 17-55] 'set_property' expects at least one object. [C:/Users/IBM/Desktop/CA_Labs_MyrahHussain_RomaisaShazad/CA_Labs_MyrahHussain_RomaisaShazad/All_CA_Labs/All_CA_Labs.srcs/constrs_1/new/constrlab8.xdc:80]
Resolution: If [get_<value>] was used to populate the object, check to make sure this command returns at least one valid object.
WARNING: [Vivado 12-584] No ports matched 'start'. [C:/Users/IBM/Desktop/CA_Labs_MyrahHussain_RomaisaShazad/CA_Labs_MyrahHussain_RomaisaShazad/All_CA_Labs/All_CA_Labs.srcs/constrs_1/new/constrlab8.xdc:81]
CRITICAL WARNING: [Common 17-55] 'set_property' expects at least one object. [C:/Users/IBM/Desktop/CA_Labs_MyrahHussain_RomaisaShazad/CA_Labs_MyrahHussain_RomaisaShazad/All_CA_Labs/All_CA_Labs.srcs/constrs_1/new/constrlab8.xdc:81]
Resolution: If [get_<value>] was used to populate the object, check to make sure this command returns at least one valid object.
Finished Parsing XDC File [C:/Users/IBM/Desktop/CA_Labs_MyrahHussain_RomaisaShazad/CA_Labs_MyrahHussain_RomaisaShazad/All_CA_Labs/All_CA_Labs.srcs/constrs_1/new/constrlab8.xdc]
Parsing XDC File [C:/Users/IBM/Desktop/CA_Labs_MyrahHussain_RomaisaShazad/CA_Labs_MyrahHussain_RomaisaShazad/All_CA_Labs/All_CA_Labs.srcs/constrs_1/new/top_lab09.xdc]
WARNING: [Vivado 12-584] No ports matched 'btn'. [C:/Users/IBM/Desktop/CA_Labs_MyrahHussain_RomaisaShazad/CA_Labs_MyrahHussain_RomaisaShazad/All_CA_Labs/All_CA_Labs.srcs/constrs_1/new/top_lab09.xdc:16]
CRITICAL WARNING: [Common 17-55] 'set_property' expects at least one object. [C:/Users/IBM/Desktop/CA_Labs_MyrahHussain_RomaisaShazad/CA_Labs_MyrahHussain_RomaisaShazad/All_CA_Labs/All_CA_Labs.srcs/constrs_1/new/top_lab09.xdc:16]
Resolution: If [get_<value>] was used to populate the object, check to make sure this command returns at least one valid object.
WARNING: [Vivado 12-584] No ports matched 'btn'. [C:/Users/IBM/Desktop/CA_Labs_MyrahHussain_RomaisaShazad/CA_Labs_MyrahHussain_RomaisaShazad/All_CA_Labs/All_CA_Labs.srcs/constrs_1/new/top_lab09.xdc:17]
CRITICAL WARNING: [Common 17-55] 'set_property' expects at least one object. [C:/Users/IBM/Desktop/CA_Labs_MyrahHussain_RomaisaShazad/CA_Labs_MyrahHussain_RomaisaShazad/All_CA_Labs/All_CA_Labs.srcs/constrs_1/new/top_lab09.xdc:17]
Resolution: If [get_<value>] was used to populate the object, check to make sure this command returns at least one valid object.
WARNING: [Vivado 12-584] No ports matched 'sw[0]'. [C:/Users/IBM/Desktop/CA_Labs_MyrahHussain_RomaisaShazad/CA_Labs_MyrahHussain_RomaisaShazad/All_CA_Labs/All_CA_Labs.srcs/constrs_1/new/top_lab09.xdc:27]
CRITICAL WARNING: [Common 17-55] 'set_property' expects at least one object. [C:/Users/IBM/Desktop/CA_Labs_MyrahHussain_RomaisaShazad/CA_Labs_MyrahHussain_RomaisaShazad/All_CA_Labs/All_CA_Labs.srcs/constrs_1/new/top_lab09.xdc:27]
Resolution: If [get_<value>] was used to populate the object, check to make sure this command returns at least one valid object.
WARNING: [Vivado 12-584] No ports matched 'sw[1]'. [C:/Users/IBM/Desktop/CA_Labs_MyrahHussain_RomaisaShazad/CA_Labs_MyrahHussain_RomaisaShazad/All_CA_Labs/All_CA_Labs.srcs/constrs_1/new/top_lab09.xdc:28]
CRITICAL WARNING: [Common 17-55] 'set_property' expects at least one object. [C:/Users/IBM/Desktop/CA_Labs_MyrahHussain_RomaisaShazad/CA_Labs_MyrahHussain_RomaisaShazad/All_CA_Labs/All_CA_Labs.srcs/constrs_1/new/top_lab09.xdc:28]
Resolution: If [get_<value>] was used to populate the object, check to make sure this command returns at least one valid object.
WARNING: [Vivado 12-584] No ports matched 'sw[2]'. [C:/Users/IBM/Desktop/CA_Labs_MyrahHussain_RomaisaShazad/CA_Labs_MyrahHussain_RomaisaShazad/All_CA_Labs/All_CA_Labs.srcs/constrs_1/new/top_lab09.xdc:29]
CRITICAL WARNING: [Common 17-55] 'set_property' expects at least one object. [C:/Users/IBM/Desktop/CA_Labs_MyrahHussain_RomaisaShazad/CA_Labs_MyrahHussain_RomaisaShazad/All_CA_Labs/All_CA_Labs.srcs/constrs_1/new/top_lab09.xdc:29]
Resolution: If [get_<value>] was used to populate the object, check to make sure this command returns at least one valid object.
WARNING: [Vivado 12-584] No ports matched 'sw[3]'. [C:/Users/IBM/Desktop/CA_Labs_MyrahHussain_RomaisaShazad/CA_Labs_MyrahHussain_RomaisaShazad/All_CA_Labs/All_CA_Labs.srcs/constrs_1/new/top_lab09.xdc:30]
CRITICAL WARNING: [Common 17-55] 'set_property' expects at least one object. [C:/Users/IBM/Desktop/CA_Labs_MyrahHussain_RomaisaShazad/CA_Labs_MyrahHussain_RomaisaShazad/All_CA_Labs/All_CA_Labs.srcs/constrs_1/new/top_lab09.xdc:30]
Resolution: If [get_<value>] was used to populate the object, check to make sure this command returns at least one valid object.
WARNING: [Vivado 12-584] No ports matched 'sw[4]'. [C:/Users/IBM/Desktop/CA_Labs_MyrahHussain_RomaisaShazad/CA_Labs_MyrahHussain_RomaisaShazad/All_CA_Labs/All_CA_Labs.srcs/constrs_1/new/top_lab09.xdc:31]
CRITICAL WARNING: [Common 17-55] 'set_property' expects at least one object. [C:/Users/IBM/Desktop/CA_Labs_MyrahHussain_RomaisaShazad/CA_Labs_MyrahHussain_RomaisaShazad/All_CA_Labs/All_CA_Labs.srcs/constrs_1/new/top_lab09.xdc:31]
Resolution: If [get_<value>] was used to populate the object, check to make sure this command returns at least one valid object.
WARNING: [Vivado 12-584] No ports matched 'sw[5]'. [C:/Users/IBM/Desktop/CA_Labs_MyrahHussain_RomaisaShazad/CA_Labs_MyrahHussain_RomaisaShazad/All_CA_Labs/All_CA_Labs.srcs/constrs_1/new/top_lab09.xdc:32]
CRITICAL WARNING: [Common 17-55] 'set_property' expects at least one object. [C:/Users/IBM/Desktop/CA_Labs_MyrahHussain_RomaisaShazad/CA_Labs_MyrahHussain_RomaisaShazad/All_CA_Labs/All_CA_Labs.srcs/constrs_1/new/top_lab09.xdc:32]
Resolution: If [get_<value>] was used to populate the object, check to make sure this command returns at least one valid object.
WARNING: [Vivado 12-584] No ports matched 'sw[6]'. [C:/Users/IBM/Desktop/CA_Labs_MyrahHussain_RomaisaShazad/CA_Labs_MyrahHussain_RomaisaShazad/All_CA_Labs/All_CA_Labs.srcs/constrs_1/new/top_lab09.xdc:33]
CRITICAL WARNING: [Common 17-55] 'set_property' expects at least one object. [C:/Users/IBM/Desktop/CA_Labs_MyrahHussain_RomaisaShazad/CA_Labs_MyrahHussain_RomaisaShazad/All_CA_Labs/All_CA_Labs.srcs/constrs_1/new/top_lab09.xdc:33]
Resolution: If [get_<value>] was used to populate the object, check to make sure this command returns at least one valid object.
WARNING: [Vivado 12-584] No ports matched 'sw[7]'. [C:/Users/IBM/Desktop/CA_Labs_MyrahHussain_RomaisaShazad/CA_Labs_MyrahHussain_RomaisaShazad/All_CA_Labs/All_CA_Labs.srcs/constrs_1/new/top_lab09.xdc:34]
CRITICAL WARNING: [Common 17-55] 'set_property' expects at least one object. [C:/Users/IBM/Desktop/CA_Labs_MyrahHussain_RomaisaShazad/CA_Labs_MyrahHussain_RomaisaShazad/All_CA_Labs/All_CA_Labs.srcs/constrs_1/new/top_lab09.xdc:34]
Resolution: If [get_<value>] was used to populate the object, check to make sure this command returns at least one valid object.
WARNING: [Vivado 12-584] No ports matched 'sw[8]'. [C:/Users/IBM/Desktop/CA_Labs_MyrahHussain_RomaisaShazad/CA_Labs_MyrahHussain_RomaisaShazad/All_CA_Labs/All_CA_Labs.srcs/constrs_1/new/top_lab09.xdc:35]
CRITICAL WARNING: [Common 17-55] 'set_property' expects at least one object. [C:/Users/IBM/Desktop/CA_Labs_MyrahHussain_RomaisaShazad/CA_Labs_MyrahHussain_RomaisaShazad/All_CA_Labs/All_CA_Labs.srcs/constrs_1/new/top_lab09.xdc:35]
Resolution: If [get_<value>] was used to populate the object, check to make sure this command returns at least one valid object.
WARNING: [Vivado 12-584] No ports matched 'sw[9]'. [C:/Users/IBM/Desktop/CA_Labs_MyrahHussain_RomaisaShazad/CA_Labs_MyrahHussain_RomaisaShazad/All_CA_Labs/All_CA_Labs.srcs/constrs_1/new/top_lab09.xdc:36]
CRITICAL WARNING: [Common 17-55] 'set_property' expects at least one object. [C:/Users/IBM/Desktop/CA_Labs_MyrahHussain_RomaisaShazad/CA_Labs_MyrahHussain_RomaisaShazad/All_CA_Labs/All_CA_Labs.srcs/constrs_1/new/top_lab09.xdc:36]
Resolution: If [get_<value>] was used to populate the object, check to make sure this command returns at least one valid object.
WARNING: [Vivado 12-584] No ports matched 'sw[10]'. [C:/Users/IBM/Desktop/CA_Labs_MyrahHussain_RomaisaShazad/CA_Labs_MyrahHussain_RomaisaShazad/All_CA_Labs/All_CA_Labs.srcs/constrs_1/new/top_lab09.xdc:37]
CRITICAL WARNING: [Common 17-55] 'set_property' expects at least one object. [C:/Users/IBM/Desktop/CA_Labs_MyrahHussain_RomaisaShazad/CA_Labs_MyrahHussain_RomaisaShazad/All_CA_Labs/All_CA_Labs.srcs/constrs_1/new/top_lab09.xdc:37]
Resolution: If [get_<value>] was used to populate the object, check to make sure this command returns at least one valid object.
WARNING: [Vivado 12-584] No ports matched 'sw[11]'. [C:/Users/IBM/Desktop/CA_Labs_MyrahHussain_RomaisaShazad/CA_Labs_MyrahHussain_RomaisaShazad/All_CA_Labs/All_CA_Labs.srcs/constrs_1/new/top_lab09.xdc:38]
CRITICAL WARNING: [Common 17-55] 'set_property' expects at least one object. [C:/Users/IBM/Desktop/CA_Labs_MyrahHussain_RomaisaShazad/CA_Labs_MyrahHussain_RomaisaShazad/All_CA_Labs/All_CA_Labs.srcs/constrs_1/new/top_lab09.xdc:38]
Resolution: If [get_<value>] was used to populate the object, check to make sure this command returns at least one valid object.
WARNING: [Vivado 12-584] No ports matched 'sw[12]'. [C:/Users/IBM/Desktop/CA_Labs_MyrahHussain_RomaisaShazad/CA_Labs_MyrahHussain_RomaisaShazad/All_CA_Labs/All_CA_Labs.srcs/constrs_1/new/top_lab09.xdc:39]
CRITICAL WARNING: [Common 17-55] 'set_property' expects at least one object. [C:/Users/IBM/Desktop/CA_Labs_MyrahHussain_RomaisaShazad/CA_Labs_MyrahHussain_RomaisaShazad/All_CA_Labs/All_CA_Labs.srcs/constrs_1/new/top_lab09.xdc:39]
Resolution: If [get_<value>] was used to populate the object, check to make sure this command returns at least one valid object.
WARNING: [Vivado 12-584] No ports matched 'sw[13]'. [C:/Users/IBM/Desktop/CA_Labs_MyrahHussain_RomaisaShazad/CA_Labs_MyrahHussain_RomaisaShazad/All_CA_Labs/All_CA_Labs.srcs/constrs_1/new/top_lab09.xdc:40]
CRITICAL WARNING: [Common 17-55] 'set_property' expects at least one object. [C:/Users/IBM/Desktop/CA_Labs_MyrahHussain_RomaisaShazad/CA_Labs_MyrahHussain_RomaisaShazad/All_CA_Labs/All_CA_Labs.srcs/constrs_1/new/top_lab09.xdc:40]
Resolution: If [get_<value>] was used to populate the object, check to make sure this command returns at least one valid object.
WARNING: [Vivado 12-584] No ports matched 'sw[14]'. [C:/Users/IBM/Desktop/CA_Labs_MyrahHussain_RomaisaShazad/CA_Labs_MyrahHussain_RomaisaShazad/All_CA_Labs/All_CA_Labs.srcs/constrs_1/new/top_lab09.xdc:41]
CRITICAL WARNING: [Common 17-55] 'set_property' expects at least one object. [C:/Users/IBM/Desktop/CA_Labs_MyrahHussain_RomaisaShazad/CA_Labs_MyrahHussain_RomaisaShazad/All_CA_Labs/All_CA_Labs.srcs/constrs_1/new/top_lab09.xdc:41]
Resolution: If [get_<value>] was used to populate the object, check to make sure this command returns at least one valid object.
WARNING: [Vivado 12-584] No ports matched 'sw[15]'. [C:/Users/IBM/Desktop/CA_Labs_MyrahHussain_RomaisaShazad/CA_Labs_MyrahHussain_RomaisaShazad/All_CA_Labs/All_CA_Labs.srcs/constrs_1/new/top_lab09.xdc:42]
CRITICAL WARNING: [Common 17-55] 'set_property' expects at least one object. [C:/Users/IBM/Desktop/CA_Labs_MyrahHussain_RomaisaShazad/CA_Labs_MyrahHussain_RomaisaShazad/All_CA_Labs/All_CA_Labs.srcs/constrs_1/new/top_lab09.xdc:42]
Resolution: If [get_<value>] was used to populate the object, check to make sure this command returns at least one valid object.
WARNING: [Vivado 12-584] No ports matched 'sw[*]'. [C:/Users/IBM/Desktop/CA_Labs_MyrahHussain_RomaisaShazad/CA_Labs_MyrahHussain_RomaisaShazad/All_CA_Labs/All_CA_Labs.srcs/constrs_1/new/top_lab09.xdc:43]
CRITICAL WARNING: [Common 17-55] 'set_property' expects at least one object. [C:/Users/IBM/Desktop/CA_Labs_MyrahHussain_RomaisaShazad/CA_Labs_MyrahHussain_RomaisaShazad/All_CA_Labs/All_CA_Labs.srcs/constrs_1/new/top_lab09.xdc:43]
Resolution: If [get_<value>] was used to populate the object, check to make sure this command returns at least one valid object.
WARNING: [Vivado 12-584] No ports matched 'led[0]'. [C:/Users/IBM/Desktop/CA_Labs_MyrahHussain_RomaisaShazad/CA_Labs_MyrahHussain_RomaisaShazad/All_CA_Labs/All_CA_Labs.srcs/constrs_1/new/top_lab09.xdc:52]
CRITICAL WARNING: [Common 17-55] 'set_property' expects at least one object. [C:/Users/IBM/Desktop/CA_Labs_MyrahHussain_RomaisaShazad/CA_Labs_MyrahHussain_RomaisaShazad/All_CA_Labs/All_CA_Labs.srcs/constrs_1/new/top_lab09.xdc:52]
Resolution: If [get_<value>] was used to populate the object, check to make sure this command returns at least one valid object.
WARNING: [Vivado 12-584] No ports matched 'led[1]'. [C:/Users/IBM/Desktop/CA_Labs_MyrahHussain_RomaisaShazad/CA_Labs_MyrahHussain_RomaisaShazad/All_CA_Labs/All_CA_Labs.srcs/constrs_1/new/top_lab09.xdc:53]
CRITICAL WARNING: [Common 17-55] 'set_property' expects at least one object. [C:/Users/IBM/Desktop/CA_Labs_MyrahHussain_RomaisaShazad/CA_Labs_MyrahHussain_RomaisaShazad/All_CA_Labs/All_CA_Labs.srcs/constrs_1/new/top_lab09.xdc:53]
Resolution: If [get_<value>] was used to populate the object, check to make sure this command returns at least one valid object.
WARNING: [Vivado 12-584] No ports matched 'led[2]'. [C:/Users/IBM/Desktop/CA_Labs_MyrahHussain_RomaisaShazad/CA_Labs_MyrahHussain_RomaisaShazad/All_CA_Labs/All_CA_Labs.srcs/constrs_1/new/top_lab09.xdc:54]
CRITICAL WARNING: [Common 17-55] 'set_property' expects at least one object. [C:/Users/IBM/Desktop/CA_Labs_MyrahHussain_RomaisaShazad/CA_Labs_MyrahHussain_RomaisaShazad/All_CA_Labs/All_CA_Labs.srcs/constrs_1/new/top_lab09.xdc:54]
Resolution: If [get_<value>] was used to populate the object, check to make sure this command returns at least one valid object.
WARNING: [Vivado 12-584] No ports matched 'led[3]'. [C:/Users/IBM/Desktop/CA_Labs_MyrahHussain_RomaisaShazad/CA_Labs_MyrahHussain_RomaisaShazad/All_CA_Labs/All_CA_Labs.srcs/constrs_1/new/top_lab09.xdc:55]
CRITICAL WARNING: [Common 17-55] 'set_property' expects at least one object. [C:/Users/IBM/Desktop/CA_Labs_MyrahHussain_RomaisaShazad/CA_Labs_MyrahHussain_RomaisaShazad/All_CA_Labs/All_CA_Labs.srcs/constrs_1/new/top_lab09.xdc:55]
Resolution: If [get_<value>] was used to populate the object, check to make sure this command returns at least one valid object.
WARNING: [Vivado 12-584] No ports matched 'led[4]'. [C:/Users/IBM/Desktop/CA_Labs_MyrahHussain_RomaisaShazad/CA_Labs_MyrahHussain_RomaisaShazad/All_CA_Labs/All_CA_Labs.srcs/constrs_1/new/top_lab09.xdc:56]
CRITICAL WARNING: [Common 17-55] 'set_property' expects at least one object. [C:/Users/IBM/Desktop/CA_Labs_MyrahHussain_RomaisaShazad/CA_Labs_MyrahHussain_RomaisaShazad/All_CA_Labs/All_CA_Labs.srcs/constrs_1/new/top_lab09.xdc:56]
Resolution: If [get_<value>] was used to populate the object, check to make sure this command returns at least one valid object.
WARNING: [Vivado 12-584] No ports matched 'led[5]'. [C:/Users/IBM/Desktop/CA_Labs_MyrahHussain_RomaisaShazad/CA_Labs_MyrahHussain_RomaisaShazad/All_CA_Labs/All_CA_Labs.srcs/constrs_1/new/top_lab09.xdc:57]
CRITICAL WARNING: [Common 17-55] 'set_property' expects at least one object. [C:/Users/IBM/Desktop/CA_Labs_MyrahHussain_RomaisaShazad/CA_Labs_MyrahHussain_RomaisaShazad/All_CA_Labs/All_CA_Labs.srcs/constrs_1/new/top_lab09.xdc:57]
Resolution: If [get_<value>] was used to populate the object, check to make sure this command returns at least one valid object.
WARNING: [Vivado 12-584] No ports matched 'led[6]'. [C:/Users/IBM/Desktop/CA_Labs_MyrahHussain_RomaisaShazad/CA_Labs_MyrahHussain_RomaisaShazad/All_CA_Labs/All_CA_Labs.srcs/constrs_1/new/top_lab09.xdc:58]
CRITICAL WARNING: [Common 17-55] 'set_property' expects at least one object. [C:/Users/IBM/Desktop/CA_Labs_MyrahHussain_RomaisaShazad/CA_Labs_MyrahHussain_RomaisaShazad/All_CA_Labs/All_CA_Labs.srcs/constrs_1/new/top_lab09.xdc:58]
Resolution: If [get_<value>] was used to populate the object, check to make sure this command returns at least one valid object.
WARNING: [Vivado 12-584] No ports matched 'led[7]'. [C:/Users/IBM/Desktop/CA_Labs_MyrahHussain_RomaisaShazad/CA_Labs_MyrahHussain_RomaisaShazad/All_CA_Labs/All_CA_Labs.srcs/constrs_1/new/top_lab09.xdc:59]
CRITICAL WARNING: [Common 17-55] 'set_property' expects at least one object. [C:/Users/IBM/Desktop/CA_Labs_MyrahHussain_RomaisaShazad/CA_Labs_MyrahHussain_RomaisaShazad/All_CA_Labs/All_CA_Labs.srcs/constrs_1/new/top_lab09.xdc:59]
Resolution: If [get_<value>] was used to populate the object, check to make sure this command returns at least one valid object.
WARNING: [Vivado 12-584] No ports matched 'led[8]'. [C:/Users/IBM/Desktop/CA_Labs_MyrahHussain_RomaisaShazad/CA_Labs_MyrahHussain_RomaisaShazad/All_CA_Labs/All_CA_Labs.srcs/constrs_1/new/top_lab09.xdc:60]
CRITICAL WARNING: [Common 17-55] 'set_property' expects at least one object. [C:/Users/IBM/Desktop/CA_Labs_MyrahHussain_RomaisaShazad/CA_Labs_MyrahHussain_RomaisaShazad/All_CA_Labs/All_CA_Labs.srcs/constrs_1/new/top_lab09.xdc:60]
Resolution: If [get_<value>] was used to populate the object, check to make sure this command returns at least one valid object.
WARNING: [Vivado 12-584] No ports matched 'led[9]'. [C:/Users/IBM/Desktop/CA_Labs_MyrahHussain_RomaisaShazad/CA_Labs_MyrahHussain_RomaisaShazad/All_CA_Labs/All_CA_Labs.srcs/constrs_1/new/top_lab09.xdc:61]
CRITICAL WARNING: [Common 17-55] 'set_property' expects at least one object. [C:/Users/IBM/Desktop/CA_Labs_MyrahHussain_RomaisaShazad/CA_Labs_MyrahHussain_RomaisaShazad/All_CA_Labs/All_CA_Labs.srcs/constrs_1/new/top_lab09.xdc:61]
Resolution: If [get_<value>] was used to populate the object, check to make sure this command returns at least one valid object.
WARNING: [Vivado 12-584] No ports matched 'led[10]'. [C:/Users/IBM/Desktop/CA_Labs_MyrahHussain_RomaisaShazad/CA_Labs_MyrahHussain_RomaisaShazad/All_CA_Labs/All_CA_Labs.srcs/constrs_1/new/top_lab09.xdc:62]
CRITICAL WARNING: [Common 17-55] 'set_property' expects at least one object. [C:/Users/IBM/Desktop/CA_Labs_MyrahHussain_RomaisaShazad/CA_Labs_MyrahHussain_RomaisaShazad/All_CA_Labs/All_CA_Labs.srcs/constrs_1/new/top_lab09.xdc:62]
Resolution: If [get_<value>] was used to populate the object, check to make sure this command returns at least one valid object.
WARNING: [Vivado 12-584] No ports matched 'led[11]'. [C:/Users/IBM/Desktop/CA_Labs_MyrahHussain_RomaisaShazad/CA_Labs_MyrahHussain_RomaisaShazad/All_CA_Labs/All_CA_Labs.srcs/constrs_1/new/top_lab09.xdc:63]
CRITICAL WARNING: [Common 17-55] 'set_property' expects at least one object. [C:/Users/IBM/Desktop/CA_Labs_MyrahHussain_RomaisaShazad/CA_Labs_MyrahHussain_RomaisaShazad/All_CA_Labs/All_CA_Labs.srcs/constrs_1/new/top_lab09.xdc:63]
Resolution: If [get_<value>] was used to populate the object, check to make sure this command returns at least one valid object.
WARNING: [Vivado 12-584] No ports matched 'led[12]'. [C:/Users/IBM/Desktop/CA_Labs_MyrahHussain_RomaisaShazad/CA_Labs_MyrahHussain_RomaisaShazad/All_CA_Labs/All_CA_Labs.srcs/constrs_1/new/top_lab09.xdc:64]
CRITICAL WARNING: [Common 17-55] 'set_property' expects at least one object. [C:/Users/IBM/Desktop/CA_Labs_MyrahHussain_RomaisaShazad/CA_Labs_MyrahHussain_RomaisaShazad/All_CA_Labs/All_CA_Labs.srcs/constrs_1/new/top_lab09.xdc:64]
Resolution: If [get_<value>] was used to populate the object, check to make sure this command returns at least one valid object.
WARNING: [Vivado 12-584] No ports matched 'led[13]'. [C:/Users/IBM/Desktop/CA_Labs_MyrahHussain_RomaisaShazad/CA_Labs_MyrahHussain_RomaisaShazad/All_CA_Labs/All_CA_Labs.srcs/constrs_1/new/top_lab09.xdc:65]
CRITICAL WARNING: [Common 17-55] 'set_property' expects at least one object. [C:/Users/IBM/Desktop/CA_Labs_MyrahHussain_RomaisaShazad/CA_Labs_MyrahHussain_RomaisaShazad/All_CA_Labs/All_CA_Labs.srcs/constrs_1/new/top_lab09.xdc:65]
Resolution: If [get_<value>] was used to populate the object, check to make sure this command returns at least one valid object.
WARNING: [Vivado 12-584] No ports matched 'led[14]'. [C:/Users/IBM/Desktop/CA_Labs_MyrahHussain_RomaisaShazad/CA_Labs_MyrahHussain_RomaisaShazad/All_CA_Labs/All_CA_Labs.srcs/constrs_1/new/top_lab09.xdc:66]
INFO: [Common 17-14] Message 'Vivado 12-584' appears 100 times and further instances of the messages will be disabled. Use the Tcl command set_msg_config to change the current settings. [C:/Users/IBM/Desktop/CA_Labs_MyrahHussain_RomaisaShazad/CA_Labs_MyrahHussain_RomaisaShazad/All_CA_Labs/All_CA_Labs.srcs/constrs_1/new/top_lab09.xdc:66]
CRITICAL WARNING: [Common 17-55] 'set_property' expects at least one object. [C:/Users/IBM/Desktop/CA_Labs_MyrahHussain_RomaisaShazad/CA_Labs_MyrahHussain_RomaisaShazad/All_CA_Labs/All_CA_Labs.srcs/constrs_1/new/top_lab09.xdc:66]
Resolution: If [get_<value>] was used to populate the object, check to make sure this command returns at least one valid object.
INFO: [Common 17-14] Message 'Common 17-55' appears 100 times and further instances of the messages will be disabled. Use the Tcl command set_msg_config to change the current settings. [C:/Users/IBM/Desktop/CA_Labs_MyrahHussain_RomaisaShazad/CA_Labs_MyrahHussain_RomaisaShazad/All_CA_Labs/All_CA_Labs.srcs/constrs_1/new/top_lab09.xdc:66]
Finished Parsing XDC File [C:/Users/IBM/Desktop/CA_Labs_MyrahHussain_RomaisaShazad/CA_Labs_MyrahHussain_RomaisaShazad/All_CA_Labs/All_CA_Labs.srcs/constrs_1/new/top_lab09.xdc]
INFO: [Opt 31-138] Pushed 0 inverter(s) to 0 load pin(s).
Netlist sorting complete. Time (s): cpu = 00:00:00 ; elapsed = 00:00:00.004 . Memory (MB): peak = 3276.266 ; gain = 0.000
INFO: [Project 1-111] Unisim Transformation Summary:
No Unisim elements were transformed.

open_run: Time (s): cpu = 00:00:13 ; elapsed = 00:00:11 . Memory (MB): peak = 3276.266 ; gain = 0.000
report_utilization -name utilization_1
report_timing_summary -delay_type min_max -report_unconstrained -check_timing_verbose -max_paths 10 -input_pins -routable_nets -name timing_1
INFO: [Timing 38-35] Done setting XDC timing constraints.
INFO: [Timing 38-91] UpdateTimingParams: Speed grade: -1, Delay Type: min_max.
INFO: [Timing 38-191] Multithreading enabled for timing update using a maximum of 2 CPUs
reset_run synth_1
WARNING: [Vivado 12-1017] Problems encountered:
1. Failed to delete one or more files in run directory C:/Users/IBM/Desktop/CA_Labs_MyrahHussain_RomaisaShazad/CA_Labs_MyrahHussain_RomaisaShazad/All_CA_Labs/All_CA_Labs.runs/synth_1

launch_runs synth_1 -jobs 8
[Sun Apr 19 18:20:18 2026] Launched synth_1...
Run output will be captured here: C:/Users/IBM/Desktop/CA_Labs_MyrahHussain_RomaisaShazad/CA_Labs_MyrahHussain_RomaisaShazad/All_CA_Labs/All_CA_Labs.runs/synth_1/runme.log
launch_runs impl_1 -jobs 8
WARNING: [Project 1-478] Design 'synth_1' is stale and will not be used when launching 'impl_1'
[Sun Apr 19 18:31:50 2026] Launched impl_1...
Run output will be captured here: C:/Users/IBM/Desktop/CA_Labs_MyrahHussain_RomaisaShazad/CA_Labs_MyrahHussain_RomaisaShazad/All_CA_Labs/All_CA_Labs.runs/impl_1/runme.log
set_property is_enabled false [get_files  C:/Users/IBM/Desktop/CA_Labs_MyrahHussain_RomaisaShazad/CA_Labs_MyrahHussain_RomaisaShazad/All_CA_Labs/All_CA_Labs.srcs/constrs_1/new/top_lab09.xdc]
set_property is_enabled false [get_files  C:/Users/IBM/Desktop/CA_Labs_MyrahHussain_RomaisaShazad/CA_Labs_MyrahHussain_RomaisaShazad/All_CA_Labs/All_CA_Labs.srcs/constrs_1/new/constrlab8.xdc]
add_files -fileset constrs_1 -norecurse C:/Users/IBM/Downloads/lab11_basys3.xdc
import_files -fileset constrs_1 C:/Users/IBM/Downloads/lab11_basys3.xdc
reset_run synth_1
WARNING: [Vivado 12-1017] Problems encountered:
1. Failed to delete one or more files in run directory C:/Users/IBM/Desktop/CA_Labs_MyrahHussain_RomaisaShazad/CA_Labs_MyrahHussain_RomaisaShazad/All_CA_Labs/All_CA_Labs.runs/synth_1

launch_runs synth_1 -jobs 8
[Sun Apr 19 18:54:31 2026] Launched synth_1...
Run output will be captured here: C:/Users/IBM/Desktop/CA_Labs_MyrahHussain_RomaisaShazad/CA_Labs_MyrahHussain_RomaisaShazad/All_CA_Labs/All_CA_Labs.runs/synth_1/runme.log
launch_runs impl_1 -jobs 8
WARNING: [Project 1-478] Design 'synth_1' is stale and will not be used when launching 'impl_1'
[Sun Apr 19 19:18:47 2026] Launched impl_1...
Run output will be captured here: C:/Users/IBM/Desktop/CA_Labs_MyrahHussain_RomaisaShazad/CA_Labs_MyrahHussain_RomaisaShazad/All_CA_Labs/All_CA_Labs.runs/impl_1/runme.log
reset_run impl_1
launch_runs impl_1 -jobs 8
WARNING: [Project 1-478] Design 'synth_1' is stale and will not be used when launching 'impl_1'
[Sun Apr 19 19:23:53 2026] Launched impl_1...
Run output will be captured here: C:/Users/IBM/Desktop/CA_Labs_MyrahHussain_RomaisaShazad/CA_Labs_MyrahHussain_RomaisaShazad/All_CA_Labs/All_CA_Labs.runs/impl_1/runme.log
