Copyright 1986-2020 Xilinx, Inc. All Rights Reserved.
------------------------------------------------------------------------------------
| Tool Version : Vivado v.2020.1 (win64) Build 2902540 Wed May 27 19:54:49 MDT 2020
| Date         : Thu Apr 30 03:49:46 2026
| Host         : Myrah-s-Laptop running 64-bit major release  (build 9200)
| Command      : report_control_sets -verbose -file FpgaTop_control_sets_placed.rpt
| Design       : FpgaTop
| Device       : xc7a35t
------------------------------------------------------------------------------------

Control Set Information

Table of Contents
-----------------
1. Summary
2. Histogram
3. Flip-Flop Distribution
4. Detailed Control Set Information

1. Summary
----------

+----------------------------------------------------------+-------+
|                          Status                          | Count |
+----------------------------------------------------------+-------+
| Total control sets                                       |  1039 |
|    Minimum number of control sets                        |  1039 |
|    Addition due to synthesis replication                 |     0 |
|    Addition due to physical synthesis replication        |     0 |
| Unused register locations in slices containing registers |    32 |
+----------------------------------------------------------+-------+
* Control sets can be merged at opt_design using control_set_merge or merge_equivalent_drivers
** Run report_qor_suggestions for automated merging and remapping suggestions


2. Histogram
------------

+--------------------+-------+
|       Fanout       | Count |
+--------------------+-------+
| Total control sets |  1039 |
| >= 0 to < 4        |     1 |
| >= 4 to < 6        |     0 |
| >= 6 to < 8        |     0 |
| >= 8 to < 10       |  1024 |
| >= 10 to < 12      |     0 |
| >= 12 to < 14      |     1 |
| >= 14 to < 16      |     0 |
| >= 16              |    13 |
+--------------------+-------+
* Control sets can be remapped at either synth_design or opt_design


3. Flip-Flop Distribution
-------------------------

+--------------+-----------------------+------------------------+-----------------+--------------+
| Clock Enable | Synchronous Set/Reset | Asynchronous Set/Reset | Total Registers | Total Slices |
+--------------+-----------------------+------------------------+-----------------+--------------+
| No           | No                    | No                     |              12 |            4 |
| No           | No                    | Yes                    |              84 |           29 |
| No           | Yes                   | No                     |              80 |           23 |
| Yes          | No                    | No                     |               0 |            0 |
| Yes          | No                    | Yes                    |               0 |            0 |
| Yes          | Yes                   | No                     |            8416 |         3062 |
+--------------+-----------------------+------------------------+-----------------+--------------+


4. Detailed Control Set Information
-----------------------------------

+--------------------+--------------------------------------------+-------------------------------------+------------------+----------------+--------------+
|    Clock Signal    |                Enable Signal               |           Set/Reset Signal          | Slice Load Count | Bel Load Count | Bels / Slice |
+--------------------+--------------------------------------------+-------------------------------------+------------------+----------------+--------------+
|  clk_IBUF_BUFG     |                                            | u_debounceLeft/pbout_reg_0          |                2 |              2 |         1.00 |
|  processorClk_BUFG | u_processor/u_PC/memory[94][31]_i_9_1[3]   | u_processor/u_dataMem/SR[0]         |                2 |              8 |         4.00 |
|  processorClk_BUFG | u_processor/u_PC/memory[94][31]_i_4_83[2]  | u_processor/u_dataMem/SR[0]         |                5 |              8 |         1.60 |
|  processorClk_BUFG | u_processor/u_PC/memory[94][31]_i_4_79[3]  | u_processor/u_dataMem/SR[0]         |                3 |              8 |         2.67 |
|  processorClk_BUFG | u_processor/u_PC/memory[94][31]_i_4_85[2]  | u_processor/u_dataMem/SR[0]         |                4 |              8 |         2.00 |
|  processorClk_BUFG | u_processor/u_PC/memory[94][31]_i_4_79[1]  | u_processor/u_dataMem/SR[0]         |                2 |              8 |         4.00 |
|  processorClk_BUFG | u_processor/u_PC/memory[94][31]_i_4_75[3]  | u_processor/u_dataMem/SR[0]         |                6 |              8 |         1.33 |
|  processorClk_BUFG | u_processor/u_PC/memory[94][31]_i_4_83[1]  | u_processor/u_dataMem/SR[0]         |                2 |              8 |         4.00 |
|  processorClk_BUFG | u_processor/u_PC/memory[94][31]_i_4_73[3]  | u_processor/u_dataMem/SR[0]         |                4 |              8 |         2.00 |
|  processorClk_BUFG | u_processor/u_PC/memory[94][31]_i_4_8[2]   | u_processor/u_dataMem/SR[0]         |                3 |              8 |         2.67 |
|  processorClk_BUFG | u_processor/u_PC/memory[94][31]_i_4_78[1]  | u_processor/u_dataMem/SR[0]         |                2 |              8 |         4.00 |
|  processorClk_BUFG | u_processor/u_PC/memory[94][31]_i_4_83[3]  | u_processor/u_dataMem/SR[0]         |                4 |              8 |         2.00 |
|  processorClk_BUFG | u_processor/u_PC/memory[94][31]_i_4_85[1]  | u_processor/u_dataMem/SR[0]         |                2 |              8 |         4.00 |
|  processorClk_BUFG | u_processor/u_PC/memory[94][31]_i_4_85[3]  | u_processor/u_dataMem/SR[0]         |                2 |              8 |         4.00 |
|  processorClk_BUFG | u_processor/u_PC/memory[94][31]_i_4_86[1]  | u_processor/u_dataMem/SR[0]         |                1 |              8 |         8.00 |
|  processorClk_BUFG | u_processor/u_PC/memory[94][31]_i_4_78[3]  | u_processor/u_dataMem/SR[0]         |                2 |              8 |         4.00 |
|  processorClk_BUFG | u_processor/u_PC/memory[94][31]_i_4_82[2]  | u_processor/u_dataMem/SR[0]         |                2 |              8 |         4.00 |
|  processorClk_BUFG | u_processor/u_PC/memory[94][31]_i_4_86[2]  | u_processor/u_dataMem/SR[0]         |                2 |              8 |         4.00 |
|  processorClk_BUFG | u_processor/u_PC/memory[94][31]_i_4_82[3]  | u_processor/u_dataMem/SR[0]         |                2 |              8 |         4.00 |
|  processorClk_BUFG | u_processor/u_PC/memory[94][31]_i_4_73[0]  | u_processor/u_dataMem/SR[0]         |                4 |              8 |         2.00 |
|  processorClk_BUFG | u_processor/u_PC/memory[94][31]_i_4_81[1]  | u_processor/u_dataMem/SR[0]         |                3 |              8 |         2.67 |
|  processorClk_BUFG | u_processor/u_PC/memory[94][31]_i_4_85[0]  | u_processor/u_dataMem/SR[0]         |                2 |              8 |         4.00 |
|  processorClk_BUFG | u_processor/u_PC/memory[94][31]_i_4_78[2]  | u_processor/u_dataMem/SR[0]         |                2 |              8 |         4.00 |
|  processorClk_BUFG | u_processor/u_PC/memory[94][31]_i_4_87[0]  | u_processor/u_dataMem/SR[0]         |                2 |              8 |         4.00 |
|  processorClk_BUFG | u_processor/u_PC/memory[94][31]_i_4_75[0]  | u_processor/u_dataMem/SR[0]         |                2 |              8 |         4.00 |
|  processorClk_BUFG | u_processor/u_PC/memory[94][31]_i_4_80[2]  | u_processor/u_dataMem/SR[0]         |                2 |              8 |         4.00 |
|  processorClk_BUFG | u_processor/u_PC/memory[94][31]_i_4_75[1]  | u_processor/u_dataMem/SR[0]         |                4 |              8 |         2.00 |
|  processorClk_BUFG | u_processor/u_PC/memory[94][31]_i_4_81[0]  | u_processor/u_dataMem/SR[0]         |                6 |              8 |         1.33 |
|  processorClk_BUFG | u_processor/u_PC/memory[94][31]_i_4_76[0]  | u_processor/u_dataMem/SR[0]         |                3 |              8 |         2.67 |
|  processorClk_BUFG | u_processor/u_PC/memory[94][31]_i_4_8[3]   | u_processor/u_dataMem/SR[0]         |                1 |              8 |         8.00 |
|  processorClk_BUFG | u_processor/u_PC/memory[94][31]_i_4_84[2]  | u_processor/u_dataMem/SR[0]         |                2 |              8 |         4.00 |
|  processorClk_BUFG | u_processor/u_PC/memory[94][31]_i_4_87[1]  | u_processor/u_dataMem/SR[0]         |                8 |              8 |         1.00 |
|  processorClk_BUFG | u_processor/u_PC/memory[94][31]_i_4_77[1]  | u_processor/u_dataMem/SR[0]         |                3 |              8 |         2.67 |
|  processorClk_BUFG | u_processor/u_PC/memory[94][31]_i_4_79[2]  | u_processor/u_dataMem/SR[0]         |                4 |              8 |         2.00 |
|  processorClk_BUFG | u_processor/u_PC/memory[94][31]_i_4_77[3]  | u_processor/u_dataMem/SR[0]         |                3 |              8 |         2.67 |
|  processorClk_BUFG | u_processor/u_PC/memory[94][31]_i_4_80[0]  | u_processor/u_dataMem/SR[0]         |                6 |              8 |         1.33 |
|  processorClk_BUFG | u_processor/u_PC/memory[94][31]_i_4_74[1]  | u_processor/u_dataMem/SR[0]         |                3 |              8 |         2.67 |
|  processorClk_BUFG | u_processor/u_PC/memory[94][31]_i_4_80[3]  | u_processor/u_dataMem/SR[0]         |                2 |              8 |         4.00 |
|  processorClk_BUFG | u_processor/u_PC/memory[94][31]_i_4_84[3]  | u_processor/u_dataMem/SR[0]         |                2 |              8 |         4.00 |
|  processorClk_BUFG | u_processor/u_PC/memory[94][31]_i_4_74[0]  | u_processor/u_dataMem/SR[0]         |                5 |              8 |         1.60 |
|  processorClk_BUFG | u_processor/u_PC/memory[94][31]_i_4_84[0]  | u_processor/u_dataMem/SR[0]         |                2 |              8 |         4.00 |
|  processorClk_BUFG | u_processor/u_PC/memory[94][31]_i_4_73[1]  | u_processor/u_dataMem/SR[0]         |                2 |              8 |         4.00 |
|  processorClk_BUFG | u_processor/u_PC/memory[94][31]_i_4_77[2]  | u_processor/u_dataMem/SR[0]         |                2 |              8 |         4.00 |
|  processorClk_BUFG | u_processor/u_PC/memory[94][31]_i_4_73[2]  | u_processor/u_dataMem/SR[0]         |                6 |              8 |         1.33 |
|  processorClk_BUFG | u_processor/u_PC/memory[94][31]_i_4_79[0]  | u_processor/u_dataMem/SR[0]         |                2 |              8 |         4.00 |
|  processorClk_BUFG | u_processor/u_PC/memory[94][31]_i_4_87[2]  | u_processor/u_dataMem/SR[0]         |                7 |              8 |         1.14 |
|  processorClk_BUFG | u_processor/u_PC/memory[94][31]_i_4_74[3]  | u_processor/u_dataMem/SR[0]         |                4 |              8 |         2.00 |
|  processorClk_BUFG | u_processor/u_PC/memory[94][31]_i_4_76[2]  | u_processor/u_dataMem/SR[0]         |                2 |              8 |         4.00 |
|  processorClk_BUFG | u_processor/u_PC/memory[94][31]_i_4_8[1]   | u_processor/u_dataMem/SR[0]         |                2 |              8 |         4.00 |
|  processorClk_BUFG | u_processor/u_PC/memory[94][31]_i_4_8[0]   | u_processor/u_dataMem/SR[0]         |                2 |              8 |         4.00 |
|  processorClk_BUFG | u_processor/u_PC/memory[94][31]_i_4_81[2]  | u_processor/u_dataMem/SR[0]         |                2 |              8 |         4.00 |
|  processorClk_BUFG | u_processor/u_PC/memory[94][31]_i_4_86[3]  | u_processor/u_dataMem/SR[0]         |                2 |              8 |         4.00 |
|  processorClk_BUFG | u_processor/u_PC/memory[94][31]_i_4_87[3]  | u_processor/u_dataMem/SR[0]         |                1 |              8 |         8.00 |
|  processorClk_BUFG | u_processor/u_PC/memory[94][31]_i_4_76[3]  | u_processor/u_dataMem/SR[0]         |                2 |              8 |         4.00 |
|  processorClk_BUFG | u_processor/u_PC/memory[94][31]_i_4_75[2]  | u_processor/u_dataMem/SR[0]         |                4 |              8 |         2.00 |
|  processorClk_BUFG | u_processor/u_PC/memory[94][31]_i_4_77[0]  | u_processor/u_dataMem/SR[0]         |                1 |              8 |         8.00 |
|  processorClk_BUFG | u_processor/u_PC/memory[94][31]_i_4_81[3]  | u_processor/u_dataMem/SR[0]         |                4 |              8 |         2.00 |
|  processorClk_BUFG | u_processor/u_PC/memory[94][31]_i_4_86[0]  | u_processor/u_dataMem/SR[0]         |                3 |              8 |         2.67 |
|  processorClk_BUFG | u_processor/u_PC/memory[94][31]_i_4_80[1]  | u_processor/u_dataMem/SR[0]         |                3 |              8 |         2.67 |
|  processorClk_BUFG | u_processor/u_PC/memory[94][31]_i_4_82[0]  | u_processor/u_dataMem/SR[0]         |                3 |              8 |         2.67 |
|  processorClk_BUFG | u_processor/u_PC/memory[94][31]_i_4_83[0]  | u_processor/u_dataMem/SR[0]         |                2 |              8 |         4.00 |
|  processorClk_BUFG | u_processor/u_PC/memory[94][31]_i_4_84[1]  | u_processor/u_dataMem/SR[0]         |                2 |              8 |         4.00 |
|  processorClk_BUFG | u_processor/u_PC/memory[94][31]_i_4_74[2]  | u_processor/u_dataMem/SR[0]         |                6 |              8 |         1.33 |
|  processorClk_BUFG | u_processor/u_PC/memory[94][31]_i_4_78[0]  | u_processor/u_dataMem/SR[0]         |                4 |              8 |         2.00 |
|  processorClk_BUFG | u_processor/u_PC/memory[94][31]_i_4_76[1]  | u_processor/u_dataMem/SR[0]         |                2 |              8 |         4.00 |
|  processorClk_BUFG | u_processor/u_PC/memory[94][31]_i_4_82[1]  | u_processor/u_dataMem/SR[0]         |                4 |              8 |         2.00 |
|  processorClk_BUFG | u_processor/u_PC/memory[94][31]_i_4_96[2]  | u_processor/u_dataMem/SR[0]         |                3 |              8 |         2.67 |
|  processorClk_BUFG | u_processor/u_PC/memory[94][31]_i_6_0[0]   | u_processor/u_dataMem/SR[0]         |                3 |              8 |         2.67 |
|  processorClk_BUFG | u_processor/u_PC/memory[94][31]_i_4_93[0]  | u_processor/u_dataMem/SR[0]         |                1 |              8 |         8.00 |
|  processorClk_BUFG | u_processor/u_PC/memory[94][31]_i_4_88[2]  | u_processor/u_dataMem/SR[0]         |                2 |              8 |         4.00 |
|  processorClk_BUFG | u_processor/u_PC/memory[94][31]_i_4_9[3]   | u_processor/u_dataMem/SR[0]         |                3 |              8 |         2.67 |
|  processorClk_BUFG | u_processor/u_PC/memory[94][31]_i_4_9[2]   | u_processor/u_dataMem/SR[0]         |                3 |              8 |         2.67 |
|  processorClk_BUFG | u_processor/u_PC/memory[94][31]_i_4_92[3]  | u_processor/u_dataMem/SR[0]         |                2 |              8 |         4.00 |
|  processorClk_BUFG | u_processor/u_PC/memory[94][31]_i_4_93[2]  | u_processor/u_dataMem/SR[0]         |                8 |              8 |         1.00 |
|  processorClk_BUFG | u_processor/u_PC/memory[94][31]_i_4_90[1]  | u_processor/u_dataMem/SR[0]         |                2 |              8 |         4.00 |
|  processorClk_BUFG | u_processor/u_PC/memory[94][31]_i_4_97[1]  | u_processor/u_dataMem/SR[0]         |                2 |              8 |         4.00 |
|  processorClk_BUFG | u_processor/u_PC/memory[94][31]_i_4_93[3]  | u_processor/u_dataMem/SR[0]         |                3 |              8 |         2.67 |
|  processorClk_BUFG | u_processor/u_PC/memory[94][31]_i_4_98[0]  | u_processor/u_dataMem/SR[0]         |                2 |              8 |         4.00 |
|  processorClk_BUFG | u_processor/u_PC/memory[94][31]_i_4_91[1]  | u_processor/u_dataMem/SR[0]         |                1 |              8 |         8.00 |
|  processorClk_BUFG | u_processor/u_PC/memory[94][31]_i_4_97[2]  | u_processor/u_dataMem/SR[0]         |                2 |              8 |         4.00 |
|  processorClk_BUFG | u_processor/u_PC/memory[94][31]_i_4_90[2]  | u_processor/u_dataMem/SR[0]         |                2 |              8 |         4.00 |
|  processorClk_BUFG | u_processor/u_PC/memory[94][31]_i_4_98[3]  | u_processor/u_dataMem/SR[0]         |                1 |              8 |         8.00 |
|  processorClk_BUFG | u_processor/u_PC/memory[94][31]_i_4_98[2]  | u_processor/u_dataMem/SR[0]         |                3 |              8 |         2.67 |
|  processorClk_BUFG | u_processor/u_PC/memory[94][31]_i_6_0[2]   | u_processor/u_dataMem/SR[0]         |                3 |              8 |         2.67 |
|  processorClk_BUFG | u_processor/u_PC/memory[94][31]_i_4_99[0]  | u_processor/u_dataMem/SR[0]         |                2 |              8 |         4.00 |
|  processorClk_BUFG | u_processor/u_PC/memory[94][31]_i_4_96[3]  | u_processor/u_dataMem/SR[0]         |                6 |              8 |         1.33 |
|  processorClk_BUFG | u_processor/u_PC/memory[94][31]_i_4_99[1]  | u_processor/u_dataMem/SR[0]         |                2 |              8 |         4.00 |
|  processorClk_BUFG | u_processor/u_PC/memory[94][31]_i_7_0[0]   | u_processor/u_dataMem/SR[0]         |                2 |              8 |         4.00 |
|  processorClk_BUFG | u_processor/u_PC/memory[94][31]_i_7_0[1]   | u_processor/u_dataMem/SR[0]         |                2 |              8 |         4.00 |
|  processorClk_BUFG | u_processor/u_PC/memory[94][31]_i_4_88[3]  | u_processor/u_dataMem/SR[0]         |                2 |              8 |         4.00 |
|  processorClk_BUFG | u_processor/u_PC/memory[94][31]_i_6_0[3]   | u_processor/u_dataMem/SR[0]         |                2 |              8 |         4.00 |
|  processorClk_BUFG | u_processor/u_PC/memory[94][31]_i_7_0[3]   | u_processor/u_dataMem/SR[0]         |                3 |              8 |         2.67 |
|  processorClk_BUFG | u_processor/u_PC/memory[94][31]_i_4_94[0]  | u_processor/u_dataMem/SR[0]         |                3 |              8 |         2.67 |
|  processorClk_BUFG | u_processor/u_PC/memory[94][31]_i_4_97[3]  | u_processor/u_dataMem/SR[0]         |                5 |              8 |         1.60 |
|  processorClk_BUFG | u_processor/u_PC/memory[94][31]_i_4_98[1]  | u_processor/u_dataMem/SR[0]         |                1 |              8 |         8.00 |
|  processorClk_BUFG | u_processor/u_PC/memory[94][31]_i_4_99[2]  | u_processor/u_dataMem/SR[0]         |                1 |              8 |         8.00 |
|  processorClk_BUFG | u_processor/u_PC/memory[94][31]_i_7_0[2]   | u_processor/u_dataMem/SR[0]         |                3 |              8 |         2.67 |
|  processorClk_BUFG | u_processor/u_PC/memory[94][31]_i_4_92[0]  | u_processor/u_dataMem/SR[0]         |                5 |              8 |         1.60 |
|  processorClk_BUFG | u_processor/u_PC/memory[94][31]_i_4_99[3]  | u_processor/u_dataMem/SR[0]         |                3 |              8 |         2.67 |
|  processorClk_BUFG | u_processor/u_PC/memory[94][31]_i_6_0[1]   | u_processor/u_dataMem/SR[0]         |                2 |              8 |         4.00 |
|  processorClk_BUFG | u_processor/u_PC/memory[94][31]_i_4_89[0]  | u_processor/u_dataMem/SR[0]         |                2 |              8 |         4.00 |
|  processorClk_BUFG | u_processor/u_PC/memory[94][31]_i_4_96[0]  | u_processor/u_dataMem/SR[0]         |                1 |              8 |         8.00 |
|  processorClk_BUFG | u_processor/u_PC/memory[94][31]_i_7_1[0]   | u_processor/u_dataMem/SR[0]         |                4 |              8 |         2.00 |
|  processorClk_BUFG | u_processor/u_PC/memory[94][31]_i_4_95[1]  | u_processor/u_dataMem/SR[0]         |                3 |              8 |         2.67 |
|  processorClk_BUFG | u_processor/u_PC/memory[94][31]_i_4_95[2]  | u_processor/u_dataMem/SR[0]         |                2 |              8 |         4.00 |
|  processorClk_BUFG | u_processor/u_PC/memory[94][31]_i_4_95[3]  | u_processor/u_dataMem/SR[0]         |                2 |              8 |         4.00 |
|  processorClk_BUFG | u_processor/u_PC/memory[94][31]_i_4_9[1]   | u_processor/u_dataMem/SR[0]         |                2 |              8 |         4.00 |
|  processorClk_BUFG | u_processor/u_PC/memory[94][31]_i_4_91[2]  | u_processor/u_dataMem/SR[0]         |                4 |              8 |         2.00 |
|  processorClk_BUFG | u_processor/u_PC/memory[94][31]_i_4_94[3]  | u_processor/u_dataMem/SR[0]         |                3 |              8 |         2.67 |
|  processorClk_BUFG | u_processor/u_PC/memory[94][31]_i_4_95[0]  | u_processor/u_dataMem/SR[0]         |                2 |              8 |         4.00 |
|  processorClk_BUFG | u_processor/u_PC/memory[94][31]_i_4_96[1]  | u_processor/u_dataMem/SR[0]         |                5 |              8 |         1.60 |
|  processorClk_BUFG | u_processor/u_PC/memory[94][31]_i_7_1[1]   | u_processor/u_dataMem/SR[0]         |                3 |              8 |         2.67 |
|  processorClk_BUFG | u_processor/u_PC/memory[94][31]_i_4_88[1]  | u_processor/u_dataMem/SR[0]         |                3 |              8 |         2.67 |
|  processorClk_BUFG | u_processor/u_PC/memory[94][31]_i_4_89[1]  | u_processor/u_dataMem/SR[0]         |                2 |              8 |         4.00 |
|  processorClk_BUFG | u_processor/u_PC/memory[94][31]_i_4_90[0]  | u_processor/u_dataMem/SR[0]         |                1 |              8 |         8.00 |
|  processorClk_BUFG | u_processor/u_PC/memory[94][31]_i_4_92[1]  | u_processor/u_dataMem/SR[0]         |                7 |              8 |         1.14 |
|  processorClk_BUFG | u_processor/u_PC/memory[94][31]_i_4_94[2]  | u_processor/u_dataMem/SR[0]         |                6 |              8 |         1.33 |
|  processorClk_BUFG | u_processor/u_PC/memory[94][31]_i_7_1[2]   | u_processor/u_dataMem/SR[0]         |                5 |              8 |         1.60 |
|  processorClk_BUFG | u_processor/u_PC/memory[94][31]_i_7_1[3]   | u_processor/u_dataMem/SR[0]         |                3 |              8 |         2.67 |
|  processorClk_BUFG | u_processor/u_PC/memory[94][31]_i_4_97[0]  | u_processor/u_dataMem/SR[0]         |                8 |              8 |         1.00 |
|  processorClk_BUFG | u_processor/u_PC/memory[94][31]_i_4_89[2]  | u_processor/u_dataMem/SR[0]         |                2 |              8 |         4.00 |
|  processorClk_BUFG | u_processor/u_PC/memory[94][31]_i_4_89[3]  | u_processor/u_dataMem/SR[0]         |                2 |              8 |         4.00 |
|  processorClk_BUFG | u_processor/u_PC/memory[94][31]_i_4_90[3]  | u_processor/u_dataMem/SR[0]         |                2 |              8 |         4.00 |
|  processorClk_BUFG | u_processor/u_PC/memory[94][31]_i_4_91[0]  | u_processor/u_dataMem/SR[0]         |                4 |              8 |         2.00 |
|  processorClk_BUFG | u_processor/u_PC/memory[94][31]_i_4_91[3]  | u_processor/u_dataMem/SR[0]         |                3 |              8 |         2.67 |
|  processorClk_BUFG | u_processor/u_PC/memory[94][31]_i_4_92[2]  | u_processor/u_dataMem/SR[0]         |                5 |              8 |         1.60 |
|  processorClk_BUFG | u_processor/u_PC/memory[94][31]_i_4_9[0]   | u_processor/u_dataMem/SR[0]         |                3 |              8 |         2.67 |
|  processorClk_BUFG | u_processor/u_PC/memory[94][31]_i_4_93[1]  | u_processor/u_dataMem/SR[0]         |                4 |              8 |         2.00 |
|  processorClk_BUFG | u_processor/u_PC/memory[94][31]_i_4_88[0]  | u_processor/u_dataMem/SR[0]         |                2 |              8 |         4.00 |
|  processorClk_BUFG | u_processor/u_PC/memory[94][31]_i_4_94[1]  | u_processor/u_dataMem/SR[0]         |                4 |              8 |         2.00 |
|  processorClk_BUFG | u_processor/u_PC/PC_reg[5]_28[0]           | u_processor/u_dataMem/SR[0]         |                4 |              8 |         2.00 |
|  processorClk_BUFG | u_processor/u_PC/memory[94][31]_i_8_0[0]   | u_processor/u_dataMem/SR[0]         |                7 |              8 |         1.14 |
|  processorClk_BUFG | u_processor/u_PC/memory[94][31]_i_9_2[3]   | u_processor/u_dataMem/SR[0]         |                2 |              8 |         4.00 |
|  processorClk_BUFG | u_processor/u_PC/memory[94][31]_i_9_1[0]   | u_processor/u_dataMem/SR[0]         |                2 |              8 |         4.00 |
|  processorClk_BUFG | u_processor/u_PC/memory[94][31]_i_8_0[3]   | u_processor/u_dataMem/SR[0]         |                4 |              8 |         2.00 |
|  processorClk_BUFG | u_processor/u_PC/memory[94][31]_i_9_2[0]   | u_processor/u_dataMem/SR[0]         |                4 |              8 |         2.00 |
|  processorClk_BUFG | u_processor/u_PC/memory[94][31]_i_9_0[1]   | u_processor/u_dataMem/SR[0]         |                6 |              8 |         1.33 |
|  processorClk_BUFG | u_processor/u_PC/memory[94][31]_i_9_0[2]   | u_processor/u_dataMem/SR[0]         |                8 |              8 |         1.00 |
|  processorClk_BUFG | u_processor/u_PC/memory[94][31]_i_9_1[1]   | u_processor/u_dataMem/SR[0]         |                5 |              8 |         1.60 |
|  processorClk_BUFG | u_processor/u_PC/memory[94][31]_i_9_0[3]   | u_processor/u_dataMem/SR[0]         |                2 |              8 |         4.00 |
|  processorClk_BUFG | u_processor/u_PC/memory[94][31]_i_9_0[0]   | u_processor/u_dataMem/SR[0]         |                3 |              8 |         2.67 |
|  processorClk_BUFG | u_processor/u_PC/memory[94][31]_i_9_2[1]   | u_processor/u_dataMem/SR[0]         |                5 |              8 |         1.60 |
|  processorClk_BUFG | u_processor/u_PC/memory[94][31]_i_8_0[2]   | u_processor/u_dataMem/SR[0]         |                5 |              8 |         1.60 |
|  processorClk_BUFG | u_processor/u_PC/memory[94][31]_i_8_0[1]   | u_processor/u_dataMem/SR[0]         |                6 |              8 |         1.33 |
|  processorClk_BUFG | u_processor/u_PC/memory[94][31]_i_9_1[2]   | u_processor/u_dataMem/SR[0]         |                2 |              8 |         4.00 |
|  processorClk_BUFG | u_processor/u_PC/memory[94][31]_i_9_2[2]   | u_processor/u_dataMem/SR[0]         |                2 |              8 |         4.00 |
|  processorClk_BUFG | u_processor/u_PC/E[0]                      | u_processor/u_dataMem/SR[0]         |                4 |              8 |         2.00 |
|  processorClk_BUFG | u_processor/u_PC/E[1]                      | u_processor/u_dataMem/SR[0]         |                2 |              8 |         4.00 |
|  processorClk_BUFG | u_processor/u_PC/E[2]                      | u_processor/u_dataMem/SR[0]         |                2 |              8 |         4.00 |
|  processorClk_BUFG | u_processor/u_PC/E[3]                      | u_processor/u_dataMem/SR[0]         |                2 |              8 |         4.00 |
|  processorClk_BUFG | u_processor/u_PC/PC_reg[3]_31[2]           | u_processor/u_dataMem/SR[0]         |                3 |              8 |         2.67 |
|  processorClk_BUFG | u_processor/u_PC/memory[94][31]_i_4_7[1]   | u_processor/u_dataMem/SR[0]         |                1 |              8 |         8.00 |
|  processorClk_BUFG | u_processor/u_PC/memory[94][31]_i_4_70[1]  | u_processor/u_dataMem/SR[0]         |                1 |              8 |         8.00 |
|  processorClk_BUFG | u_processor/u_PC/PC_reg[3]_32[0]           | u_processor/u_dataMem/SR[0]         |                4 |              8 |         2.00 |
|  processorClk_BUFG | u_processor/u_PC/memory[94][31]_i_4_7[2]   | u_processor/u_dataMem/SR[0]         |                1 |              8 |         8.00 |
|  processorClk_BUFG | u_processor/u_PC/PC_reg[3]_31[0]           | u_processor/u_dataMem/SR[0]         |                4 |              8 |         2.00 |
|  processorClk_BUFG | u_processor/u_PC/PC_reg[3]_32[1]           | u_processor/u_dataMem/SR[0]         |                3 |              8 |         2.67 |
|  processorClk_BUFG | u_processor/u_PC/PC_reg[3]_32[2]           | u_processor/u_dataMem/SR[0]         |                5 |              8 |         1.60 |
|  processorClk_BUFG | u_processor/u_PC/PC_reg[3]_32[3]           | u_processor/u_dataMem/SR[0]         |                4 |              8 |         2.00 |
|  processorClk_BUFG | u_processor/u_PC/PC_reg[3]_33[0]           | u_processor/u_dataMem/SR[0]         |                2 |              8 |         4.00 |
|  processorClk_BUFG | u_processor/u_PC/PC_reg[3]_33[2]           | u_processor/u_dataMem/SR[0]         |                4 |              8 |         2.00 |
|  processorClk_BUFG | u_processor/u_PC/PC_reg[3]_31[1]           | u_processor/u_dataMem/SR[0]         |                1 |              8 |         8.00 |
|  processorClk_BUFG | u_processor/u_PC/PC_reg[3]_31[3]           | u_processor/u_dataMem/SR[0]         |                2 |              8 |         4.00 |
|  processorClk_BUFG | u_processor/u_PC/PC_reg[3]_33[1]           | u_processor/u_dataMem/SR[0]         |                2 |              8 |         4.00 |
|  processorClk_BUFG | u_processor/u_PC/PC_reg[3]_33[3]           | u_processor/u_dataMem/SR[0]         |                3 |              8 |         2.67 |
|  processorClk_BUFG | u_processor/u_PC/memory[94][31]_i_4_72[2]  | u_processor/u_dataMem/SR[0]         |                4 |              8 |         2.00 |
|  processorClk_BUFG | u_processor/u_PC/PC_reg[5]_18[2]           | u_processor/u_dataMem/SR[0]         |                6 |              8 |         1.33 |
|  processorClk_BUFG | u_processor/u_PC/PC_reg[5]_24[1]           | u_processor/u_dataMem/SR[0]         |                1 |              8 |         8.00 |
|  processorClk_BUFG | u_processor/u_PC/PC_reg[5]_24[2]           | u_processor/u_dataMem/SR[0]         |                1 |              8 |         8.00 |
|  processorClk_BUFG | u_processor/u_PC/PC_reg[5]_11[3]           | u_processor/u_dataMem/SR[0]         |                4 |              8 |         2.00 |
|  processorClk_BUFG | u_processor/u_PC/PC_reg[5]_13[3]           | u_processor/u_dataMem/SR[0]         |                2 |              8 |         4.00 |
|  processorClk_BUFG | u_processor/u_PC/PC_reg[5]_10[3]           | u_processor/u_dataMem/SR[0]         |                2 |              8 |         4.00 |
|  processorClk_BUFG | u_processor/u_PC/PC_reg[5]_12[0]           | u_processor/u_dataMem/SR[0]         |                2 |              8 |         4.00 |
|  processorClk_BUFG | u_processor/u_PC/PC_reg[5]_15[2]           | u_processor/u_dataMem/SR[0]         |                4 |              8 |         2.00 |
|  processorClk_BUFG | u_processor/u_PC/PC_reg[5]_15[3]           | u_processor/u_dataMem/SR[0]         |                3 |              8 |         2.67 |
|  processorClk_BUFG | u_processor/u_PC/PC_reg[5]_13[0]           | u_processor/u_dataMem/SR[0]         |                2 |              8 |         4.00 |
|  processorClk_BUFG | u_processor/u_PC/PC_reg[5]_16[0]           | u_processor/u_dataMem/SR[0]         |                4 |              8 |         2.00 |
|  processorClk_BUFG | u_processor/u_PC/PC_reg[5]_17[0]           | u_processor/u_dataMem/SR[0]         |                3 |              8 |         2.67 |
|  processorClk_BUFG | u_processor/u_PC/PC_reg[5]_12[3]           | u_processor/u_dataMem/SR[0]         |                2 |              8 |         4.00 |
|  processorClk_BUFG | u_processor/u_PC/PC_reg[5]_10[1]           | u_processor/u_dataMem/SR[0]         |                2 |              8 |         4.00 |
|  processorClk_BUFG | u_processor/u_PC/PC_reg[5]_13[1]           | u_processor/u_dataMem/SR[0]         |                2 |              8 |         4.00 |
|  processorClk_BUFG | u_processor/u_PC/PC_reg[5]_16[2]           | u_processor/u_dataMem/SR[0]         |                3 |              8 |         2.67 |
|  processorClk_BUFG | u_processor/u_PC/PC_reg[5]_17[3]           | u_processor/u_dataMem/SR[0]         |                3 |              8 |         2.67 |
|  processorClk_BUFG | u_processor/u_PC/PC_reg[5]_18[0]           | u_processor/u_dataMem/SR[0]         |                2 |              8 |         4.00 |
|  processorClk_BUFG | u_processor/u_PC/PC_reg[5]_11[1]           | u_processor/u_dataMem/SR[0]         |                3 |              8 |         2.67 |
|  processorClk_BUFG | u_processor/u_PC/PC_reg[5]_12[1]           | u_processor/u_dataMem/SR[0]         |                2 |              8 |         4.00 |
|  processorClk_BUFG | u_processor/u_PC/PC_reg[5]_18[1]           | u_processor/u_dataMem/SR[0]         |                6 |              8 |         1.33 |
|  processorClk_BUFG | u_processor/u_PC/PC_reg[5]_19[0]           | u_processor/u_dataMem/SR[0]         |                1 |              8 |         8.00 |
|  processorClk_BUFG | u_processor/u_PC/PC_reg[5]_19[3]           | u_processor/u_dataMem/SR[0]         |                3 |              8 |         2.67 |
|  processorClk_BUFG | u_processor/u_PC/PC_reg[5]_2[3]            | u_processor/u_dataMem/SR[0]         |                1 |              8 |         8.00 |
|  processorClk_BUFG | u_processor/u_PC/PC_reg[5]_14[0]           | u_processor/u_dataMem/SR[0]         |                2 |              8 |         4.00 |
|  processorClk_BUFG | u_processor/u_PC/PC_reg[5]_20[0]           | u_processor/u_dataMem/SR[0]         |                4 |              8 |         2.00 |
|  processorClk_BUFG | u_processor/u_PC/PC_reg[5]_11[0]           | u_processor/u_dataMem/SR[0]         |                3 |              8 |         2.67 |
|  processorClk_BUFG | u_processor/u_PC/PC_reg[5]_19[1]           | u_processor/u_dataMem/SR[0]         |                3 |              8 |         2.67 |
|  processorClk_BUFG | u_processor/u_PC/PC_reg[5]_19[2]           | u_processor/u_dataMem/SR[0]         |                4 |              8 |         2.00 |
|  processorClk_BUFG | u_processor/u_PC/PC_reg[5]_2[2]            | u_processor/u_dataMem/SR[0]         |                2 |              8 |         4.00 |
|  processorClk_BUFG | u_processor/u_PC/PC_reg[5]_20[2]           | u_processor/u_dataMem/SR[0]         |                6 |              8 |         1.33 |
|  processorClk_BUFG | u_processor/u_PC/PC_reg[5]_21[3]           | u_processor/u_dataMem/SR[0]         |                2 |              8 |         4.00 |
|  processorClk_BUFG | u_processor/u_PC/PC_reg[5]_21[1]           | u_processor/u_dataMem/SR[0]         |                2 |              8 |         4.00 |
|  processorClk_BUFG | u_processor/u_PC/PC_reg[5]_11[2]           | u_processor/u_dataMem/SR[0]         |                3 |              8 |         2.67 |
|  processorClk_BUFG | u_processor/u_PC/PC_reg[5]_16[3]           | u_processor/u_dataMem/SR[0]         |                2 |              8 |         4.00 |
|  processorClk_BUFG | u_processor/u_PC/PC_reg[5]_10[0]           | u_processor/u_dataMem/SR[0]         |                3 |              8 |         2.67 |
|  processorClk_BUFG | u_processor/u_PC/PC_reg[5]_17[1]           | u_processor/u_dataMem/SR[0]         |                3 |              8 |         2.67 |
|  processorClk_BUFG | u_processor/u_PC/PC_reg[5]_22[0]           | u_processor/u_dataMem/SR[0]         |                3 |              8 |         2.67 |
|  processorClk_BUFG | u_processor/u_PC/PC_reg[5]_22[1]           | u_processor/u_dataMem/SR[0]         |                1 |              8 |         8.00 |
|  processorClk_BUFG | u_processor/u_PC/PC_reg[5]_22[2]           | u_processor/u_dataMem/SR[0]         |                4 |              8 |         2.00 |
|  processorClk_BUFG | u_processor/u_PC/PC_reg[5]_15[0]           | u_processor/u_dataMem/SR[0]         |                4 |              8 |         2.00 |
|  processorClk_BUFG | u_processor/u_PC/PC_reg[5]_14[2]           | u_processor/u_dataMem/SR[0]         |                3 |              8 |         2.67 |
|  processorClk_BUFG | u_processor/u_PC/PC_reg[5]_2[1]            | u_processor/u_dataMem/SR[0]         |                1 |              8 |         8.00 |
|  processorClk_BUFG | u_processor/u_PC/PC_reg[5]_13[2]           | u_processor/u_dataMem/SR[0]         |                7 |              8 |         1.14 |
|  processorClk_BUFG | u_processor/u_PC/PC_reg[5]_18[3]           | u_processor/u_dataMem/SR[0]         |                1 |              8 |         8.00 |
|  processorClk_BUFG | u_processor/u_PC/PC_reg[5]_20[1]           | u_processor/u_dataMem/SR[0]         |                5 |              8 |         1.60 |
|  processorClk_BUFG | u_processor/u_PC/PC_reg[5]_22[3]           | u_processor/u_dataMem/SR[0]         |                5 |              8 |         1.60 |
|  processorClk_BUFG | u_processor/u_PC/PC_reg[5]_23[0]           | u_processor/u_dataMem/SR[0]         |                2 |              8 |         4.00 |
|  processorClk_BUFG | u_processor/u_PC/PC_reg[5]_23[1]           | u_processor/u_dataMem/SR[0]         |                5 |              8 |         1.60 |
|  processorClk_BUFG | u_processor/u_PC/PC_reg[5]_23[2]           | u_processor/u_dataMem/SR[0]         |                7 |              8 |         1.14 |
|  processorClk_BUFG | u_processor/u_PC/PC_reg[5]_20[3]           | u_processor/u_dataMem/SR[0]         |                4 |              8 |         2.00 |
|  processorClk_BUFG | u_processor/u_PC/PC_reg[5]_23[3]           | u_processor/u_dataMem/SR[0]         |                3 |              8 |         2.67 |
|  processorClk_BUFG | u_processor/u_PC/PC_reg[5]_24[0]           | u_processor/u_dataMem/SR[0]         |                2 |              8 |         4.00 |
|  processorClk_BUFG | u_processor/u_PC/PC_reg[5]_10[2]           | u_processor/u_dataMem/SR[0]         |                2 |              8 |         4.00 |
|  processorClk_BUFG | u_processor/u_PC/PC_reg[5]_12[2]           | u_processor/u_dataMem/SR[0]         |                2 |              8 |         4.00 |
|  processorClk_BUFG | u_processor/u_PC/PC_reg[5]_14[1]           | u_processor/u_dataMem/SR[0]         |                5 |              8 |         1.60 |
|  processorClk_BUFG | u_processor/u_PC/PC_reg[5]_14[3]           | u_processor/u_dataMem/SR[0]         |                6 |              8 |         1.33 |
|  processorClk_BUFG | u_processor/u_PC/PC_reg[5]_16[1]           | u_processor/u_dataMem/SR[0]         |                1 |              8 |         8.00 |
|  processorClk_BUFG | u_processor/u_PC/PC_reg[5]_2[0]            | u_processor/u_dataMem/SR[0]         |                2 |              8 |         4.00 |
|  processorClk_BUFG | u_processor/u_PC/PC_reg[5]_21[0]           | u_processor/u_dataMem/SR[0]         |                3 |              8 |         2.67 |
|  processorClk_BUFG | u_processor/u_PC/PC_reg[5]_21[2]           | u_processor/u_dataMem/SR[0]         |                4 |              8 |         2.00 |
|  processorClk_BUFG | u_processor/u_PC/PC_reg[5]_15[1]           | u_processor/u_dataMem/SR[0]         |                3 |              8 |         2.67 |
|  processorClk_BUFG | u_processor/u_PC/PC_reg[5]_17[2]           | u_processor/u_dataMem/SR[0]         |                2 |              8 |         4.00 |
|  processorClk_BUFG | u_processor/u_PC/PC_reg[5]_3[0]            | u_processor/u_dataMem/SR[0]         |                3 |              8 |         2.67 |
|  processorClk_BUFG | u_processor/u_PC/PC_reg[5]_31[2]           | u_processor/u_dataMem/SR[0]         |                3 |              8 |         2.67 |
|  processorClk_BUFG | u_processor/u_PC/PC_reg[5]_3[1]            | u_processor/u_dataMem/SR[0]         |                7 |              8 |         1.14 |
|  processorClk_BUFG | u_processor/u_PC/PC_reg[5]_25[2]           | u_processor/u_dataMem/SR[0]         |                6 |              8 |         1.33 |
|  processorClk_BUFG | u_processor/u_PC/PC_reg[5]_27[2]           | u_processor/u_dataMem/SR[0]         |                5 |              8 |         1.60 |
|  processorClk_BUFG | u_processor/u_PC/PC_reg[5]_29[1]           | u_processor/u_dataMem/SR[0]         |                5 |              8 |         1.60 |
|  processorClk_BUFG | u_processor/u_PC/PC_reg[5]_27[3]           | u_processor/u_dataMem/SR[0]         |                3 |              8 |         2.67 |
|  processorClk_BUFG | u_processor/u_PC/PC_reg[5]_28[3]           | u_processor/u_dataMem/SR[0]         |                2 |              8 |         4.00 |
|  processorClk_BUFG | u_processor/u_PC/PC_reg[5]_25[1]           | u_processor/u_dataMem/SR[0]         |                2 |              8 |         4.00 |
|  processorClk_BUFG | u_processor/u_PC/PC_reg[5]_29[0]           | u_processor/u_dataMem/SR[0]         |                3 |              8 |         2.67 |
|  processorClk_BUFG | u_processor/u_PC/PC_reg[5]_3[2]            | u_processor/u_dataMem/SR[0]         |                5 |              8 |         1.60 |
|  processorClk_BUFG | u_processor/u_PC/PC_reg[5]_30[0]           | u_processor/u_dataMem/SR[0]         |                1 |              8 |         8.00 |
|  processorClk_BUFG | u_processor/u_PC/PC_reg[5]_28[2]           | u_processor/u_dataMem/SR[0]         |                2 |              8 |         4.00 |
|  processorClk_BUFG | u_processor/u_PC/PC_reg[5]_29[2]           | u_processor/u_dataMem/SR[0]         |                3 |              8 |         2.67 |
|  processorClk_BUFG | u_processor/u_PC/PC_reg[5]_32[0]           | u_processor/u_dataMem/SR[0]         |                2 |              8 |         4.00 |
|  processorClk_BUFG | u_processor/u_PC/memory[94][31]_i_4_7[0]   | u_processor/u_dataMem/SR[0]         |                3 |              8 |         2.67 |
|  processorClk_BUFG | u_processor/u_PC/memory[94][31]_i_4_70[0]  | u_processor/u_dataMem/SR[0]         |                3 |              8 |         2.67 |
|  processorClk_BUFG | u_processor/u_PC/PC_reg[5]_37[2]           | u_processor/u_dataMem/SR[0]         |                2 |              8 |         4.00 |
|  processorClk_BUFG | u_processor/u_PC/PC_reg[5]_32[1]           | u_processor/u_dataMem/SR[0]         |                4 |              8 |         2.00 |
|  processorClk_BUFG | u_processor/u_PC/PC_reg[5]_28[1]           | u_processor/u_dataMem/SR[0]         |                2 |              8 |         4.00 |
|  processorClk_BUFG | u_processor/u_PC/PC_reg[5]_37[3]           | u_processor/u_dataMem/SR[0]         |                1 |              8 |         8.00 |
|  processorClk_BUFG | u_processor/u_PC/PC_reg[5]_38[1]           | u_processor/u_dataMem/SR[0]         |                2 |              8 |         4.00 |
|  processorClk_BUFG | u_processor/u_PC/PC_reg[5]_31[1]           | u_processor/u_dataMem/SR[0]         |                2 |              8 |         4.00 |
|  processorClk_BUFG | u_processor/u_PC/PC_reg[5]_39[1]           | u_processor/u_dataMem/SR[0]         |                2 |              8 |         4.00 |
|  processorClk_BUFG | u_processor/u_PC/PC_reg[5]_26[0]           | u_processor/u_dataMem/SR[0]         |                2 |              8 |         4.00 |
|  processorClk_BUFG | u_processor/u_PC/PC_reg[5]_25[3]           | u_processor/u_dataMem/SR[0]         |                3 |              8 |         2.67 |
|  processorClk_BUFG | u_processor/u_PC/PC_reg[5]_27[1]           | u_processor/u_dataMem/SR[0]         |                2 |              8 |         4.00 |
|  processorClk_BUFG | u_processor/u_PC/PC_reg[5]_3[3]            | u_processor/u_dataMem/SR[0]         |                2 |              8 |         4.00 |
|  processorClk_BUFG | u_processor/u_PC/PC_reg[5]_31[0]           | u_processor/u_dataMem/SR[0]         |                3 |              8 |         2.67 |
|  processorClk_BUFG | u_processor/u_PC/PC_reg[5]_26[3]           | u_processor/u_dataMem/SR[0]         |                2 |              8 |         4.00 |
|  processorClk_BUFG | u_processor/u_PC/memory[94][31]_i_4_69[1]  | u_processor/u_dataMem/SR[0]         |                2 |              8 |         4.00 |
|  processorClk_BUFG | u_processor/u_PC/PC_reg[5]_4[0]            | u_processor/u_dataMem/SR[0]         |                2 |              8 |         4.00 |
|  processorClk_BUFG | u_processor/u_PC/PC_reg[5]_25[0]           | u_processor/u_dataMem/SR[0]         |                2 |              8 |         4.00 |
|  processorClk_BUFG | u_processor/u_PC/PC_reg[5]_32[3]           | u_processor/u_dataMem/SR[0]         |                2 |              8 |         4.00 |
|  processorClk_BUFG | u_processor/u_PC/PC_reg[5]_31[3]           | u_processor/u_dataMem/SR[0]         |                1 |              8 |         8.00 |
|  processorClk_BUFG | u_processor/u_PC/PC_reg[5]_39[0]           | u_processor/u_dataMem/SR[0]         |                3 |              8 |         2.67 |
|  processorClk_BUFG | u_processor/u_PC/PC_reg[5]_4[2]            | u_processor/u_dataMem/SR[0]         |                2 |              8 |         4.00 |
|  processorClk_BUFG | u_processor/u_PC/PC_reg[5]_4[3]            | u_processor/u_dataMem/SR[0]         |                3 |              8 |         2.67 |
|  processorClk_BUFG | u_processor/u_PC/PC_reg[5]_40[0]           | u_processor/u_dataMem/SR[0]         |                4 |              8 |         2.00 |
|  processorClk_BUFG | u_processor/u_PC/PC_reg[5]_30[2]           | u_processor/u_dataMem/SR[0]         |                2 |              8 |         4.00 |
|  processorClk_BUFG | u_processor/u_PC/PC_reg[5]_36[0]           | u_processor/u_dataMem/SR[0]         |                3 |              8 |         2.67 |
|  processorClk_BUFG | u_processor/u_PC/PC_reg[5]_39[3]           | u_processor/u_dataMem/SR[0]         |                3 |              8 |         2.67 |
|  processorClk_BUFG | u_processor/u_PC/PC_reg[5]_27[0]           | u_processor/u_dataMem/SR[0]         |                2 |              8 |         4.00 |
|  processorClk_BUFG | u_processor/u_PC/PC_reg[5]_38[2]           | u_processor/u_dataMem/SR[0]         |                1 |              8 |         8.00 |
|  processorClk_BUFG | u_processor/u_PC/PC_reg[5]_32[2]           | u_processor/u_dataMem/SR[0]         |                3 |              8 |         2.67 |
|  processorClk_BUFG | u_processor/u_PC/PC_reg[5]_38[3]           | u_processor/u_dataMem/SR[0]         |                4 |              8 |         2.00 |
|  processorClk_BUFG | u_processor/u_PC/PC_reg[5]_26[2]           | u_processor/u_dataMem/SR[0]         |                1 |              8 |         8.00 |
|  processorClk_BUFG | u_processor/u_PC/PC_reg[5]_29[3]           | u_processor/u_dataMem/SR[0]         |                4 |              8 |         2.00 |
|  processorClk_BUFG | u_processor/u_PC/PC_reg[5]_36[3]           | u_processor/u_dataMem/SR[0]         |                2 |              8 |         4.00 |
|  processorClk_BUFG | u_processor/u_PC/PC_reg[5]_36[2]           | u_processor/u_dataMem/SR[0]         |                3 |              8 |         2.67 |
|  processorClk_BUFG | u_processor/u_PC/PC_reg[5]_39[2]           | u_processor/u_dataMem/SR[0]         |                1 |              8 |         8.00 |
|  processorClk_BUFG | u_processor/u_PC/PC_reg[5]_36[1]           | u_processor/u_dataMem/SR[0]         |                2 |              8 |         4.00 |
|  processorClk_BUFG | u_processor/u_PC/PC_reg[5]_40[1]           | u_processor/u_dataMem/SR[0]         |                4 |              8 |         2.00 |
|  processorClk_BUFG | u_processor/u_PC/PC_reg[5]_38[0]           | u_processor/u_dataMem/SR[0]         |                2 |              8 |         4.00 |
|  processorClk_BUFG | u_processor/u_PC/PC_reg[5]_40[2]           | u_processor/u_dataMem/SR[0]         |                2 |              8 |         4.00 |
|  processorClk_BUFG | u_processor/u_PC/PC_reg[5]_40[3]           | u_processor/u_dataMem/SR[0]         |                4 |              8 |         2.00 |
|  processorClk_BUFG | u_processor/u_PC/PC_reg[5]_24[3]           | u_processor/u_dataMem/SR[0]         |                1 |              8 |         8.00 |
|  processorClk_BUFG | u_processor/u_PC/PC_reg[5]_30[1]           | u_processor/u_dataMem/SR[0]         |                2 |              8 |         4.00 |
|  processorClk_BUFG | u_processor/u_PC/PC_reg[5]_30[3]           | u_processor/u_dataMem/SR[0]         |                2 |              8 |         4.00 |
|  processorClk_BUFG | u_processor/u_PC/PC_reg[5]_37[1]           | u_processor/u_dataMem/SR[0]         |                2 |              8 |         4.00 |
|  processorClk_BUFG | u_processor/u_PC/PC_reg[5]_4[1]            | u_processor/u_dataMem/SR[0]         |                4 |              8 |         2.00 |
|  processorClk_BUFG | u_processor/u_PC/PC_reg[5]_37[0]           | u_processor/u_dataMem/SR[0]         |                2 |              8 |         4.00 |
|  processorClk_BUFG | u_processor/u_PC/PC_reg[5]_26[1]           | u_processor/u_dataMem/SR[0]         |                3 |              8 |         2.67 |
|  processorClk_BUFG | u_processor/u_PC/PC_reg[5]_50[2]           | u_processor/u_dataMem/SR[0]         |                2 |              8 |         4.00 |
|  processorClk_BUFG | u_processor/u_PC/PC_reg[5]_54[2]           | u_processor/u_dataMem/SR[0]         |                4 |              8 |         2.00 |
|  processorClk_BUFG | u_processor/u_PC/PC_reg[5]_54[3]           | u_processor/u_dataMem/SR[0]         |                1 |              8 |         8.00 |
|  processorClk_BUFG | u_processor/u_PC/PC_reg[5]_47[0]           | u_processor/u_dataMem/SR[0]         |                2 |              8 |         4.00 |
|  processorClk_BUFG | u_processor/u_PC/PC_reg[5]_5[3]            | u_processor/u_dataMem/SR[0]         |                2 |              8 |         4.00 |
|  processorClk_BUFG | u_processor/u_PC/PC_reg[5]_44[1]           | u_processor/u_dataMem/SR[0]         |                3 |              8 |         2.67 |
|  processorClk_BUFG | u_processor/u_PC/PC_reg[5]_46[0]           | u_processor/u_dataMem/SR[0]         |                6 |              8 |         1.33 |
|  processorClk_BUFG | u_processor/u_PC/PC_reg[5]_5[0]            | u_processor/u_dataMem/SR[0]         |                2 |              8 |         4.00 |
|  processorClk_BUFG | u_processor/u_PC/PC_reg[5]_46[3]           | u_processor/u_dataMem/SR[0]         |                4 |              8 |         2.00 |
|  processorClk_BUFG | u_processor/u_PC/PC_reg[5]_47[2]           | u_processor/u_dataMem/SR[0]         |                2 |              8 |         4.00 |
|  processorClk_BUFG | u_processor/u_PC/PC_reg[5]_5[1]            | u_processor/u_dataMem/SR[0]         |                2 |              8 |         4.00 |
|  processorClk_BUFG | u_processor/u_PC/PC_reg[5]_41[0]           | u_processor/u_dataMem/SR[0]         |                2 |              8 |         4.00 |
|  processorClk_BUFG | u_processor/u_PC/PC_reg[5]_5[2]            | u_processor/u_dataMem/SR[0]         |                4 |              8 |         2.00 |
|  processorClk_BUFG | u_processor/u_PC/PC_reg[5]_44[3]           | u_processor/u_dataMem/SR[0]         |                2 |              8 |         4.00 |
|  processorClk_BUFG | u_processor/u_PC/PC_reg[5]_47[3]           | u_processor/u_dataMem/SR[0]         |                4 |              8 |         2.00 |
|  processorClk_BUFG | u_processor/u_PC/PC_reg[5]_43[3]           | u_processor/u_dataMem/SR[0]         |                2 |              8 |         4.00 |
|  processorClk_BUFG | u_processor/u_PC/PC_reg[5]_50[0]           | u_processor/u_dataMem/SR[0]         |                3 |              8 |         2.67 |
|  processorClk_BUFG | u_processor/u_PC/PC_reg[5]_51[3]           | u_processor/u_dataMem/SR[0]         |                2 |              8 |         4.00 |
|  processorClk_BUFG | u_processor/u_PC/PC_reg[5]_45[3]           | u_processor/u_dataMem/SR[0]         |                3 |              8 |         2.67 |
|  processorClk_BUFG | u_processor/u_PC/PC_reg[5]_42[0]           | u_processor/u_dataMem/SR[0]         |                4 |              8 |         2.00 |
|  processorClk_BUFG | u_processor/u_PC/PC_reg[5]_48[0]           | u_processor/u_dataMem/SR[0]         |                1 |              8 |         8.00 |
|  processorClk_BUFG | u_processor/u_PC/PC_reg[5]_52[0]           | u_processor/u_dataMem/SR[0]         |                2 |              8 |         4.00 |
|  processorClk_BUFG | u_processor/u_PC/PC_reg[5]_46[1]           | u_processor/u_dataMem/SR[0]         |                3 |              8 |         2.67 |
|  processorClk_BUFG | u_processor/u_PC/PC_reg[5]_52[1]           | u_processor/u_dataMem/SR[0]         |                3 |              8 |         2.67 |
|  processorClk_BUFG | u_processor/u_PC/PC_reg[5]_42[1]           | u_processor/u_dataMem/SR[0]         |                2 |              8 |         4.00 |
|  processorClk_BUFG | u_processor/u_PC/PC_reg[5]_48[3]           | u_processor/u_dataMem/SR[0]         |                3 |              8 |         2.67 |
|  processorClk_BUFG | u_processor/u_PC/PC_reg[5]_45[2]           | u_processor/u_dataMem/SR[0]         |                3 |              8 |         2.67 |
|  processorClk_BUFG | u_processor/u_PC/PC_reg[5]_48[2]           | u_processor/u_dataMem/SR[0]         |                1 |              8 |         8.00 |
|  processorClk_BUFG | u_processor/u_PC/PC_reg[5]_49[3]           | u_processor/u_dataMem/SR[0]         |                1 |              8 |         8.00 |
|  processorClk_BUFG | u_processor/u_PC/PC_reg[5]_43[2]           | u_processor/u_dataMem/SR[0]         |                2 |              8 |         4.00 |
|  processorClk_BUFG | u_processor/u_PC/PC_reg[5]_51[0]           | u_processor/u_dataMem/SR[0]         |                4 |              8 |         2.00 |
|  processorClk_BUFG | u_processor/u_PC/PC_reg[5]_51[1]           | u_processor/u_dataMem/SR[0]         |                4 |              8 |         2.00 |
|  processorClk_BUFG | u_processor/u_PC/PC_reg[5]_52[2]           | u_processor/u_dataMem/SR[0]         |                4 |              8 |         2.00 |
|  processorClk_BUFG | u_processor/u_PC/PC_reg[5]_46[2]           | u_processor/u_dataMem/SR[0]         |                3 |              8 |         2.67 |
|  processorClk_BUFG | u_processor/u_PC/PC_reg[5]_52[3]           | u_processor/u_dataMem/SR[0]         |                3 |              8 |         2.67 |
|  processorClk_BUFG | u_processor/u_PC/PC_reg[5]_43[1]           | u_processor/u_dataMem/SR[0]         |                1 |              8 |         8.00 |
|  processorClk_BUFG | u_processor/u_PC/PC_reg[5]_44[2]           | u_processor/u_dataMem/SR[0]         |                1 |              8 |         8.00 |
|  processorClk_BUFG | u_processor/u_PC/PC_reg[5]_53[0]           | u_processor/u_dataMem/SR[0]         |                3 |              8 |         2.67 |
|  processorClk_BUFG | u_processor/u_PC/PC_reg[5]_53[3]           | u_processor/u_dataMem/SR[0]         |                2 |              8 |         4.00 |
|  processorClk_BUFG | u_processor/u_PC/PC_reg[5]_53[1]           | u_processor/u_dataMem/SR[0]         |                3 |              8 |         2.67 |
|  processorClk_BUFG | u_processor/u_PC/PC_reg[5]_45[1]           | u_processor/u_dataMem/SR[0]         |                3 |              8 |         2.67 |
|  processorClk_BUFG | u_processor/u_PC/PC_reg[5]_41[1]           | u_processor/u_dataMem/SR[0]         |                3 |              8 |         2.67 |
|  processorClk_BUFG | u_processor/u_PC/PC_reg[5]_42[3]           | u_processor/u_dataMem/SR[0]         |                2 |              8 |         4.00 |
|  processorClk_BUFG | u_processor/u_PC/PC_reg[5]_49[0]           | u_processor/u_dataMem/SR[0]         |                1 |              8 |         8.00 |
|  processorClk_BUFG | u_processor/u_PC/PC_reg[5]_49[2]           | u_processor/u_dataMem/SR[0]         |                2 |              8 |         4.00 |
|  processorClk_BUFG | u_processor/u_PC/PC_reg[5]_41[2]           | u_processor/u_dataMem/SR[0]         |                1 |              8 |         8.00 |
|  processorClk_BUFG | u_processor/u_PC/PC_reg[5]_54[0]           | u_processor/u_dataMem/SR[0]         |                4 |              8 |         2.00 |
|  processorClk_BUFG | u_processor/u_PC/PC_reg[5]_55[0]           | u_processor/u_dataMem/SR[0]         |                3 |              8 |         2.67 |
|  processorClk_BUFG | u_processor/u_PC/PC_reg[5]_55[1]           | u_processor/u_dataMem/SR[0]         |                4 |              8 |         2.00 |
|  processorClk_BUFG | u_processor/u_PC/PC_reg[5]_55[2]           | u_processor/u_dataMem/SR[0]         |                4 |              8 |         2.00 |
|  processorClk_BUFG | u_processor/u_PC/PC_reg[5]_55[3]           | u_processor/u_dataMem/SR[0]         |                1 |              8 |         8.00 |
|  processorClk_BUFG | u_processor/u_PC/PC_reg[5]_54[1]           | u_processor/u_dataMem/SR[0]         |                1 |              8 |         8.00 |
|  processorClk_BUFG | u_processor/u_PC/PC_reg[5]_41[3]           | u_processor/u_dataMem/SR[0]         |                1 |              8 |         8.00 |
|  processorClk_BUFG | u_processor/u_PC/PC_reg[5]_42[2]           | u_processor/u_dataMem/SR[0]         |                2 |              8 |         4.00 |
|  processorClk_BUFG | u_processor/u_PC/PC_reg[5]_47[1]           | u_processor/u_dataMem/SR[0]         |                2 |              8 |         4.00 |
|  processorClk_BUFG | u_processor/u_PC/PC_reg[5]_51[2]           | u_processor/u_dataMem/SR[0]         |                4 |              8 |         2.00 |
|  processorClk_BUFG | u_processor/u_PC/PC_reg[5]_53[2]           | u_processor/u_dataMem/SR[0]         |                4 |              8 |         2.00 |
|  processorClk_BUFG | u_processor/u_PC/PC_reg[5]_48[1]           | u_processor/u_dataMem/SR[0]         |                2 |              8 |         4.00 |
|  processorClk_BUFG | u_processor/u_PC/PC_reg[5]_44[0]           | u_processor/u_dataMem/SR[0]         |                2 |              8 |         4.00 |
|  processorClk_BUFG | u_processor/u_PC/PC_reg[5]_49[1]           | u_processor/u_dataMem/SR[0]         |                2 |              8 |         4.00 |
|  processorClk_BUFG | u_processor/u_PC/PC_reg[5]_50[1]           | u_processor/u_dataMem/SR[0]         |                2 |              8 |         4.00 |
|  processorClk_BUFG | u_processor/u_PC/PC_reg[5]_50[3]           | u_processor/u_dataMem/SR[0]         |                1 |              8 |         8.00 |
|  processorClk_BUFG | u_processor/u_PC/PC_reg[5]_43[0]           | u_processor/u_dataMem/SR[0]         |                2 |              8 |         4.00 |
|  processorClk_BUFG | u_processor/u_PC/PC_reg[5]_45[0]           | u_processor/u_dataMem/SR[0]         |                2 |              8 |         4.00 |
|  processorClk_BUFG | u_processor/u_PC/PC_reg[5]_63[2]           | u_processor/u_dataMem/SR[0]         |                4 |              8 |         2.00 |
|  processorClk_BUFG | u_processor/u_PC/PC_reg[5]_68[2]           | u_processor/u_dataMem/SR[0]         |                1 |              8 |         8.00 |
|  processorClk_BUFG | u_processor/u_PC/PC_reg[5]_6[2]            | u_processor/u_dataMem/SR[0]         |                2 |              8 |         4.00 |
|  processorClk_BUFG | u_processor/u_PC/PC_reg[5]_57[2]           | u_processor/u_dataMem/SR[0]         |                2 |              8 |         4.00 |
|  processorClk_BUFG | u_processor/u_PC/PC_reg[5]_58[1]           | u_processor/u_dataMem/SR[0]         |                7 |              8 |         1.14 |
|  processorClk_BUFG | u_processor/u_PC/PC_reg[5]_56[2]           | u_processor/u_dataMem/SR[0]         |                3 |              8 |         2.67 |
|  processorClk_BUFG | u_processor/u_PC/PC_reg[5]_57[1]           | u_processor/u_dataMem/SR[0]         |                1 |              8 |         8.00 |
|  processorClk_BUFG | u_processor/u_PC/PC_reg[5]_59[2]           | u_processor/u_dataMem/SR[0]         |                1 |              8 |         8.00 |
|  processorClk_BUFG | u_processor/u_PC/PC_reg[5]_60[1]           | u_processor/u_dataMem/SR[0]         |                6 |              8 |         1.33 |
|  processorClk_BUFG | u_processor/u_PC/PC_reg[5]_58[3]           | u_processor/u_dataMem/SR[0]         |                4 |              8 |         2.00 |
|  processorClk_BUFG | u_processor/u_PC/PC_reg[5]_60[2]           | u_processor/u_dataMem/SR[0]         |                2 |              8 |         4.00 |
|  processorClk_BUFG | u_processor/u_PC/PC_reg[5]_60[3]           | u_processor/u_dataMem/SR[0]         |                2 |              8 |         4.00 |
|  processorClk_BUFG | u_processor/u_PC/PC_reg[5]_58[2]           | u_processor/u_dataMem/SR[0]         |                7 |              8 |         1.14 |
|  processorClk_BUFG | u_processor/u_PC/PC_reg[5]_56[0]           | u_processor/u_dataMem/SR[0]         |                3 |              8 |         2.67 |
|  processorClk_BUFG | u_processor/u_PC/PC_reg[5]_59[0]           | u_processor/u_dataMem/SR[0]         |                2 |              8 |         4.00 |
|  processorClk_BUFG | u_processor/u_PC/PC_reg[5]_61[0]           | u_processor/u_dataMem/SR[0]         |                2 |              8 |         4.00 |
|  processorClk_BUFG | u_processor/u_PC/PC_reg[5]_65[3]           | u_processor/u_dataMem/SR[0]         |                2 |              8 |         4.00 |
|  processorClk_BUFG | u_processor/u_PC/PC_reg[5]_67[3]           | u_processor/u_dataMem/SR[0]         |                2 |              8 |         4.00 |
|  processorClk_BUFG | u_processor/u_PC/PC_reg[5]_57[0]           | u_processor/u_dataMem/SR[0]         |                5 |              8 |         1.60 |
|  processorClk_BUFG | u_processor/u_PC/PC_reg[5]_58[0]           | u_processor/u_dataMem/SR[0]         |                7 |              8 |         1.14 |
|  processorClk_BUFG | u_processor/u_PC/PC_reg[5]_59[1]           | u_processor/u_dataMem/SR[0]         |                3 |              8 |         2.67 |
|  processorClk_BUFG | u_processor/u_PC/PC_reg[5]_61[1]           | u_processor/u_dataMem/SR[0]         |                2 |              8 |         4.00 |
|  processorClk_BUFG | u_processor/u_PC/PC_reg[5]_62[0]           | u_processor/u_dataMem/SR[0]         |                1 |              8 |         8.00 |
|  processorClk_BUFG | u_processor/u_PC/PC_reg[5]_62[1]           | u_processor/u_dataMem/SR[0]         |                2 |              8 |         4.00 |
|  processorClk_BUFG | u_processor/u_PC/PC_reg[5]_6[0]            | u_processor/u_dataMem/SR[0]         |                2 |              8 |         4.00 |
|  processorClk_BUFG | u_processor/u_PC/PC_reg[5]_66[1]           | u_processor/u_dataMem/SR[0]         |                2 |              8 |         4.00 |
|  processorClk_BUFG | u_processor/u_PC/PC_reg[5]_56[3]           | u_processor/u_dataMem/SR[0]         |                3 |              8 |         2.67 |
|  processorClk_BUFG | u_processor/u_PC/PC_reg[5]_59[3]           | u_processor/u_dataMem/SR[0]         |                5 |              8 |         1.60 |
|  processorClk_BUFG | u_processor/u_PC/PC_reg[5]_60[0]           | u_processor/u_dataMem/SR[0]         |                3 |              8 |         2.67 |
|  processorClk_BUFG | u_processor/u_PC/PC_reg[5]_61[3]           | u_processor/u_dataMem/SR[0]         |                3 |              8 |         2.67 |
|  processorClk_BUFG | u_processor/u_PC/PC_reg[5]_67[0]           | u_processor/u_dataMem/SR[0]         |                3 |              8 |         2.67 |
|  processorClk_BUFG | u_processor/u_PC/PC_reg[5]_68[0]           | u_processor/u_dataMem/SR[0]         |                2 |              8 |         4.00 |
|  processorClk_BUFG | u_processor/u_PC/PC_reg[5]_68[1]           | u_processor/u_dataMem/SR[0]         |                4 |              8 |         2.00 |
|  processorClk_BUFG | u_processor/u_PC/PC_reg[5]_57[3]           | u_processor/u_dataMem/SR[0]         |                7 |              8 |         1.14 |
|  processorClk_BUFG | u_processor/u_PC/PC_reg[5]_68[3]           | u_processor/u_dataMem/SR[0]         |                1 |              8 |         8.00 |
|  processorClk_BUFG | u_processor/u_PC/PC_reg[5]_69[0]           | u_processor/u_dataMem/SR[0]         |                2 |              8 |         4.00 |
|  processorClk_BUFG | u_processor/u_PC/PC_reg[5]_69[1]           | u_processor/u_dataMem/SR[0]         |                2 |              8 |         4.00 |
|  processorClk_BUFG | u_processor/u_PC/PC_reg[5]_64[1]           | u_processor/u_dataMem/SR[0]         |                2 |              8 |         4.00 |
|  processorClk_BUFG | u_processor/u_PC/PC_reg[5]_65[2]           | u_processor/u_dataMem/SR[0]         |                4 |              8 |         2.00 |
|  processorClk_BUFG | u_processor/u_PC/PC_reg[5]_63[0]           | u_processor/u_dataMem/SR[0]         |                2 |              8 |         4.00 |
|  processorClk_BUFG | u_processor/u_PC/PC_reg[5]_61[2]           | u_processor/u_dataMem/SR[0]         |                2 |              8 |         4.00 |
|  processorClk_BUFG | u_processor/u_PC/PC_reg[5]_6[1]            | u_processor/u_dataMem/SR[0]         |                2 |              8 |         4.00 |
|  processorClk_BUFG | u_processor/u_PC/PC_reg[5]_62[2]           | u_processor/u_dataMem/SR[0]         |                2 |              8 |         4.00 |
|  processorClk_BUFG | u_processor/u_PC/PC_reg[5]_64[0]           | u_processor/u_dataMem/SR[0]         |                4 |              8 |         2.00 |
|  processorClk_BUFG | u_processor/u_PC/PC_reg[5]_6[3]            | u_processor/u_dataMem/SR[0]         |                3 |              8 |         2.67 |
|  processorClk_BUFG | u_processor/u_PC/PC_reg[5]_65[1]           | u_processor/u_dataMem/SR[0]         |                3 |              8 |         2.67 |
|  processorClk_BUFG | u_processor/u_PC/PC_reg[5]_63[3]           | u_processor/u_dataMem/SR[0]         |                2 |              8 |         4.00 |
|  processorClk_BUFG | u_processor/u_PC/PC_reg[5]_66[2]           | u_processor/u_dataMem/SR[0]         |                1 |              8 |         8.00 |
|  processorClk_BUFG | u_processor/u_PC/PC_reg[5]_66[3]           | u_processor/u_dataMem/SR[0]         |                2 |              8 |         4.00 |
|  processorClk_BUFG | u_processor/u_PC/PC_reg[5]_67[1]           | u_processor/u_dataMem/SR[0]         |                2 |              8 |         4.00 |
|  processorClk_BUFG | u_processor/u_PC/PC_reg[5]_69[2]           | u_processor/u_dataMem/SR[0]         |                1 |              8 |         8.00 |
|  processorClk_BUFG | u_processor/u_PC/PC_reg[5]_69[3]           | u_processor/u_dataMem/SR[0]         |                2 |              8 |         4.00 |
|  processorClk_BUFG | u_processor/u_PC/PC_reg[5]_7[0]            | u_processor/u_dataMem/SR[0]         |                3 |              8 |         2.67 |
|  processorClk_BUFG | u_processor/u_PC/PC_reg[5]_7[1]            | u_processor/u_dataMem/SR[0]         |                2 |              8 |         4.00 |
|  processorClk_BUFG | u_processor/u_PC/PC_reg[5]_64[2]           | u_processor/u_dataMem/SR[0]         |                2 |              8 |         4.00 |
|  processorClk_BUFG | u_processor/u_PC/PC_reg[5]_67[2]           | u_processor/u_dataMem/SR[0]         |                1 |              8 |         8.00 |
|  processorClk_BUFG | u_processor/u_PC/PC_reg[5]_7[2]            | u_processor/u_dataMem/SR[0]         |                2 |              8 |         4.00 |
|  processorClk_BUFG | u_processor/u_PC/PC_reg[5]_7[3]            | u_processor/u_dataMem/SR[0]         |                3 |              8 |         2.67 |
|  processorClk_BUFG | u_processor/u_PC/PC_reg[5]_62[3]           | u_processor/u_dataMem/SR[0]         |                3 |              8 |         2.67 |
|  processorClk_BUFG | u_processor/u_PC/PC_reg[5]_64[3]           | u_processor/u_dataMem/SR[0]         |                3 |              8 |         2.67 |
|  processorClk_BUFG | u_processor/u_PC/PC_reg[5]_65[0]           | u_processor/u_dataMem/SR[0]         |                5 |              8 |         1.60 |
|  processorClk_BUFG | u_processor/u_PC/PC_reg[5]_66[0]           | u_processor/u_dataMem/SR[0]         |                1 |              8 |         8.00 |
|  processorClk_BUFG | u_processor/u_PC/PC_reg[5]_56[1]           | u_processor/u_dataMem/SR[0]         |                3 |              8 |         2.67 |
|  processorClk_BUFG | u_processor/u_PC/PC_reg[5]_63[1]           | u_processor/u_dataMem/SR[0]         |                4 |              8 |         2.00 |
|  processorClk_BUFG | u_processor/u_PC/PC_reg[5]_73[1]           | u_processor/u_dataMem/SR[0]         |                2 |              8 |         4.00 |
|  processorClk_BUFG | u_processor/u_PC/PC_reg[5]_72[0]           | u_processor/u_dataMem/SR[0]         |                1 |              8 |         8.00 |
|  processorClk_BUFG | u_processor/u_PC/PC_reg[5]_73[3]           | u_processor/u_dataMem/SR[0]         |                2 |              8 |         4.00 |
|  processorClk_BUFG | u_processor/u_PC/PC_reg[5]_71[3]           | u_processor/u_dataMem/SR[0]         |                4 |              8 |         2.00 |
|  processorClk_BUFG | u_processor/u_PC/PC_reg[5]_73[2]           | u_processor/u_dataMem/SR[0]         |                3 |              8 |         2.67 |
|  processorClk_BUFG | u_processor/u_PC/PC_reg[5]_71[2]           | u_processor/u_dataMem/SR[0]         |                4 |              8 |         2.00 |
|  processorClk_BUFG | u_processor/u_PC/PC_reg[5]_72[2]           | u_processor/u_dataMem/SR[0]         |                1 |              8 |         8.00 |
|  processorClk_BUFG | u_processor/u_PC/PC_reg[5]_76[0]           | u_processor/u_dataMem/SR[0]         |                3 |              8 |         2.67 |
|  processorClk_BUFG | u_processor/u_PC/PC_reg[5]_9[1]            | u_processor/u_dataMem/SR[0]         |                3 |              8 |         2.67 |
|  processorClk_BUFG | u_processor/u_PC/PC_reg[5]_77[0]           | u_processor/u_dataMem/SR[0]         |                2 |              8 |         4.00 |
|  processorClk_BUFG | u_processor/u_PC/PC_reg[5]_75[2]           | u_processor/u_dataMem/SR[0]         |                4 |              8 |         2.00 |
|  processorClk_BUFG | u_processor/u_PC/PC_reg[5]_77[1]           | u_processor/u_dataMem/SR[0]         |                1 |              8 |         8.00 |
|  processorClk_BUFG | u_processor/u_PC/PC_reg[5]_75[0]           | u_processor/u_dataMem/SR[0]         |                2 |              8 |         4.00 |
|  processorClk_BUFG | u_processor/u_PC/PC_reg[5]_72[3]           | u_processor/u_dataMem/SR[0]         |                4 |              8 |         2.00 |
|  processorClk_BUFG | u_processor/u_PC/PC_reg[5]_74[0]           | u_processor/u_dataMem/SR[0]         |                1 |              8 |         8.00 |
|  processorClk_BUFG | u_processor/u_PC/PC_reg[5]_74[3]           | u_processor/u_dataMem/SR[0]         |                3 |              8 |         2.67 |
|  processorClk_BUFG | u_processor/u_PC/PC_reg[5]_73[0]           | u_processor/u_dataMem/SR[0]         |                3 |              8 |         2.67 |
|  processorClk_BUFG | u_processor/u_PC/PC_reg[5]_75[1]           | u_processor/u_dataMem/SR[0]         |                2 |              8 |         4.00 |
|  processorClk_BUFG | u_processor/u_PC/PC_reg[5]_70[0]           | u_processor/u_dataMem/SR[0]         |                2 |              8 |         4.00 |
|  processorClk_BUFG | u_processor/u_PC/PC_reg[5]_76[1]           | u_processor/u_dataMem/SR[0]         |                6 |              8 |         1.33 |
|  processorClk_BUFG | u_processor/u_PC/PC_reg[5]_77[3]           | u_processor/u_dataMem/SR[0]         |                5 |              8 |         1.60 |
|  processorClk_BUFG | u_processor/u_PC/PC_reg[5]_72[1]           | u_processor/u_dataMem/SR[0]         |                1 |              8 |         8.00 |
|  processorClk_BUFG | u_processor/u_PC/PC_reg[5]_76[2]           | u_processor/u_dataMem/SR[0]         |                4 |              8 |         2.00 |
|  processorClk_BUFG | u_processor/u_PC/PC_reg[5]_70[3]           | u_processor/u_dataMem/SR[0]         |                2 |              8 |         4.00 |
|  processorClk_BUFG | u_processor/u_PC/PC_reg[5]_75[3]           | u_processor/u_dataMem/SR[0]         |                2 |              8 |         4.00 |
|  processorClk_BUFG | u_processor/u_PC/PC_reg[5]_70[2]           | u_processor/u_dataMem/SR[0]         |                2 |              8 |         4.00 |
|  processorClk_BUFG | u_processor/u_PC/PC_reg[5]_70[1]           | u_processor/u_dataMem/SR[0]         |                3 |              8 |         2.67 |
|  processorClk_BUFG | u_processor/u_PC/PC_reg[5]_76[3]           | u_processor/u_dataMem/SR[0]         |                2 |              8 |         4.00 |
|  processorClk_BUFG | u_processor/u_PC/PC_reg[5]_77[2]           | u_processor/u_dataMem/SR[0]         |                2 |              8 |         4.00 |
|  processorClk_BUFG | u_processor/u_PC/PC_reg[5]_9[0]            | u_processor/u_dataMem/SR[0]         |                2 |              8 |         4.00 |
|  processorClk_BUFG | u_processor/u_PC/PC_reg[5]_71[1]           | u_processor/u_dataMem/SR[0]         |                3 |              8 |         2.67 |
|  processorClk_BUFG | u_processor/u_PC/PC_reg[5]_74[2]           | u_processor/u_dataMem/SR[0]         |                1 |              8 |         8.00 |
|  processorClk_BUFG | u_processor/u_PC/PC_reg[5]_9[2]            | u_processor/u_dataMem/SR[0]         |                1 |              8 |         8.00 |
|  processorClk_BUFG | u_processor/u_PC/PC_reg[5]_74[1]           | u_processor/u_dataMem/SR[0]         |                2 |              8 |         4.00 |
|  processorClk_BUFG | u_processor/u_PC/PC_reg[5]_71[0]           | u_processor/u_dataMem/SR[0]         |                2 |              8 |         4.00 |
|  processorClk_BUFG | u_processor/u_PC/PC_reg[5]_9[3]            | u_processor/u_dataMem/SR[0]         |                5 |              8 |         1.60 |
|  processorClk_BUFG | u_processor/u_PC/memory[115][31]_i_2_0[0]  | u_processor/u_dataMem/SR[0]         |                2 |              8 |         4.00 |
|  processorClk_BUFG | u_processor/u_PC/memory[115][31]_i_2_0[3]  | u_processor/u_dataMem/SR[0]         |                2 |              8 |         4.00 |
|  processorClk_BUFG | u_processor/u_PC/memory[115][31]_i_2_0[2]  | u_processor/u_dataMem/SR[0]         |                3 |              8 |         2.67 |
|  processorClk_BUFG | u_processor/u_PC/memory[119][31]_i_2_0[0]  | u_processor/u_dataMem/SR[0]         |                2 |              8 |         4.00 |
|  processorClk_BUFG | u_processor/u_PC/memory[119][31]_i_2_0[1]  | u_processor/u_dataMem/SR[0]         |                2 |              8 |         4.00 |
|  processorClk_BUFG | u_processor/u_PC/memory[119][31]_i_2_0[2]  | u_processor/u_dataMem/SR[0]         |                3 |              8 |         2.67 |
|  processorClk_BUFG | u_processor/u_PC/memory[119][31]_i_2_0[3]  | u_processor/u_dataMem/SR[0]         |                7 |              8 |         1.14 |
|  processorClk_BUFG | u_processor/u_PC/memory[119][31]_i_2_1[0]  | u_processor/u_dataMem/SR[0]         |                2 |              8 |         4.00 |
|  processorClk_BUFG | u_processor/u_PC/memory[119][31]_i_2_1[1]  | u_processor/u_dataMem/SR[0]         |                4 |              8 |         2.00 |
|  processorClk_BUFG | u_processor/u_PC/memory[119][31]_i_2_1[2]  | u_processor/u_dataMem/SR[0]         |                2 |              8 |         4.00 |
|  processorClk_BUFG | u_processor/u_PC/memory[115][31]_i_2_0[1]  | u_processor/u_dataMem/SR[0]         |                2 |              8 |         4.00 |
|  processorClk_BUFG | u_processor/u_PC/memory[180][31]_i_3_0[2]  | u_processor/u_dataMem/SR[0]         |                2 |              8 |         4.00 |
|  processorClk_BUFG | u_processor/u_PC/memory[180][31]_i_3_0[3]  | u_processor/u_dataMem/SR[0]         |                3 |              8 |         2.67 |
|  processorClk_BUFG | u_processor/u_PC/memory[169][31]_i_2_0[1]  | u_processor/u_dataMem/SR[0]         |                3 |              8 |         2.67 |
|  processorClk_BUFG | u_processor/u_PC/memory[146][31]_i_3_1[1]  | u_processor/u_dataMem/SR[0]         |                2 |              8 |         4.00 |
|  processorClk_BUFG | u_processor/u_PC/memory[137][31]_i_2_0[3]  | u_processor/u_dataMem/SR[0]         |                3 |              8 |         2.67 |
|  processorClk_BUFG | u_processor/u_PC/memory[169][31]_i_2_1[1]  | u_processor/u_dataMem/SR[0]         |                1 |              8 |         8.00 |
|  processorClk_BUFG | u_processor/u_PC/memory[146][31]_i_3_2[2]  | u_processor/u_dataMem/SR[0]         |                3 |              8 |         2.67 |
|  processorClk_BUFG | u_processor/u_PC/memory[137][31]_i_2_0[1]  | u_processor/u_dataMem/SR[0]         |                2 |              8 |         4.00 |
|  processorClk_BUFG | u_processor/u_PC/memory[146][31]_i_3_3[0]  | u_processor/u_dataMem/SR[0]         |                6 |              8 |         1.33 |
|  processorClk_BUFG | u_processor/u_PC/memory[146][31]_i_3_3[1]  | u_processor/u_dataMem/SR[0]         |                2 |              8 |         4.00 |
|  processorClk_BUFG | u_processor/u_PC/memory[161][31]_i_2_1[0]  | u_processor/u_dataMem/SR[0]         |                2 |              8 |         4.00 |
|  processorClk_BUFG | u_processor/u_PC/memory[161][31]_i_2_1[2]  | u_processor/u_dataMem/SR[0]         |                2 |              8 |         4.00 |
|  processorClk_BUFG | u_processor/u_PC/memory[161][31]_i_2_1[3]  | u_processor/u_dataMem/SR[0]         |                2 |              8 |         4.00 |
|  processorClk_BUFG | u_processor/u_PC/memory[146][31]_i_3_0[0]  | u_processor/u_dataMem/SR[0]         |                1 |              8 |         8.00 |
|  processorClk_BUFG | u_processor/u_PC/memory[146][31]_i_3_0[3]  | u_processor/u_dataMem/SR[0]         |                5 |              8 |         1.60 |
|  processorClk_BUFG | u_processor/u_PC/memory[169][31]_i_2_2[2]  | u_processor/u_dataMem/SR[0]         |                7 |              8 |         1.14 |
|  processorClk_BUFG | u_processor/u_PC/memory[169][31]_i_2_2[3]  | u_processor/u_dataMem/SR[0]         |                5 |              8 |         1.60 |
|  processorClk_BUFG | u_processor/u_PC/memory[180][31]_i_3_2[0]  | u_processor/u_dataMem/SR[0]         |                1 |              8 |         8.00 |
|  processorClk_BUFG | u_processor/u_PC/memory[180][31]_i_3_2[1]  | u_processor/u_dataMem/SR[0]         |                2 |              8 |         4.00 |
|  processorClk_BUFG | u_processor/u_PC/memory[161][31]_i_2_1[1]  | u_processor/u_dataMem/SR[0]         |                4 |              8 |         2.00 |
|  processorClk_BUFG | u_processor/u_PC/memory[146][31]_i_3_0[2]  | u_processor/u_dataMem/SR[0]         |                2 |              8 |         4.00 |
|  processorClk_BUFG | u_processor/u_PC/memory[180][31]_i_3_1[0]  | u_processor/u_dataMem/SR[0]         |                2 |              8 |         4.00 |
|  processorClk_BUFG | u_processor/u_PC/memory[161][31]_i_2_0[1]  | u_processor/u_dataMem/SR[0]         |                2 |              8 |         4.00 |
|  processorClk_BUFG | u_processor/u_PC/memory[146][31]_i_3_1[2]  | u_processor/u_dataMem/SR[0]         |                4 |              8 |         2.00 |
|  processorClk_BUFG | u_processor/u_PC/memory[169][31]_i_2_1[2]  | u_processor/u_dataMem/SR[0]         |                2 |              8 |         4.00 |
|  processorClk_BUFG | u_processor/u_PC/memory[137][31]_i_2_0[0]  | u_processor/u_dataMem/SR[0]         |                2 |              8 |         4.00 |
|  processorClk_BUFG | u_processor/u_PC/memory[146][31]_i_3_0[1]  | u_processor/u_dataMem/SR[0]         |                3 |              8 |         2.67 |
|  processorClk_BUFG | u_processor/u_PC/memory[146][31]_i_3_2[3]  | u_processor/u_dataMem/SR[0]         |                2 |              8 |         4.00 |
|  processorClk_BUFG | u_processor/u_PC/memory[180][31]_i_3_2[2]  | u_processor/u_dataMem/SR[0]         |                3 |              8 |         2.67 |
|  processorClk_BUFG | u_processor/u_PC/memory[180][31]_i_3_2[3]  | u_processor/u_dataMem/SR[0]         |                2 |              8 |         4.00 |
|  processorClk_BUFG | u_processor/u_PC/memory[169][31]_i_2_2[1]  | u_processor/u_dataMem/SR[0]         |                6 |              8 |         1.33 |
|  processorClk_BUFG | u_processor/u_PC/memory[180][31]_i_3_3[0]  | u_processor/u_dataMem/SR[0]         |                1 |              8 |         8.00 |
|  processorClk_BUFG | u_processor/u_PC/memory[169][31]_i_2_0[2]  | u_processor/u_dataMem/SR[0]         |                5 |              8 |         1.60 |
|  processorClk_BUFG | u_processor/u_PC/memory[169][31]_i_2_1[0]  | u_processor/u_dataMem/SR[0]         |                3 |              8 |         2.67 |
|  processorClk_BUFG | u_processor/u_PC/memory[180][31]_i_3_1[3]  | u_processor/u_dataMem/SR[0]         |                2 |              8 |         4.00 |
|  processorClk_BUFG | u_processor/u_PC/memory[169][31]_i_2_0[3]  | u_processor/u_dataMem/SR[0]         |                5 |              8 |         1.60 |
|  processorClk_BUFG | u_processor/u_PC/memory[180][31]_i_3_3[1]  | u_processor/u_dataMem/SR[0]         |                2 |              8 |         4.00 |
|  processorClk_BUFG | u_processor/u_PC/memory[180][31]_i_3_3[2]  | u_processor/u_dataMem/SR[0]         |                2 |              8 |         4.00 |
|  processorClk_BUFG | u_processor/u_PC/memory[180][31]_i_3_4[0]  | u_processor/u_dataMem/SR[0]         |                2 |              8 |         4.00 |
|  processorClk_BUFG | u_processor/u_PC/memory[180][31]_i_3_4[1]  | u_processor/u_dataMem/SR[0]         |                2 |              8 |         4.00 |
|  processorClk_BUFG | u_processor/u_PC/memory[146][31]_i_3_1[0]  | u_processor/u_dataMem/SR[0]         |                3 |              8 |         2.67 |
|  processorClk_BUFG | u_processor/u_PC/memory[161][31]_i_2_0[3]  | u_processor/u_dataMem/SR[0]         |                1 |              8 |         8.00 |
|  processorClk_BUFG | u_processor/u_PC/memory[169][31]_i_2_2[0]  | u_processor/u_dataMem/SR[0]         |                1 |              8 |         8.00 |
|  processorClk_BUFG | u_processor/u_PC/memory[180][31]_i_3_3[3]  | u_processor/u_dataMem/SR[0]         |                2 |              8 |         4.00 |
|  processorClk_BUFG | u_processor/u_PC/memory[180][31]_i_3_4[2]  | u_processor/u_dataMem/SR[0]         |                5 |              8 |         1.60 |
|  processorClk_BUFG | u_processor/u_PC/memory[146][31]_i_3_1[3]  | u_processor/u_dataMem/SR[0]         |                3 |              8 |         2.67 |
|  processorClk_BUFG | u_processor/u_PC/memory[146][31]_i_3_2[1]  | u_processor/u_dataMem/SR[0]         |                2 |              8 |         4.00 |
|  processorClk_BUFG | u_processor/u_PC/memory[146][31]_i_3_2[0]  | u_processor/u_dataMem/SR[0]         |                3 |              8 |         2.67 |
|  processorClk_BUFG | u_processor/u_PC/memory[146][31]_i_3_3[2]  | u_processor/u_dataMem/SR[0]         |                4 |              8 |         2.00 |
|  processorClk_BUFG | u_processor/u_PC/memory[161][31]_i_2_0[0]  | u_processor/u_dataMem/SR[0]         |                2 |              8 |         4.00 |
|  processorClk_BUFG | u_processor/u_PC/memory[180][31]_i_3_0[1]  | u_processor/u_dataMem/SR[0]         |                2 |              8 |         4.00 |
|  processorClk_BUFG | u_processor/u_PC/memory[180][31]_i_3_1[1]  | u_processor/u_dataMem/SR[0]         |                2 |              8 |         4.00 |
|  processorClk_BUFG | u_processor/u_PC/memory[169][31]_i_2_0[0]  | u_processor/u_dataMem/SR[0]         |                4 |              8 |         2.00 |
|  processorClk_BUFG | u_processor/u_PC/memory[169][31]_i_2_1[3]  | u_processor/u_dataMem/SR[0]         |                3 |              8 |         2.67 |
|  processorClk_BUFG | u_processor/u_PC/memory[180][31]_i_3_4[3]  | u_processor/u_dataMem/SR[0]         |                2 |              8 |         4.00 |
|  processorClk_BUFG | u_processor/u_PC/memory[180][31]_i_3_5[1]  | u_processor/u_dataMem/SR[0]         |                3 |              8 |         2.67 |
|  processorClk_BUFG | u_processor/u_PC/memory[180][31]_i_3_1[2]  | u_processor/u_dataMem/SR[0]         |                2 |              8 |         4.00 |
|  processorClk_BUFG | u_processor/u_PC/memory[180][31]_i_3_5[0]  | u_processor/u_dataMem/SR[0]         |                2 |              8 |         4.00 |
|  processorClk_BUFG | u_processor/u_PC/memory[137][31]_i_2_0[2]  | u_processor/u_dataMem/SR[0]         |                4 |              8 |         2.00 |
|  processorClk_BUFG | u_processor/u_PC/memory[180][31]_i_3_5[2]  | u_processor/u_dataMem/SR[0]         |                2 |              8 |         4.00 |
|  processorClk_BUFG | u_processor/u_PC/memory[146][31]_i_3_3[3]  | u_processor/u_dataMem/SR[0]         |                4 |              8 |         2.00 |
|  processorClk_BUFG | u_processor/u_PC/memory[161][31]_i_2_0[2]  | u_processor/u_dataMem/SR[0]         |                4 |              8 |         2.00 |
|  processorClk_BUFG | u_processor/u_PC/memory[180][31]_i_3_0[0]  | u_processor/u_dataMem/SR[0]         |                2 |              8 |         4.00 |
|  processorClk_BUFG | u_processor/u_PC/memory[119][31]_i_2_1[3]  | u_processor/u_dataMem/SR[0]         |                2 |              8 |         4.00 |
|  processorClk_BUFG | u_processor/u_PC/memory[195][31]_i_3_1[1]  | u_processor/u_dataMem/SR[0]         |                3 |              8 |         2.67 |
|  processorClk_BUFG | u_processor/u_PC/memory[229][23]_i_2_0[1]  | u_processor/u_dataMem/SR[0]         |                2 |              8 |         4.00 |
|  processorClk_BUFG | u_processor/u_PC/memory[43][31]_i_2_0[1]   | u_processor/u_dataMem/SR[0]         |                2 |              8 |         4.00 |
|  processorClk_BUFG | u_processor/u_PC/memory[180][31]_i_3_7[2]  | u_processor/u_dataMem/SR[0]         |                1 |              8 |         8.00 |
|  processorClk_BUFG | u_processor/u_PC/memory[229][23]_i_2_0[3]  | u_processor/u_dataMem/SR[0]         |                3 |              8 |         2.67 |
|  processorClk_BUFG | u_processor/u_PC/memory[180][31]_i_3_6[2]  | u_processor/u_dataMem/SR[0]         |                3 |              8 |         2.67 |
|  processorClk_BUFG | u_processor/u_PC/memory[180][31]_i_3_6[3]  | u_processor/u_dataMem/SR[0]         |                5 |              8 |         1.60 |
|  processorClk_BUFG | u_processor/u_PC/memory[205][31]_i_2_0[0]  | u_processor/u_dataMem/SR[0]         |                1 |              8 |         8.00 |
|  processorClk_BUFG | u_processor/u_PC/memory[221][31]_i_3_0[3]  | u_processor/u_dataMem/SR[0]         |                5 |              8 |         1.60 |
|  processorClk_BUFG | u_processor/u_PC/memory[205][31]_i_2_1[1]  | u_processor/u_dataMem/SR[0]         |                3 |              8 |         2.67 |
|  processorClk_BUFG | u_processor/u_PC/memory[207][31]_i_2_1[3]  | u_processor/u_dataMem/SR[0]         |                2 |              8 |         4.00 |
|  processorClk_BUFG | u_processor/u_PC/memory[207][31]_i_2_1[2]  | u_processor/u_dataMem/SR[0]         |                5 |              8 |         1.60 |
|  processorClk_BUFG | u_processor/u_PC/memory[71][31]_i_2_1[0]   | u_processor/u_dataMem/SR[0]         |                2 |              8 |         4.00 |
|  processorClk_BUFG | u_processor/u_PC/memory[205][31]_i_2_1[3]  | u_processor/u_dataMem/SR[0]         |                2 |              8 |         4.00 |
|  processorClk_BUFG | u_processor/u_PC/memory[221][31]_i_3_0[1]  | u_processor/u_dataMem/SR[0]         |                4 |              8 |         2.00 |
|  processorClk_BUFG | u_processor/u_PC/memory[71][31]_i_2_1[1]   | u_processor/u_dataMem/SR[0]         |                2 |              8 |         4.00 |
|  processorClk_BUFG | u_processor/u_PC/memory[71][31]_i_2_1[2]   | u_processor/u_dataMem/SR[0]         |                1 |              8 |         8.00 |
|  processorClk_BUFG | u_processor/u_PC/memory[71][31]_i_2_1[3]   | u_processor/u_dataMem/SR[0]         |                2 |              8 |         4.00 |
|  processorClk_BUFG | u_processor/u_PC/memory[86][31]_i_2_0[0]   | u_processor/u_dataMem/SR[0]         |                2 |              8 |         4.00 |
|  processorClk_BUFG | u_processor/u_PC/memory[195][31]_i_3_2[2]  | u_processor/u_dataMem/SR[0]         |                5 |              8 |         1.60 |
|  processorClk_BUFG | u_processor/u_PC/memory[86][31]_i_2_0[1]   | u_processor/u_dataMem/SR[0]         |                2 |              8 |         4.00 |
|  processorClk_BUFG | u_processor/u_PC/memory[86][31]_i_2_0[2]   | u_processor/u_dataMem/SR[0]         |                2 |              8 |         4.00 |
|  processorClk_BUFG | u_processor/u_PC/memory[180][31]_i_3_7[3]  | u_processor/u_dataMem/SR[0]         |                2 |              8 |         4.00 |
|  processorClk_BUFG | u_processor/u_PC/memory[180][31]_i_3_5[3]  | u_processor/u_dataMem/SR[0]         |                4 |              8 |         2.00 |
|  processorClk_BUFG | u_processor/u_PC/memory[195][31]_i_3_0[1]  | u_processor/u_dataMem/SR[0]         |                5 |              8 |         1.60 |
|  processorClk_BUFG | u_processor/u_PC/memory[195][31]_i_3_0[0]  | u_processor/u_dataMem/SR[0]         |                6 |              8 |         1.33 |
|  processorClk_BUFG | u_processor/u_PC/memory[205][31]_i_2_0[2]  | u_processor/u_dataMem/SR[0]         |                1 |              8 |         8.00 |
|  processorClk_BUFG | u_processor/u_PC/memory[195][31]_i_3_2[3]  | u_processor/u_dataMem/SR[0]         |                2 |              8 |         4.00 |
|  processorClk_BUFG | u_processor/u_PC/memory[205][31]_i_2_0[3]  | u_processor/u_dataMem/SR[0]         |                2 |              8 |         4.00 |
|  processorClk_BUFG | u_processor/u_PC/memory[205][31]_i_2_1[0]  | u_processor/u_dataMem/SR[0]         |                2 |              8 |         4.00 |
|  processorClk_BUFG | u_processor/u_PC/memory[207][31]_i_2_0[0]  | u_processor/u_dataMem/SR[0]         |                4 |              8 |         2.00 |
|  processorClk_BUFG | u_processor/u_PC/memory[207][31]_i_2_0[1]  | u_processor/u_dataMem/SR[0]         |                1 |              8 |         8.00 |
|  processorClk_BUFG | u_processor/u_PC/memory[207][31]_i_2_0[3]  | u_processor/u_dataMem/SR[0]         |                2 |              8 |         4.00 |
|  processorClk_BUFG | u_processor/u_PC/memory[180][31]_i_3_7[1]  | u_processor/u_dataMem/SR[0]         |                3 |              8 |         2.67 |
|  processorClk_BUFG | u_processor/u_PC/memory[207][31]_i_2_1[1]  | u_processor/u_dataMem/SR[0]         |                3 |              8 |         2.67 |
|  processorClk_BUFG | u_processor/u_PC/memory[205][31]_i_2_0[1]  | u_processor/u_dataMem/SR[0]         |                4 |              8 |         2.00 |
|  processorClk_BUFG | u_processor/u_PC/memory[205][31]_i_2_1[2]  | u_processor/u_dataMem/SR[0]         |                4 |              8 |         2.00 |
|  processorClk_BUFG | u_processor/u_PC/memory[195][31]_i_3_1[0]  | u_processor/u_dataMem/SR[0]         |                4 |              8 |         2.00 |
|  processorClk_BUFG | u_processor/u_PC/memory[195][31]_i_3_1[2]  | u_processor/u_dataMem/SR[0]         |                1 |              8 |         8.00 |
|  processorClk_BUFG | u_processor/u_PC/memory[195][31]_i_3_2[0]  | u_processor/u_dataMem/SR[0]         |                1 |              8 |         8.00 |
|  processorClk_BUFG | u_processor/u_PC/memory[207][31]_i_2_0[2]  | u_processor/u_dataMem/SR[0]         |                1 |              8 |         8.00 |
|  processorClk_BUFG | u_processor/u_PC/memory[195][31]_i_3_0[2]  | u_processor/u_dataMem/SR[0]         |                4 |              8 |         2.00 |
|  processorClk_BUFG | u_processor/u_PC/memory[207][31]_i_2_1[0]  | u_processor/u_dataMem/SR[0]         |                2 |              8 |         4.00 |
|  processorClk_BUFG | u_processor/u_PC/memory[213][31]_i_2_0[0]  | u_processor/u_dataMem/SR[0]         |                2 |              8 |         4.00 |
|  processorClk_BUFG | u_processor/u_PC/memory[213][31]_i_2_0[2]  | u_processor/u_dataMem/SR[0]         |                3 |              8 |         2.67 |
|  processorClk_BUFG | u_processor/u_PC/memory[180][31]_i_3_7[0]  | u_processor/u_dataMem/SR[0]         |                2 |              8 |         4.00 |
|  processorClk_BUFG | u_processor/u_PC/memory[221][31]_i_3_0[0]  | u_processor/u_dataMem/SR[0]         |                7 |              8 |         1.14 |
|  processorClk_BUFG | u_processor/u_PC/memory[180][31]_i_3_6[1]  | u_processor/u_dataMem/SR[0]         |                4 |              8 |         2.00 |
|  processorClk_BUFG | u_processor/u_PC/memory[213][31]_i_2_0[1]  | u_processor/u_dataMem/SR[0]         |                5 |              8 |         1.60 |
|  processorClk_BUFG | u_processor/u_PC/memory[213][31]_i_2_0[3]  | u_processor/u_dataMem/SR[0]         |                2 |              8 |         4.00 |
|  processorClk_BUFG | u_processor/u_PC/memory[229][23]_i_2_0[2]  | u_processor/u_dataMem/SR[0]         |                3 |              8 |         2.67 |
|  processorClk_BUFG | u_processor/u_PC/memory[43][31]_i_2_0[0]   | u_processor/u_dataMem/SR[0]         |                3 |              8 |         2.67 |
|  processorClk_BUFG | u_processor/u_PC/memory[43][31]_i_2_0[2]   | u_processor/u_dataMem/SR[0]         |                1 |              8 |         8.00 |
|  processorClk_BUFG | u_processor/u_PC/memory[43][31]_i_2_0[3]   | u_processor/u_dataMem/SR[0]         |                2 |              8 |         4.00 |
|  processorClk_BUFG | u_processor/u_PC/memory[71][31]_i_2_0[0]   | u_processor/u_dataMem/SR[0]         |                2 |              8 |         4.00 |
|  processorClk_BUFG | u_processor/u_PC/memory[71][31]_i_2_0[1]   | u_processor/u_dataMem/SR[0]         |                3 |              8 |         2.67 |
|  processorClk_BUFG | u_processor/u_PC/memory[71][31]_i_2_0[2]   | u_processor/u_dataMem/SR[0]         |                4 |              8 |         2.00 |
|  processorClk_BUFG | u_processor/u_PC/memory[71][31]_i_2_0[3]   | u_processor/u_dataMem/SR[0]         |                2 |              8 |         4.00 |
|  processorClk_BUFG | u_processor/u_PC/memory[180][31]_i_3_6[0]  | u_processor/u_dataMem/SR[0]         |                2 |              8 |         4.00 |
|  processorClk_BUFG | u_processor/u_PC/memory[195][31]_i_3_0[3]  | u_processor/u_dataMem/SR[0]         |                6 |              8 |         1.33 |
|  processorClk_BUFG | u_processor/u_PC/memory[195][31]_i_3_1[3]  | u_processor/u_dataMem/SR[0]         |                3 |              8 |         2.67 |
|  processorClk_BUFG | u_processor/u_PC/memory[221][31]_i_3_0[2]  | u_processor/u_dataMem/SR[0]         |                6 |              8 |         1.33 |
|  processorClk_BUFG | u_processor/u_PC/memory[229][23]_i_2_0[0]  | u_processor/u_dataMem/SR[0]         |                3 |              8 |         2.67 |
|  processorClk_BUFG | u_processor/u_PC/memory[195][31]_i_3_2[1]  | u_processor/u_dataMem/SR[0]         |                3 |              8 |         2.67 |
|  processorClk_BUFG | u_processor/u_PC/memory[89][31]_i_6_12[3]  | u_processor/u_dataMem/SR[0]         |                2 |              8 |         4.00 |
|  processorClk_BUFG | u_processor/u_PC/memory[89][31]_i_6_2[0]   | u_processor/u_dataMem/SR[0]         |                2 |              8 |         4.00 |
|  processorClk_BUFG | u_processor/u_PC/memory[89][31]_i_3_2[1]   | u_processor/u_dataMem/SR[0]         |                3 |              8 |         2.67 |
|  processorClk_BUFG | u_processor/u_PC/memory[86][31]_i_2_4[2]   | u_processor/u_dataMem/SR[0]         |                1 |              8 |         8.00 |
|  processorClk_BUFG | u_processor/u_PC/memory[89][31]_i_6_0[3]   | u_processor/u_dataMem/SR[0]         |                3 |              8 |         2.67 |
|  processorClk_BUFG | u_processor/u_PC/memory[86][31]_i_2_1[0]   | u_processor/u_dataMem/SR[0]         |                2 |              8 |         4.00 |
|  processorClk_BUFG | u_processor/u_PC/memory[86][31]_i_2_3[2]   | u_processor/u_dataMem/SR[0]         |                2 |              8 |         4.00 |
|  processorClk_BUFG | u_processor/u_PC/memory[86][31]_i_2_3[3]   | u_processor/u_dataMem/SR[0]         |                2 |              8 |         4.00 |
|  processorClk_BUFG | u_processor/u_PC/memory[89][31]_i_3_0[3]   | u_processor/u_dataMem/SR[0]         |                2 |              8 |         4.00 |
|  processorClk_BUFG | u_processor/u_PC/memory[89][31]_i_3_2[0]   | u_processor/u_dataMem/SR[0]         |                2 |              8 |         4.00 |
|  processorClk_BUFG | u_processor/u_PC/memory[89][31]_i_6_1[2]   | u_processor/u_dataMem/SR[0]         |                3 |              8 |         2.67 |
|  processorClk_BUFG | u_processor/u_PC/memory[89][31]_i_6_10[3]  | u_processor/u_dataMem/SR[0]         |                2 |              8 |         4.00 |
|  processorClk_BUFG | u_processor/u_PC/memory[89][31]_i_6_2[1]   | u_processor/u_dataMem/SR[0]         |                4 |              8 |         2.00 |
|  processorClk_BUFG | u_processor/u_PC/memory[89][31]_i_6_2[2]   | u_processor/u_dataMem/SR[0]         |                2 |              8 |         4.00 |
|  processorClk_BUFG | u_processor/u_PC/memory[89][31]_i_6_2[3]   | u_processor/u_dataMem/SR[0]         |                2 |              8 |         4.00 |
|  processorClk_BUFG | u_processor/u_PC/memory[89][31]_i_6_11[3]  | u_processor/u_dataMem/SR[0]         |                3 |              8 |         2.67 |
|  processorClk_BUFG | u_processor/u_PC/memory[89][31]_i_6_3[0]   | u_processor/u_dataMem/SR[0]         |                2 |              8 |         4.00 |
|  processorClk_BUFG | u_processor/u_PC/memory[89][31]_i_6_3[1]   | u_processor/u_dataMem/SR[0]         |                2 |              8 |         4.00 |
|  processorClk_BUFG | u_processor/u_PC/memory[89][31]_i_6_3[2]   | u_processor/u_dataMem/SR[0]         |                2 |              8 |         4.00 |
|  processorClk_BUFG | u_processor/u_PC/memory[89][31]_i_6_1[0]   | u_processor/u_dataMem/SR[0]         |                2 |              8 |         4.00 |
|  processorClk_BUFG | u_processor/u_PC/memory[86][31]_i_2_1[3]   | u_processor/u_dataMem/SR[0]         |                2 |              8 |         4.00 |
|  processorClk_BUFG | u_processor/u_PC/memory[89][31]_i_6_3[3]   | u_processor/u_dataMem/SR[0]         |                5 |              8 |         1.60 |
|  processorClk_BUFG | u_processor/u_PC/memory[89][31]_i_6_0[0]   | u_processor/u_dataMem/SR[0]         |                7 |              8 |         1.14 |
|  processorClk_BUFG | u_processor/u_PC/memory[89][31]_i_6_4[0]   | u_processor/u_dataMem/SR[0]         |                3 |              8 |         2.67 |
|  processorClk_BUFG | u_processor/u_PC/memory[89][31]_i_6_4[2]   | u_processor/u_dataMem/SR[0]         |                1 |              8 |         8.00 |
|  processorClk_BUFG | u_processor/u_PC/memory[89][31]_i_6_11[0]  | u_processor/u_dataMem/SR[0]         |                1 |              8 |         8.00 |
|  processorClk_BUFG | u_processor/u_PC/memory[89][31]_i_6_1[1]   | u_processor/u_dataMem/SR[0]         |                1 |              8 |         8.00 |
|  processorClk_BUFG | u_processor/u_PC/memory[89][31]_i_6_4[1]   | u_processor/u_dataMem/SR[0]         |                1 |              8 |         8.00 |
|  processorClk_BUFG | u_processor/u_PC/memory[89][31]_i_6_4[3]   | u_processor/u_dataMem/SR[0]         |                1 |              8 |         8.00 |
|  processorClk_BUFG | u_processor/u_PC/memory[89][31]_i_6_5[0]   | u_processor/u_dataMem/SR[0]         |                7 |              8 |         1.14 |
|  processorClk_BUFG | u_processor/u_PC/memory[86][31]_i_2_1[2]   | u_processor/u_dataMem/SR[0]         |                2 |              8 |         4.00 |
|  processorClk_BUFG | u_processor/u_PC/memory[86][31]_i_2_2[3]   | u_processor/u_dataMem/SR[0]         |                1 |              8 |         8.00 |
|  processorClk_BUFG | u_processor/u_PC/memory[86][31]_i_2_4[3]   | u_processor/u_dataMem/SR[0]         |                1 |              8 |         8.00 |
|  processorClk_BUFG | u_processor/u_PC/memory[86][31]_i_2_4[1]   | u_processor/u_dataMem/SR[0]         |                4 |              8 |         2.00 |
|  processorClk_BUFG | u_processor/u_PC/memory[89][31]_i_3_0[2]   | u_processor/u_dataMem/SR[0]         |                3 |              8 |         2.67 |
|  processorClk_BUFG | u_processor/u_PC/memory[89][31]_i_6_10[1]  | u_processor/u_dataMem/SR[0]         |                3 |              8 |         2.67 |
|  processorClk_BUFG | u_processor/u_PC/memory[89][31]_i_6_5[1]   | u_processor/u_dataMem/SR[0]         |                6 |              8 |         1.33 |
|  processorClk_BUFG | u_processor/u_PC/memory[89][31]_i_6_12[2]  | u_processor/u_dataMem/SR[0]         |                1 |              8 |         8.00 |
|  processorClk_BUFG | u_processor/u_PC/memory[89][31]_i_6_5[2]   | u_processor/u_dataMem/SR[0]         |                2 |              8 |         4.00 |
|  processorClk_BUFG | u_processor/u_PC/memory[89][31]_i_3_1[1]   | u_processor/u_dataMem/SR[0]         |                2 |              8 |         4.00 |
|  processorClk_BUFG | u_processor/u_PC/memory[86][31]_i_2_0[3]   | u_processor/u_dataMem/SR[0]         |                2 |              8 |         4.00 |
|  processorClk_BUFG | u_processor/u_PC/memory[86][31]_i_2_2[1]   | u_processor/u_dataMem/SR[0]         |                2 |              8 |         4.00 |
|  processorClk_BUFG | u_processor/u_PC/memory[89][31]_i_3_1[3]   | u_processor/u_dataMem/SR[0]         |                1 |              8 |         8.00 |
|  processorClk_BUFG | u_processor/u_PC/memory[89][31]_i_6_0[1]   | u_processor/u_dataMem/SR[0]         |                3 |              8 |         2.67 |
|  processorClk_BUFG | u_processor/u_PC/memory[89][31]_i_6_0[2]   | u_processor/u_dataMem/SR[0]         |                4 |              8 |         2.00 |
|  processorClk_BUFG | u_processor/u_PC/memory[86][31]_i_2_4[0]   | u_processor/u_dataMem/SR[0]         |                1 |              8 |         8.00 |
|  processorClk_BUFG | u_processor/u_PC/memory[89][31]_i_3_2[3]   | u_processor/u_dataMem/SR[0]         |                1 |              8 |         8.00 |
|  processorClk_BUFG | u_processor/u_PC/memory[86][31]_i_2_3[1]   | u_processor/u_dataMem/SR[0]         |                2 |              8 |         4.00 |
|  processorClk_BUFG | u_processor/u_PC/memory[89][31]_i_3_1[2]   | u_processor/u_dataMem/SR[0]         |                2 |              8 |         4.00 |
|  processorClk_BUFG | u_processor/u_PC/memory[89][31]_i_6_10[0]  | u_processor/u_dataMem/SR[0]         |                4 |              8 |         2.00 |
|  processorClk_BUFG | u_processor/u_PC/memory[89][31]_i_3_0[1]   | u_processor/u_dataMem/SR[0]         |                3 |              8 |         2.67 |
|  processorClk_BUFG | u_processor/u_PC/memory[86][31]_i_2_2[2]   | u_processor/u_dataMem/SR[0]         |                2 |              8 |         4.00 |
|  processorClk_BUFG | u_processor/u_PC/memory[89][31]_i_6_1[3]   | u_processor/u_dataMem/SR[0]         |                2 |              8 |         4.00 |
|  processorClk_BUFG | u_processor/u_PC/memory[89][31]_i_6_11[1]  | u_processor/u_dataMem/SR[0]         |                3 |              8 |         2.67 |
|  processorClk_BUFG | u_processor/u_PC/memory[89][31]_i_3_0[0]   | u_processor/u_dataMem/SR[0]         |                2 |              8 |         4.00 |
|  processorClk_BUFG | u_processor/u_PC/memory[89][31]_i_6_12[0]  | u_processor/u_dataMem/SR[0]         |                3 |              8 |         2.67 |
|  processorClk_BUFG | u_processor/u_PC/memory[86][31]_i_2_2[0]   | u_processor/u_dataMem/SR[0]         |                2 |              8 |         4.00 |
|  processorClk_BUFG | u_processor/u_PC/memory[89][31]_i_3_1[0]   | u_processor/u_dataMem/SR[0]         |                2 |              8 |         4.00 |
|  processorClk_BUFG | u_processor/u_PC/memory[86][31]_i_2_3[0]   | u_processor/u_dataMem/SR[0]         |                3 |              8 |         2.67 |
|  processorClk_BUFG | u_processor/u_PC/memory[89][31]_i_6_10[2]  | u_processor/u_dataMem/SR[0]         |                3 |              8 |         2.67 |
|  processorClk_BUFG | u_processor/u_PC/memory[89][31]_i_3_2[2]   | u_processor/u_dataMem/SR[0]         |                2 |              8 |         4.00 |
|  processorClk_BUFG | u_processor/u_PC/memory[86][31]_i_2_1[1]   | u_processor/u_dataMem/SR[0]         |                2 |              8 |         4.00 |
|  processorClk_BUFG | u_processor/u_PC/memory[89][31]_i_6_11[2]  | u_processor/u_dataMem/SR[0]         |                2 |              8 |         4.00 |
|  processorClk_BUFG | u_processor/u_PC/memory[89][31]_i_6_12[1]  | u_processor/u_dataMem/SR[0]         |                6 |              8 |         1.33 |
|  processorClk_BUFG | u_processor/u_PC/memory[94][31]_i_4_1[1]   | u_processor/u_dataMem/SR[0]         |                5 |              8 |         1.60 |
|  processorClk_BUFG | u_processor/u_PC/memory[89][31]_i_6_6[1]   | u_processor/u_dataMem/SR[0]         |                3 |              8 |         2.67 |
|  processorClk_BUFG | u_processor/u_PC/memory[89][31]_i_6_6[0]   | u_processor/u_dataMem/SR[0]         |                3 |              8 |         2.67 |
|  processorClk_BUFG | u_processor/u_PC/memory[94][31]_i_4_0[1]   | u_processor/u_dataMem/SR[0]         |                4 |              8 |         2.00 |
|  processorClk_BUFG | u_processor/u_PC/memory[94][31]_i_4_1[2]   | u_processor/u_dataMem/SR[0]         |                4 |              8 |         2.00 |
|  processorClk_BUFG | u_processor/u_PC/memory[94][31]_i_4_1[3]   | u_processor/u_dataMem/SR[0]         |                2 |              8 |         4.00 |
|  processorClk_BUFG | u_processor/u_PC/memory[94][31]_i_4_0[2]   | u_processor/u_dataMem/SR[0]         |                2 |              8 |         4.00 |
|  processorClk_BUFG | u_processor/u_PC/memory[94][31]_i_4_100[1] | u_processor/u_dataMem/SR[0]         |                4 |              8 |         2.00 |
|  processorClk_BUFG | u_processor/u_PC/memory[94][31]_i_4_100[2] | u_processor/u_dataMem/SR[0]         |                5 |              8 |         1.60 |
|  processorClk_BUFG | u_processor/u_PC/memory[89][31]_i_6_9[0]   | u_processor/u_dataMem/SR[0]         |                1 |              8 |         8.00 |
|  processorClk_BUFG | u_processor/u_PC/memory[94][31]_i_4_10[2]  | u_processor/u_dataMem/SR[0]         |                6 |              8 |         1.33 |
|  processorClk_BUFG | u_processor/u_PC/memory[89][31]_i_6_8[3]   | u_processor/u_dataMem/SR[0]         |                2 |              8 |         4.00 |
|  processorClk_BUFG | u_processor/u_PC/memory[89][31]_i_6_8[2]   | u_processor/u_dataMem/SR[0]         |                3 |              8 |         2.67 |
|  processorClk_BUFG | u_processor/u_PC/memory[89][31]_i_6_9[1]   | u_processor/u_dataMem/SR[0]         |                3 |              8 |         2.67 |
|  processorClk_BUFG | u_processor/u_PC/memory[94][31]_i_4_10[3]  | u_processor/u_dataMem/SR[0]         |                6 |              8 |         1.33 |
|  processorClk_BUFG | u_processor/u_PC/memory[94][31]_i_4_10[1]  | u_processor/u_dataMem/SR[0]         |                5 |              8 |         1.60 |
|  processorClk_BUFG | u_processor/u_PC/memory[89][31]_i_6_7[3]   | u_processor/u_dataMem/SR[0]         |                2 |              8 |         4.00 |
|  processorClk_BUFG | u_processor/u_PC/memory[89][31]_i_6_8[0]   | u_processor/u_dataMem/SR[0]         |                5 |              8 |         1.60 |
|  processorClk_BUFG | u_processor/u_PC/memory[94][31]_i_4_10[0]  | u_processor/u_dataMem/SR[0]         |                7 |              8 |         1.14 |
|  processorClk_BUFG | u_processor/u_PC/memory[89][31]_i_6_5[3]   | u_processor/u_dataMem/SR[0]         |                2 |              8 |         4.00 |
|  processorClk_BUFG | u_processor/u_PC/memory[89][31]_i_6_7[0]   | u_processor/u_dataMem/SR[0]         |                2 |              8 |         4.00 |
|  processorClk_BUFG | u_processor/u_PC/memory[94][31]_i_4_0[3]   | u_processor/u_dataMem/SR[0]         |                7 |              8 |         1.14 |
|  processorClk_BUFG | u_processor/u_PC/memory[94][31]_i_4_1[0]   | u_processor/u_dataMem/SR[0]         |                3 |              8 |         2.67 |
|  processorClk_BUFG | u_processor/u_PC/memory[89][31]_i_6_7[2]   | u_processor/u_dataMem/SR[0]         |                2 |              8 |         4.00 |
|  processorClk_BUFG | u_processor/u_PC/memory[94][31]_i_4_100[0] | u_processor/u_dataMem/SR[0]         |                4 |              8 |         2.00 |
|  processorClk_BUFG | u_processor/u_PC/memory[89][31]_i_6_6[3]   | u_processor/u_dataMem/SR[0]         |                2 |              8 |         4.00 |
|  processorClk_BUFG | u_processor/u_PC/memory[89][31]_i_6_9[2]   | u_processor/u_dataMem/SR[0]         |                2 |              8 |         4.00 |
|  processorClk_BUFG | u_processor/u_PC/memory[94][31]_i_4_0[0]   | u_processor/u_dataMem/SR[0]         |                2 |              8 |         4.00 |
|  processorClk_BUFG | u_processor/u_PC/memory[89][31]_i_6_9[3]   | u_processor/u_dataMem/SR[0]         |                2 |              8 |         4.00 |
|  processorClk_BUFG | u_processor/u_PC/memory[89][31]_i_6_6[2]   | u_processor/u_dataMem/SR[0]         |                3 |              8 |         2.67 |
|  processorClk_BUFG | u_processor/u_PC/memory[89][31]_i_6_7[1]   | u_processor/u_dataMem/SR[0]         |                3 |              8 |         2.67 |
|  processorClk_BUFG | u_processor/u_PC/memory[89][31]_i_6_8[1]   | u_processor/u_dataMem/SR[0]         |                5 |              8 |         1.60 |
|  processorClk_BUFG | u_processor/u_PC/memory[94][31]_i_4_100[3] | u_processor/u_dataMem/SR[0]         |                2 |              8 |         4.00 |
|  processorClk_BUFG | u_processor/u_PC/memory[94][31]_i_4_109[3] | u_processor/u_dataMem/SR[0]         |                2 |              8 |         4.00 |
|  processorClk_BUFG | u_processor/u_PC/memory[94][31]_i_4_102[1] | u_processor/u_dataMem/SR[0]         |                6 |              8 |         1.33 |
|  processorClk_BUFG | u_processor/u_PC/memory[94][31]_i_4_103[3] | u_processor/u_dataMem/SR[0]         |                4 |              8 |         2.00 |
|  processorClk_BUFG | u_processor/u_PC/memory[94][31]_i_4_110[0] | u_processor/u_dataMem/SR[0]         |                2 |              8 |         4.00 |
|  processorClk_BUFG | u_processor/u_PC/memory[94][31]_i_4_105[3] | u_processor/u_dataMem/SR[0]         |                2 |              8 |         4.00 |
|  processorClk_BUFG | u_processor/u_PC/memory[94][31]_i_4_103[2] | u_processor/u_dataMem/SR[0]         |                1 |              8 |         8.00 |
|  processorClk_BUFG | u_processor/u_PC/memory[94][31]_i_4_105[0] | u_processor/u_dataMem/SR[0]         |                2 |              8 |         4.00 |
|  processorClk_BUFG | u_processor/u_PC/memory[94][31]_i_4_101[0] | u_processor/u_dataMem/SR[0]         |                2 |              8 |         4.00 |
|  processorClk_BUFG | u_processor/u_PC/memory[94][31]_i_4_108[0] | u_processor/u_dataMem/SR[0]         |                6 |              8 |         1.33 |
|  processorClk_BUFG | u_processor/u_PC/memory[94][31]_i_4_108[3] | u_processor/u_dataMem/SR[0]         |                5 |              8 |         1.60 |
|  processorClk_BUFG | u_processor/u_PC/memory[94][31]_i_4_109[2] | u_processor/u_dataMem/SR[0]         |                3 |              8 |         2.67 |
|  processorClk_BUFG | u_processor/u_PC/memory[94][31]_i_4_11[0]  | u_processor/u_dataMem/SR[0]         |                4 |              8 |         2.00 |
|  processorClk_BUFG | u_processor/u_PC/memory[94][31]_i_4_107[2] | u_processor/u_dataMem/SR[0]         |                2 |              8 |         4.00 |
|  processorClk_BUFG | u_processor/u_PC/memory[94][31]_i_4_110[1] | u_processor/u_dataMem/SR[0]         |                1 |              8 |         8.00 |
|  processorClk_BUFG | u_processor/u_PC/memory[94][31]_i_4_101[2] | u_processor/u_dataMem/SR[0]         |                3 |              8 |         2.67 |
|  processorClk_BUFG | u_processor/u_PC/memory[94][31]_i_4_11[2]  | u_processor/u_dataMem/SR[0]         |                2 |              8 |         4.00 |
|  processorClk_BUFG | u_processor/u_PC/memory[94][31]_i_4_110[2] | u_processor/u_dataMem/SR[0]         |                1 |              8 |         8.00 |
|  processorClk_BUFG | u_processor/u_PC/memory[94][31]_i_4_106[0] | u_processor/u_dataMem/SR[0]         |                2 |              8 |         4.00 |
|  processorClk_BUFG | u_processor/u_PC/memory[94][31]_i_4_106[1] | u_processor/u_dataMem/SR[0]         |                2 |              8 |         4.00 |
|  processorClk_BUFG | u_processor/u_PC/memory[94][31]_i_4_101[1] | u_processor/u_dataMem/SR[0]         |                5 |              8 |         1.60 |
|  processorClk_BUFG | u_processor/u_PC/memory[94][31]_i_4_11[1]  | u_processor/u_dataMem/SR[0]         |                2 |              8 |         4.00 |
|  processorClk_BUFG | u_processor/u_PC/memory[94][31]_i_4_103[1] | u_processor/u_dataMem/SR[0]         |                2 |              8 |         4.00 |
|  processorClk_BUFG | u_processor/u_PC/memory[94][31]_i_4_110[3] | u_processor/u_dataMem/SR[0]         |                3 |              8 |         2.67 |
|  processorClk_BUFG | u_processor/u_PC/memory[94][31]_i_4_107[3] | u_processor/u_dataMem/SR[0]         |                6 |              8 |         1.33 |
|  processorClk_BUFG | u_processor/u_PC/memory[94][31]_i_4_109[0] | u_processor/u_dataMem/SR[0]         |                2 |              8 |         4.00 |
|  processorClk_BUFG | u_processor/u_PC/memory[94][31]_i_4_104[3] | u_processor/u_dataMem/SR[0]         |                5 |              8 |         1.60 |
|  processorClk_BUFG | u_processor/u_PC/memory[94][31]_i_4_111[1] | u_processor/u_dataMem/SR[0]         |                3 |              8 |         2.67 |
|  processorClk_BUFG | u_processor/u_PC/memory[94][31]_i_4_111[3] | u_processor/u_dataMem/SR[0]         |                4 |              8 |         2.00 |
|  processorClk_BUFG | u_processor/u_PC/memory[94][31]_i_4_105[1] | u_processor/u_dataMem/SR[0]         |                2 |              8 |         4.00 |
|  processorClk_BUFG | u_processor/u_PC/memory[94][31]_i_4_106[2] | u_processor/u_dataMem/SR[0]         |                5 |              8 |         1.60 |
|  processorClk_BUFG | u_processor/u_PC/memory[94][31]_i_4_112[2] | u_processor/u_dataMem/SR[0]         |                1 |              8 |         8.00 |
|  processorClk_BUFG | u_processor/u_PC/memory[94][31]_i_4_106[3] | u_processor/u_dataMem/SR[0]         |                2 |              8 |         4.00 |
|  processorClk_BUFG | u_processor/u_PC/memory[94][31]_i_4_103[0] | u_processor/u_dataMem/SR[0]         |                3 |              8 |         2.67 |
|  processorClk_BUFG | u_processor/u_PC/memory[94][31]_i_4_107[1] | u_processor/u_dataMem/SR[0]         |                2 |              8 |         4.00 |
|  processorClk_BUFG | u_processor/u_PC/memory[94][31]_i_4_113[0] | u_processor/u_dataMem/SR[0]         |                2 |              8 |         4.00 |
|  processorClk_BUFG | u_processor/u_PC/memory[94][31]_i_4_112[3] | u_processor/u_dataMem/SR[0]         |                3 |              8 |         2.67 |
|  processorClk_BUFG | u_processor/u_PC/memory[94][31]_i_4_112[0] | u_processor/u_dataMem/SR[0]         |                2 |              8 |         4.00 |
|  processorClk_BUFG | u_processor/u_PC/memory[94][31]_i_4_113[1] | u_processor/u_dataMem/SR[0]         |                3 |              8 |         2.67 |
|  processorClk_BUFG | u_processor/u_PC/memory[94][31]_i_4_113[2] | u_processor/u_dataMem/SR[0]         |                3 |              8 |         2.67 |
|  processorClk_BUFG | u_processor/u_PC/memory[94][31]_i_4_105[2] | u_processor/u_dataMem/SR[0]         |                3 |              8 |         2.67 |
|  processorClk_BUFG | u_processor/u_PC/memory[94][31]_i_4_108[1] | u_processor/u_dataMem/SR[0]         |                6 |              8 |         1.33 |
|  processorClk_BUFG | u_processor/u_PC/memory[94][31]_i_4_113[3] | u_processor/u_dataMem/SR[0]         |                2 |              8 |         4.00 |
|  processorClk_BUFG | u_processor/u_PC/memory[94][31]_i_4_114[0] | u_processor/u_dataMem/SR[0]         |                2 |              8 |         4.00 |
|  processorClk_BUFG | u_processor/u_PC/memory[94][31]_i_4_114[1] | u_processor/u_dataMem/SR[0]         |                5 |              8 |         1.60 |
|  processorClk_BUFG | u_processor/u_PC/memory[94][31]_i_4_114[2] | u_processor/u_dataMem/SR[0]         |                3 |              8 |         2.67 |
|  processorClk_BUFG | u_processor/u_PC/memory[94][31]_i_4_115[0] | u_processor/u_dataMem/SR[0]         |                2 |              8 |         4.00 |
|  processorClk_BUFG | u_processor/u_PC/memory[94][31]_i_4_104[1] | u_processor/u_dataMem/SR[0]         |                2 |              8 |         4.00 |
|  processorClk_BUFG | u_processor/u_PC/memory[94][31]_i_4_104[2] | u_processor/u_dataMem/SR[0]         |                3 |              8 |         2.67 |
|  processorClk_BUFG | u_processor/u_PC/memory[94][31]_i_4_104[0] | u_processor/u_dataMem/SR[0]         |                2 |              8 |         4.00 |
|  processorClk_BUFG | u_processor/u_PC/memory[94][31]_i_4_108[2] | u_processor/u_dataMem/SR[0]         |                5 |              8 |         1.60 |
|  processorClk_BUFG | u_processor/u_PC/memory[94][31]_i_4_114[3] | u_processor/u_dataMem/SR[0]         |                2 |              8 |         4.00 |
|  processorClk_BUFG | u_processor/u_PC/memory[94][31]_i_4_115[1] | u_processor/u_dataMem/SR[0]         |                3 |              8 |         2.67 |
|  processorClk_BUFG | u_processor/u_PC/memory[94][31]_i_4_102[2] | u_processor/u_dataMem/SR[0]         |                5 |              8 |         1.60 |
|  processorClk_BUFG | u_processor/u_PC/memory[94][31]_i_4_115[2] | u_processor/u_dataMem/SR[0]         |                1 |              8 |         8.00 |
|  processorClk_BUFG | u_processor/u_PC/memory[94][31]_i_4_107[0] | u_processor/u_dataMem/SR[0]         |                2 |              8 |         4.00 |
|  processorClk_BUFG | u_processor/u_PC/memory[94][31]_i_4_101[3] | u_processor/u_dataMem/SR[0]         |                3 |              8 |         2.67 |
|  processorClk_BUFG | u_processor/u_PC/memory[94][31]_i_4_11[3]  | u_processor/u_dataMem/SR[0]         |                2 |              8 |         4.00 |
|  processorClk_BUFG | u_processor/u_PC/memory[94][31]_i_4_111[0] | u_processor/u_dataMem/SR[0]         |                6 |              8 |         1.33 |
|  processorClk_BUFG | u_processor/u_PC/memory[94][31]_i_4_112[1] | u_processor/u_dataMem/SR[0]         |                3 |              8 |         2.67 |
|  processorClk_BUFG | u_processor/u_PC/memory[94][31]_i_4_111[2] | u_processor/u_dataMem/SR[0]         |                2 |              8 |         4.00 |
|  processorClk_BUFG | u_processor/u_PC/memory[94][31]_i_4_102[3] | u_processor/u_dataMem/SR[0]         |                4 |              8 |         2.00 |
|  processorClk_BUFG | u_processor/u_PC/memory[94][31]_i_4_102[0] | u_processor/u_dataMem/SR[0]         |                5 |              8 |         1.60 |
|  processorClk_BUFG | u_processor/u_PC/memory[94][31]_i_4_109[1] | u_processor/u_dataMem/SR[0]         |                1 |              8 |         8.00 |
|  processorClk_BUFG | u_processor/u_PC/memory[94][31]_i_4_12[0]  | u_processor/u_dataMem/SR[0]         |                2 |              8 |         4.00 |
|  processorClk_BUFG | u_processor/u_PC/memory[94][31]_i_4_15[3]  | u_processor/u_dataMem/SR[0]         |                2 |              8 |         4.00 |
|  processorClk_BUFG | u_processor/u_PC/memory[94][31]_i_4_117[1] | u_processor/u_dataMem/SR[0]         |                2 |              8 |         4.00 |
|  processorClk_BUFG | u_processor/u_PC/memory[94][31]_i_4_116[2] | u_processor/u_dataMem/SR[0]         |                4 |              8 |         2.00 |
|  processorClk_BUFG | u_processor/u_PC/memory[94][31]_i_4_19[1]  | u_processor/u_dataMem/SR[0]         |                5 |              8 |         1.60 |
|  processorClk_BUFG | u_processor/u_PC/memory[94][31]_i_4_20[0]  | u_processor/u_dataMem/SR[0]         |                3 |              8 |         2.67 |
|  processorClk_BUFG | u_processor/u_PC/memory[94][31]_i_4_13[3]  | u_processor/u_dataMem/SR[0]         |                3 |              8 |         2.67 |
|  processorClk_BUFG | u_processor/u_PC/memory[94][31]_i_4_117[0] | u_processor/u_dataMem/SR[0]         |                5 |              8 |         1.60 |
|  processorClk_BUFG | u_processor/u_PC/memory[94][31]_i_4_16[0]  | u_processor/u_dataMem/SR[0]         |                3 |              8 |         2.67 |
|  processorClk_BUFG | u_processor/u_PC/memory[94][31]_i_4_16[2]  | u_processor/u_dataMem/SR[0]         |                2 |              8 |         4.00 |
|  processorClk_BUFG | u_processor/u_PC/memory[94][31]_i_4_115[3] | u_processor/u_dataMem/SR[0]         |                4 |              8 |         2.00 |
|  processorClk_BUFG | u_processor/u_PC/memory[94][31]_i_4_16[1]  | u_processor/u_dataMem/SR[0]         |                2 |              8 |         4.00 |
|  processorClk_BUFG | u_processor/u_PC/memory[94][31]_i_4_12[2]  | u_processor/u_dataMem/SR[0]         |                2 |              8 |         4.00 |
|  processorClk_BUFG | u_processor/u_PC/memory[94][31]_i_4_116[3] | u_processor/u_dataMem/SR[0]         |                2 |              8 |         4.00 |
|  processorClk_BUFG | u_processor/u_PC/memory[94][31]_i_4_18[2]  | u_processor/u_dataMem/SR[0]         |                2 |              8 |         4.00 |
|  processorClk_BUFG | u_processor/u_PC/memory[94][31]_i_4_21[3]  | u_processor/u_dataMem/SR[0]         |                4 |              8 |         2.00 |
|  processorClk_BUFG | u_processor/u_PC/memory[94][31]_i_4_117[3] | u_processor/u_dataMem/SR[0]         |                2 |              8 |         4.00 |
|  processorClk_BUFG | u_processor/u_PC/memory[94][31]_i_4_22[3]  | u_processor/u_dataMem/SR[0]         |                4 |              8 |         2.00 |
|  processorClk_BUFG | u_processor/u_PC/memory[94][31]_i_4_18[3]  | u_processor/u_dataMem/SR[0]         |                2 |              8 |         4.00 |
|  processorClk_BUFG | u_processor/u_PC/memory[94][31]_i_4_17[0]  | u_processor/u_dataMem/SR[0]         |                2 |              8 |         4.00 |
|  processorClk_BUFG | u_processor/u_PC/memory[94][31]_i_4_23[0]  | u_processor/u_dataMem/SR[0]         |                1 |              8 |         8.00 |
|  processorClk_BUFG | u_processor/u_PC/memory[94][31]_i_4_23[2]  | u_processor/u_dataMem/SR[0]         |                4 |              8 |         2.00 |
|  processorClk_BUFG | u_processor/u_PC/memory[94][31]_i_4_15[0]  | u_processor/u_dataMem/SR[0]         |                2 |              8 |         4.00 |
|  processorClk_BUFG | u_processor/u_PC/memory[94][31]_i_4_17[2]  | u_processor/u_dataMem/SR[0]         |                6 |              8 |         1.33 |
|  processorClk_BUFG | u_processor/u_PC/memory[94][31]_i_4_13[0]  | u_processor/u_dataMem/SR[0]         |                2 |              8 |         4.00 |
|  processorClk_BUFG | u_processor/u_PC/memory[94][31]_i_4_12[3]  | u_processor/u_dataMem/SR[0]         |                2 |              8 |         4.00 |
|  processorClk_BUFG | u_processor/u_PC/memory[94][31]_i_4_15[1]  | u_processor/u_dataMem/SR[0]         |                3 |              8 |         2.67 |
|  processorClk_BUFG | u_processor/u_PC/memory[94][31]_i_4_17[1]  | u_processor/u_dataMem/SR[0]         |                6 |              8 |         1.33 |
|  processorClk_BUFG | u_processor/u_PC/memory[94][31]_i_4_18[1]  | u_processor/u_dataMem/SR[0]         |                3 |              8 |         2.67 |
|  processorClk_BUFG | u_processor/u_PC/memory[94][31]_i_4_2[2]   | u_processor/u_dataMem/SR[0]         |                2 |              8 |         4.00 |
|  processorClk_BUFG | u_processor/u_PC/memory[94][31]_i_4_2[3]   | u_processor/u_dataMem/SR[0]         |                6 |              8 |         1.33 |
|  processorClk_BUFG | u_processor/u_PC/memory[94][31]_i_4_23[3]  | u_processor/u_dataMem/SR[0]         |                2 |              8 |         4.00 |
|  processorClk_BUFG | u_processor/u_PC/memory[94][31]_i_4_24[0]  | u_processor/u_dataMem/SR[0]         |                3 |              8 |         2.67 |
|  processorClk_BUFG | u_processor/u_PC/memory[94][31]_i_4_24[1]  | u_processor/u_dataMem/SR[0]         |                1 |              8 |         8.00 |
|  processorClk_BUFG | u_processor/u_PC/memory[94][31]_i_4_14[1]  | u_processor/u_dataMem/SR[0]         |                3 |              8 |         2.67 |
|  processorClk_BUFG | u_processor/u_PC/memory[94][31]_i_4_19[0]  | u_processor/u_dataMem/SR[0]         |                2 |              8 |         4.00 |
|  processorClk_BUFG | u_processor/u_PC/memory[94][31]_i_4_24[2]  | u_processor/u_dataMem/SR[0]         |                4 |              8 |         2.00 |
|  processorClk_BUFG | u_processor/u_PC/memory[94][31]_i_4_14[0]  | u_processor/u_dataMem/SR[0]         |                5 |              8 |         1.60 |
|  processorClk_BUFG | u_processor/u_PC/memory[94][31]_i_4_23[1]  | u_processor/u_dataMem/SR[0]         |                2 |              8 |         4.00 |
|  processorClk_BUFG | u_processor/u_PC/memory[94][31]_i_4_13[1]  | u_processor/u_dataMem/SR[0]         |                2 |              8 |         4.00 |
|  processorClk_BUFG | u_processor/u_PC/memory[94][31]_i_4_16[3]  | u_processor/u_dataMem/SR[0]         |                3 |              8 |         2.67 |
|  processorClk_BUFG | u_processor/u_PC/memory[94][31]_i_4_13[2]  | u_processor/u_dataMem/SR[0]         |                3 |              8 |         2.67 |
|  processorClk_BUFG | u_processor/u_PC/memory[94][31]_i_4_18[0]  | u_processor/u_dataMem/SR[0]         |                4 |              8 |         2.00 |
|  processorClk_BUFG | u_processor/u_PC/memory[94][31]_i_4_2[1]   | u_processor/u_dataMem/SR[0]         |                3 |              8 |         2.67 |
|  processorClk_BUFG | u_processor/u_PC/memory[94][31]_i_4_14[3]  | u_processor/u_dataMem/SR[0]         |                3 |              8 |         2.67 |
|  processorClk_BUFG | u_processor/u_PC/memory[94][31]_i_4_19[2]  | u_processor/u_dataMem/SR[0]         |                1 |              8 |         8.00 |
|  processorClk_BUFG | u_processor/u_PC/memory[94][31]_i_4_2[0]   | u_processor/u_dataMem/SR[0]         |                5 |              8 |         1.60 |
|  processorClk_BUFG | u_processor/u_PC/memory[94][31]_i_4_20[1]  | u_processor/u_dataMem/SR[0]         |                3 |              8 |         2.67 |
|  processorClk_BUFG | u_processor/u_PC/memory[94][31]_i_4_20[2]  | u_processor/u_dataMem/SR[0]         |                4 |              8 |         2.00 |
|  processorClk_BUFG | u_processor/u_PC/memory[94][31]_i_4_20[3]  | u_processor/u_dataMem/SR[0]         |                2 |              8 |         4.00 |
|  processorClk_BUFG | u_processor/u_PC/memory[94][31]_i_4_21[0]  | u_processor/u_dataMem/SR[0]         |                3 |              8 |         2.67 |
|  processorClk_BUFG | u_processor/u_PC/memory[94][31]_i_4_17[3]  | u_processor/u_dataMem/SR[0]         |                2 |              8 |         4.00 |
|  processorClk_BUFG | u_processor/u_PC/memory[94][31]_i_4_15[2]  | u_processor/u_dataMem/SR[0]         |                2 |              8 |         4.00 |
|  processorClk_BUFG | u_processor/u_PC/memory[94][31]_i_4_116[1] | u_processor/u_dataMem/SR[0]         |                2 |              8 |         4.00 |
|  processorClk_BUFG | u_processor/u_PC/memory[94][31]_i_4_117[2] | u_processor/u_dataMem/SR[0]         |                4 |              8 |         2.00 |
|  processorClk_BUFG | u_processor/u_PC/memory[94][31]_i_4_19[3]  | u_processor/u_dataMem/SR[0]         |                4 |              8 |         2.00 |
|  processorClk_BUFG | u_processor/u_PC/memory[94][31]_i_4_21[2]  | u_processor/u_dataMem/SR[0]         |                1 |              8 |         8.00 |
|  processorClk_BUFG | u_processor/u_PC/memory[94][31]_i_4_21[1]  | u_processor/u_dataMem/SR[0]         |                2 |              8 |         4.00 |
|  processorClk_BUFG | u_processor/u_PC/memory[94][31]_i_4_22[0]  | u_processor/u_dataMem/SR[0]         |                1 |              8 |         8.00 |
|  processorClk_BUFG | u_processor/u_PC/memory[94][31]_i_4_22[1]  | u_processor/u_dataMem/SR[0]         |                2 |              8 |         4.00 |
|  processorClk_BUFG | u_processor/u_PC/memory[94][31]_i_4_14[2]  | u_processor/u_dataMem/SR[0]         |                4 |              8 |         2.00 |
|  processorClk_BUFG | u_processor/u_PC/memory[94][31]_i_4_22[2]  | u_processor/u_dataMem/SR[0]         |                7 |              8 |         1.14 |
|  processorClk_BUFG | u_processor/u_PC/memory[94][31]_i_4_116[0] | u_processor/u_dataMem/SR[0]         |                3 |              8 |         2.67 |
|  processorClk_BUFG | u_processor/u_PC/memory[94][31]_i_4_12[1]  | u_processor/u_dataMem/SR[0]         |                3 |              8 |         2.67 |
|  processorClk_BUFG | u_processor/u_PC/memory[94][31]_i_4_25[0]  | u_processor/u_dataMem/SR[0]         |                2 |              8 |         4.00 |
|  processorClk_BUFG | u_processor/u_PC/memory[94][31]_i_4_31[1]  | u_processor/u_dataMem/SR[0]         |                3 |              8 |         2.67 |
|  processorClk_BUFG | u_processor/u_PC/memory[94][31]_i_4_36[0]  | u_processor/u_dataMem/SR[0]         |                5 |              8 |         1.60 |
|  processorClk_BUFG | u_processor/u_PC/memory[94][31]_i_4_30[1]  | u_processor/u_dataMem/SR[0]         |                2 |              8 |         4.00 |
|  processorClk_BUFG | u_processor/u_PC/memory[94][31]_i_4_26[3]  | u_processor/u_dataMem/SR[0]         |                3 |              8 |         2.67 |
|  processorClk_BUFG | u_processor/u_PC/memory[94][31]_i_4_3[0]   | u_processor/u_dataMem/SR[0]         |                1 |              8 |         8.00 |
|  processorClk_BUFG | u_processor/u_PC/memory[94][31]_i_4_3[1]   | u_processor/u_dataMem/SR[0]         |                2 |              8 |         4.00 |
|  processorClk_BUFG | u_processor/u_PC/memory[94][31]_i_4_32[0]  | u_processor/u_dataMem/SR[0]         |                1 |              8 |         8.00 |
|  processorClk_BUFG | u_processor/u_PC/memory[94][31]_i_4_35[1]  | u_processor/u_dataMem/SR[0]         |                6 |              8 |         1.33 |
|  processorClk_BUFG | u_processor/u_PC/memory[94][31]_i_4_33[1]  | u_processor/u_dataMem/SR[0]         |                6 |              8 |         1.33 |
|  processorClk_BUFG | u_processor/u_PC/memory[94][31]_i_4_36[3]  | u_processor/u_dataMem/SR[0]         |                7 |              8 |         1.14 |
|  processorClk_BUFG | u_processor/u_PC/memory[94][31]_i_4_37[2]  | u_processor/u_dataMem/SR[0]         |                1 |              8 |         8.00 |
|  processorClk_BUFG | u_processor/u_PC/memory[94][31]_i_4_25[3]  | u_processor/u_dataMem/SR[0]         |                3 |              8 |         2.67 |
|  processorClk_BUFG | u_processor/u_PC/memory[94][31]_i_4_33[3]  | u_processor/u_dataMem/SR[0]         |                2 |              8 |         4.00 |
|  processorClk_BUFG | u_processor/u_PC/memory[94][31]_i_4_38[0]  | u_processor/u_dataMem/SR[0]         |                5 |              8 |         1.60 |
|  processorClk_BUFG | u_processor/u_PC/memory[94][31]_i_4_38[1]  | u_processor/u_dataMem/SR[0]         |                6 |              8 |         1.33 |
|  processorClk_BUFG | u_processor/u_PC/memory[94][31]_i_4_38[2]  | u_processor/u_dataMem/SR[0]         |                7 |              8 |         1.14 |
|  processorClk_BUFG | u_processor/u_PC/memory[94][31]_i_4_38[3]  | u_processor/u_dataMem/SR[0]         |                7 |              8 |         1.14 |
|  processorClk_BUFG | u_processor/u_PC/memory[94][31]_i_4_35[3]  | u_processor/u_dataMem/SR[0]         |                8 |              8 |         1.00 |
|  processorClk_BUFG | u_processor/u_PC/memory[94][31]_i_4_31[2]  | u_processor/u_dataMem/SR[0]         |                3 |              8 |         2.67 |
|  processorClk_BUFG | u_processor/u_PC/memory[94][31]_i_4_39[0]  | u_processor/u_dataMem/SR[0]         |                3 |              8 |         2.67 |
|  processorClk_BUFG | u_processor/u_PC/memory[94][31]_i_4_39[1]  | u_processor/u_dataMem/SR[0]         |                4 |              8 |         2.00 |
|  processorClk_BUFG | u_processor/u_PC/memory[94][31]_i_4_39[2]  | u_processor/u_dataMem/SR[0]         |                5 |              8 |         1.60 |
|  processorClk_BUFG | u_processor/u_PC/memory[94][31]_i_4_34[1]  | u_processor/u_dataMem/SR[0]         |                4 |              8 |         2.00 |
|  processorClk_BUFG | u_processor/u_PC/memory[94][31]_i_4_26[1]  | u_processor/u_dataMem/SR[0]         |                4 |              8 |         2.00 |
|  processorClk_BUFG | u_processor/u_PC/memory[94][31]_i_4_32[3]  | u_processor/u_dataMem/SR[0]         |                2 |              8 |         4.00 |
|  processorClk_BUFG | u_processor/u_PC/memory[94][31]_i_4_27[0]  | u_processor/u_dataMem/SR[0]         |                1 |              8 |         8.00 |
|  processorClk_BUFG | u_processor/u_PC/memory[94][31]_i_4_3[2]   | u_processor/u_dataMem/SR[0]         |                4 |              8 |         2.00 |
|  processorClk_BUFG | u_processor/u_PC/memory[94][31]_i_4_31[3]  | u_processor/u_dataMem/SR[0]         |                3 |              8 |         2.67 |
|  processorClk_BUFG | u_processor/u_PC/memory[94][31]_i_4_32[2]  | u_processor/u_dataMem/SR[0]         |                1 |              8 |         8.00 |
|  processorClk_BUFG | u_processor/u_PC/memory[94][31]_i_4_28[1]  | u_processor/u_dataMem/SR[0]         |                2 |              8 |         4.00 |
|  processorClk_BUFG | u_processor/u_PC/memory[94][31]_i_4_29[0]  | u_processor/u_dataMem/SR[0]         |                3 |              8 |         2.67 |
|  processorClk_BUFG | u_processor/u_PC/memory[94][31]_i_4_28[3]  | u_processor/u_dataMem/SR[0]         |                2 |              8 |         4.00 |
|  processorClk_BUFG | u_processor/u_PC/memory[94][31]_i_4_33[0]  | u_processor/u_dataMem/SR[0]         |                6 |              8 |         1.33 |
|  processorClk_BUFG | u_processor/u_PC/memory[94][31]_i_4_30[2]  | u_processor/u_dataMem/SR[0]         |                2 |              8 |         4.00 |
|  processorClk_BUFG | u_processor/u_PC/memory[94][31]_i_4_3[3]   | u_processor/u_dataMem/SR[0]         |                3 |              8 |         2.67 |
|  processorClk_BUFG | u_processor/u_PC/memory[94][31]_i_4_32[1]  | u_processor/u_dataMem/SR[0]         |                3 |              8 |         2.67 |
|  processorClk_BUFG | u_processor/u_PC/memory[94][31]_i_4_33[2]  | u_processor/u_dataMem/SR[0]         |                5 |              8 |         1.60 |
|  processorClk_BUFG | u_processor/u_PC/memory[94][31]_i_4_34[0]  | u_processor/u_dataMem/SR[0]         |                2 |              8 |         4.00 |
|  processorClk_BUFG | u_processor/u_PC/memory[94][31]_i_4_28[2]  | u_processor/u_dataMem/SR[0]         |                2 |              8 |         4.00 |
|  processorClk_BUFG | u_processor/u_PC/memory[94][31]_i_4_31[0]  | u_processor/u_dataMem/SR[0]         |                2 |              8 |         4.00 |
|  processorClk_BUFG | u_processor/u_PC/memory[94][31]_i_4_34[3]  | u_processor/u_dataMem/SR[0]         |                2 |              8 |         4.00 |
|  processorClk_BUFG | u_processor/u_PC/memory[94][31]_i_4_30[0]  | u_processor/u_dataMem/SR[0]         |                4 |              8 |         2.00 |
|  processorClk_BUFG | u_processor/u_PC/memory[94][31]_i_4_35[0]  | u_processor/u_dataMem/SR[0]         |                2 |              8 |         4.00 |
|  processorClk_BUFG | u_processor/u_PC/memory[94][31]_i_4_27[2]  | u_processor/u_dataMem/SR[0]         |                4 |              8 |         2.00 |
|  processorClk_BUFG | u_processor/u_PC/memory[94][31]_i_4_36[1]  | u_processor/u_dataMem/SR[0]         |                3 |              8 |         2.67 |
|  processorClk_BUFG | u_processor/u_PC/memory[94][31]_i_4_36[2]  | u_processor/u_dataMem/SR[0]         |                3 |              8 |         2.67 |
|  processorClk_BUFG | u_processor/u_PC/memory[94][31]_i_4_34[2]  | u_processor/u_dataMem/SR[0]         |                6 |              8 |         1.33 |
|  processorClk_BUFG | u_processor/u_PC/memory[94][31]_i_4_37[0]  | u_processor/u_dataMem/SR[0]         |                4 |              8 |         2.00 |
|  processorClk_BUFG | u_processor/u_PC/memory[94][31]_i_4_37[1]  | u_processor/u_dataMem/SR[0]         |                2 |              8 |         4.00 |
|  processorClk_BUFG | u_processor/u_PC/memory[94][31]_i_4_37[3]  | u_processor/u_dataMem/SR[0]         |                6 |              8 |         1.33 |
|  processorClk_BUFG | u_processor/u_PC/memory[94][31]_i_4_27[3]  | u_processor/u_dataMem/SR[0]         |                2 |              8 |         4.00 |
|  processorClk_BUFG | u_processor/u_PC/memory[94][31]_i_4_26[2]  | u_processor/u_dataMem/SR[0]         |                2 |              8 |         4.00 |
|  processorClk_BUFG | u_processor/u_PC/memory[94][31]_i_4_28[0]  | u_processor/u_dataMem/SR[0]         |                3 |              8 |         2.67 |
|  processorClk_BUFG | u_processor/u_PC/memory[94][31]_i_4_29[1]  | u_processor/u_dataMem/SR[0]         |                2 |              8 |         4.00 |
|  processorClk_BUFG | u_processor/u_PC/memory[94][31]_i_4_25[1]  | u_processor/u_dataMem/SR[0]         |                2 |              8 |         4.00 |
|  processorClk_BUFG | u_processor/u_PC/memory[94][31]_i_4_29[2]  | u_processor/u_dataMem/SR[0]         |                3 |              8 |         2.67 |
|  processorClk_BUFG | u_processor/u_PC/memory[94][31]_i_4_24[3]  | u_processor/u_dataMem/SR[0]         |                4 |              8 |         2.00 |
|  processorClk_BUFG | u_processor/u_PC/memory[94][31]_i_4_35[2]  | u_processor/u_dataMem/SR[0]         |                3 |              8 |         2.67 |
|  processorClk_BUFG | u_processor/u_PC/memory[94][31]_i_4_25[2]  | u_processor/u_dataMem/SR[0]         |                2 |              8 |         4.00 |
|  processorClk_BUFG | u_processor/u_PC/memory[94][31]_i_4_29[3]  | u_processor/u_dataMem/SR[0]         |                2 |              8 |         4.00 |
|  processorClk_BUFG | u_processor/u_PC/memory[94][31]_i_4_30[3]  | u_processor/u_dataMem/SR[0]         |                2 |              8 |         4.00 |
|  processorClk_BUFG | u_processor/u_PC/memory[94][31]_i_4_27[1]  | u_processor/u_dataMem/SR[0]         |                4 |              8 |         2.00 |
|  processorClk_BUFG | u_processor/u_PC/memory[94][31]_i_4_26[0]  | u_processor/u_dataMem/SR[0]         |                3 |              8 |         2.67 |
|  processorClk_BUFG | u_processor/u_PC/memory[94][31]_i_4_50[0]  | u_processor/u_dataMem/SR[0]         |                2 |              8 |         4.00 |
|  processorClk_BUFG | u_processor/u_PC/memory[94][31]_i_4_50[1]  | u_processor/u_dataMem/SR[0]         |                2 |              8 |         4.00 |
|  processorClk_BUFG | u_processor/u_PC/memory[94][31]_i_4_4[1]   | u_processor/u_dataMem/SR[0]         |                3 |              8 |         2.67 |
|  processorClk_BUFG | u_processor/u_PC/memory[94][31]_i_4_40[3]  | u_processor/u_dataMem/SR[0]         |                6 |              8 |         1.33 |
|  processorClk_BUFG | u_processor/u_PC/memory[94][31]_i_4_43[1]  | u_processor/u_dataMem/SR[0]         |                3 |              8 |         2.67 |
|  processorClk_BUFG | u_processor/u_PC/memory[94][31]_i_4_43[3]  | u_processor/u_dataMem/SR[0]         |                4 |              8 |         2.00 |
|  processorClk_BUFG | u_processor/u_PC/memory[94][31]_i_4_4[0]   | u_processor/u_dataMem/SR[0]         |                2 |              8 |         4.00 |
|  processorClk_BUFG | u_processor/u_PC/memory[94][31]_i_4_44[0]  | u_processor/u_dataMem/SR[0]         |                2 |              8 |         4.00 |
|  processorClk_BUFG | u_processor/u_PC/memory[94][31]_i_4_44[1]  | u_processor/u_dataMem/SR[0]         |                3 |              8 |         2.67 |
|  processorClk_BUFG | u_processor/u_PC/memory[94][31]_i_4_45[0]  | u_processor/u_dataMem/SR[0]         |                2 |              8 |         4.00 |
|  processorClk_BUFG | u_processor/u_PC/memory[94][31]_i_4_45[1]  | u_processor/u_dataMem/SR[0]         |                5 |              8 |         1.60 |
|  processorClk_BUFG | u_processor/u_PC/memory[94][31]_i_4_47[1]  | u_processor/u_dataMem/SR[0]         |                1 |              8 |         8.00 |
|  processorClk_BUFG | u_processor/u_PC/memory[94][31]_i_4_49[0]  | u_processor/u_dataMem/SR[0]         |                2 |              8 |         4.00 |
|  processorClk_BUFG | u_processor/u_PC/memory[94][31]_i_4_50[2]  | u_processor/u_dataMem/SR[0]         |                4 |              8 |         2.00 |
|  processorClk_BUFG | u_processor/u_PC/memory[94][31]_i_4_50[3]  | u_processor/u_dataMem/SR[0]         |                4 |              8 |         2.00 |
|  processorClk_BUFG | u_processor/u_PC/memory[94][31]_i_4_51[0]  | u_processor/u_dataMem/SR[0]         |                4 |              8 |         2.00 |
|  processorClk_BUFG | u_processor/u_PC/memory[94][31]_i_4_47[3]  | u_processor/u_dataMem/SR[0]         |                2 |              8 |         4.00 |
|  processorClk_BUFG | u_processor/u_PC/memory[94][31]_i_4_51[2]  | u_processor/u_dataMem/SR[0]         |                2 |              8 |         4.00 |
|  processorClk_BUFG | u_processor/u_PC/memory[94][31]_i_4_51[3]  | u_processor/u_dataMem/SR[0]         |                2 |              8 |         4.00 |
|  processorClk_BUFG | u_processor/u_PC/memory[94][31]_i_4_41[0]  | u_processor/u_dataMem/SR[0]         |                2 |              8 |         4.00 |
|  processorClk_BUFG | u_processor/u_PC/memory[94][31]_i_4_49[3]  | u_processor/u_dataMem/SR[0]         |                2 |              8 |         4.00 |
|  processorClk_BUFG | u_processor/u_PC/memory[94][31]_i_4_52[0]  | u_processor/u_dataMem/SR[0]         |                5 |              8 |         1.60 |
|  processorClk_BUFG | u_processor/u_PC/memory[94][31]_i_4_40[0]  | u_processor/u_dataMem/SR[0]         |                4 |              8 |         2.00 |
|  processorClk_BUFG | u_processor/u_PC/memory[94][31]_i_4_41[2]  | u_processor/u_dataMem/SR[0]         |                2 |              8 |         4.00 |
|  processorClk_BUFG | u_processor/u_PC/memory[94][31]_i_4_42[3]  | u_processor/u_dataMem/SR[0]         |                4 |              8 |         2.00 |
|  processorClk_BUFG | u_processor/u_PC/memory[94][31]_i_4_47[2]  | u_processor/u_dataMem/SR[0]         |                1 |              8 |         8.00 |
|  processorClk_BUFG | u_processor/u_PC/memory[94][31]_i_4_48[0]  | u_processor/u_dataMem/SR[0]         |                3 |              8 |         2.67 |
|  processorClk_BUFG | u_processor/u_PC/memory[94][31]_i_4_48[1]  | u_processor/u_dataMem/SR[0]         |                3 |              8 |         2.67 |
|  processorClk_BUFG | u_processor/u_PC/memory[94][31]_i_4_52[1]  | u_processor/u_dataMem/SR[0]         |                5 |              8 |         1.60 |
|  processorClk_BUFG | u_processor/u_PC/memory[94][31]_i_4_43[2]  | u_processor/u_dataMem/SR[0]         |                2 |              8 |         4.00 |
|  processorClk_BUFG | u_processor/u_PC/memory[94][31]_i_4_49[2]  | u_processor/u_dataMem/SR[0]         |                2 |              8 |         4.00 |
|  processorClk_BUFG | u_processor/u_PC/memory[94][31]_i_4_5[3]   | u_processor/u_dataMem/SR[0]         |                3 |              8 |         2.67 |
|  processorClk_BUFG | u_processor/u_PC/memory[94][31]_i_4_52[2]  | u_processor/u_dataMem/SR[0]         |                5 |              8 |         1.60 |
|  processorClk_BUFG | u_processor/u_PC/memory[94][31]_i_4_51[1]  | u_processor/u_dataMem/SR[0]         |                1 |              8 |         8.00 |
|  processorClk_BUFG | u_processor/u_PC/memory[94][31]_i_4_47[0]  | u_processor/u_dataMem/SR[0]         |                7 |              8 |         1.14 |
|  processorClk_BUFG | u_processor/u_PC/memory[94][31]_i_4_52[3]  | u_processor/u_dataMem/SR[0]         |                3 |              8 |         2.67 |
|  processorClk_BUFG | u_processor/u_PC/memory[94][31]_i_4_53[0]  | u_processor/u_dataMem/SR[0]         |                4 |              8 |         2.00 |
|  processorClk_BUFG | u_processor/u_PC/memory[94][31]_i_4_53[1]  | u_processor/u_dataMem/SR[0]         |                3 |              8 |         2.67 |
|  processorClk_BUFG | u_processor/u_PC/memory[94][31]_i_4_53[2]  | u_processor/u_dataMem/SR[0]         |                3 |              8 |         2.67 |
|  processorClk_BUFG | u_processor/u_PC/memory[94][31]_i_4_46[2]  | u_processor/u_dataMem/SR[0]         |                3 |              8 |         2.67 |
|  processorClk_BUFG | u_processor/u_PC/memory[94][31]_i_4_48[3]  | u_processor/u_dataMem/SR[0]         |                2 |              8 |         4.00 |
|  processorClk_BUFG | u_processor/u_PC/memory[94][31]_i_4_40[2]  | u_processor/u_dataMem/SR[0]         |                2 |              8 |         4.00 |
|  processorClk_BUFG | u_processor/u_PC/memory[94][31]_i_4_39[3]  | u_processor/u_dataMem/SR[0]         |                2 |              8 |         4.00 |
|  processorClk_BUFG | u_processor/u_PC/memory[94][31]_i_4_40[1]  | u_processor/u_dataMem/SR[0]         |                4 |              8 |         2.00 |
|  processorClk_BUFG | u_processor/u_PC/memory[94][31]_i_4_43[0]  | u_processor/u_dataMem/SR[0]         |                3 |              8 |         2.67 |
|  processorClk_BUFG | u_processor/u_PC/memory[94][31]_i_4_4[3]   | u_processor/u_dataMem/SR[0]         |                4 |              8 |         2.00 |
|  processorClk_BUFG | u_processor/u_PC/memory[94][31]_i_4_41[3]  | u_processor/u_dataMem/SR[0]         |                3 |              8 |         2.67 |
|  processorClk_BUFG | u_processor/u_PC/memory[94][31]_i_4_42[1]  | u_processor/u_dataMem/SR[0]         |                5 |              8 |         1.60 |
|  processorClk_BUFG | u_processor/u_PC/memory[94][31]_i_4_42[2]  | u_processor/u_dataMem/SR[0]         |                5 |              8 |         1.60 |
|  processorClk_BUFG | u_processor/u_PC/memory[94][31]_i_4_44[2]  | u_processor/u_dataMem/SR[0]         |                2 |              8 |         4.00 |
|  processorClk_BUFG | u_processor/u_PC/memory[94][31]_i_4_45[2]  | u_processor/u_dataMem/SR[0]         |                2 |              8 |         4.00 |
|  processorClk_BUFG | u_processor/u_PC/memory[94][31]_i_4_46[0]  | u_processor/u_dataMem/SR[0]         |                2 |              8 |         4.00 |
|  processorClk_BUFG | u_processor/u_PC/memory[94][31]_i_4_46[1]  | u_processor/u_dataMem/SR[0]         |                5 |              8 |         1.60 |
|  processorClk_BUFG | u_processor/u_PC/memory[94][31]_i_4_46[3]  | u_processor/u_dataMem/SR[0]         |                2 |              8 |         4.00 |
|  processorClk_BUFG | u_processor/u_PC/memory[94][31]_i_4_5[1]   | u_processor/u_dataMem/SR[0]         |                3 |              8 |         2.67 |
|  processorClk_BUFG | u_processor/u_PC/memory[94][31]_i_4_5[2]   | u_processor/u_dataMem/SR[0]         |                2 |              8 |         4.00 |
|  processorClk_BUFG | u_processor/u_PC/memory[94][31]_i_4_44[3]  | u_processor/u_dataMem/SR[0]         |                2 |              8 |         4.00 |
|  processorClk_BUFG | u_processor/u_PC/memory[94][31]_i_4_5[0]   | u_processor/u_dataMem/SR[0]         |                2 |              8 |         4.00 |
|  processorClk_BUFG | u_processor/u_PC/memory[94][31]_i_4_41[1]  | u_processor/u_dataMem/SR[0]         |                2 |              8 |         4.00 |
|  processorClk_BUFG | u_processor/u_PC/memory[94][31]_i_4_45[3]  | u_processor/u_dataMem/SR[0]         |                3 |              8 |         2.67 |
|  processorClk_BUFG | u_processor/u_PC/memory[94][31]_i_4_4[2]   | u_processor/u_dataMem/SR[0]         |                2 |              8 |         4.00 |
|  processorClk_BUFG | u_processor/u_PC/memory[94][31]_i_4_42[0]  | u_processor/u_dataMem/SR[0]         |                2 |              8 |         4.00 |
|  processorClk_BUFG | u_processor/u_PC/memory[94][31]_i_4_48[2]  | u_processor/u_dataMem/SR[0]         |                2 |              8 |         4.00 |
|  processorClk_BUFG | u_processor/u_PC/memory[94][31]_i_4_49[1]  | u_processor/u_dataMem/SR[0]         |                3 |              8 |         2.67 |
|  processorClk_BUFG | u_processor/u_PC/memory[94][31]_i_4_66[3]  | u_processor/u_dataMem/SR[0]         |                2 |              8 |         4.00 |
|  processorClk_BUFG | u_processor/u_PC/memory[94][31]_i_4_68[1]  | u_processor/u_dataMem/SR[0]         |                1 |              8 |         8.00 |
|  processorClk_BUFG | u_processor/u_PC/memory[94][31]_i_4_54[0]  | u_processor/u_dataMem/SR[0]         |                3 |              8 |         2.67 |
|  processorClk_BUFG | u_processor/u_PC/memory[94][31]_i_4_55[0]  | u_processor/u_dataMem/SR[0]         |                2 |              8 |         4.00 |
|  processorClk_BUFG | u_processor/u_PC/memory[94][31]_i_4_56[2]  | u_processor/u_dataMem/SR[0]         |                2 |              8 |         4.00 |
|  processorClk_BUFG | u_processor/u_PC/memory[94][31]_i_4_55[3]  | u_processor/u_dataMem/SR[0]         |                1 |              8 |         8.00 |
|  processorClk_BUFG | u_processor/u_PC/memory[94][31]_i_4_57[2]  | u_processor/u_dataMem/SR[0]         |                2 |              8 |         4.00 |
|  processorClk_BUFG | u_processor/u_PC/memory[94][31]_i_4_57[3]  | u_processor/u_dataMem/SR[0]         |                6 |              8 |         1.33 |
|  processorClk_BUFG | u_processor/u_PC/memory[94][31]_i_4_58[1]  | u_processor/u_dataMem/SR[0]         |                4 |              8 |         2.00 |
|  processorClk_BUFG | u_processor/u_PC/memory[94][31]_i_4_6[3]   | u_processor/u_dataMem/SR[0]         |                2 |              8 |         4.00 |
|  processorClk_BUFG | u_processor/u_PC/memory[94][31]_i_4_61[2]  | u_processor/u_dataMem/SR[0]         |                2 |              8 |         4.00 |
|  processorClk_BUFG | u_processor/u_PC/memory[94][31]_i_4_62[3]  | u_processor/u_dataMem/SR[0]         |                6 |              8 |         1.33 |
|  processorClk_BUFG | u_processor/u_PC/memory[94][31]_i_4_65[0]  | u_processor/u_dataMem/SR[0]         |                3 |              8 |         2.67 |
|  processorClk_BUFG | u_processor/u_PC/memory[94][31]_i_4_64[2]  | u_processor/u_dataMem/SR[0]         |                5 |              8 |         1.60 |
|  processorClk_BUFG | u_processor/u_PC/memory[94][31]_i_4_58[2]  | u_processor/u_dataMem/SR[0]         |                1 |              8 |         8.00 |
|  processorClk_BUFG | u_processor/u_PC/memory[94][31]_i_4_56[1]  | u_processor/u_dataMem/SR[0]         |                2 |              8 |         4.00 |
|  processorClk_BUFG | u_processor/u_PC/memory[94][31]_i_4_65[3]  | u_processor/u_dataMem/SR[0]         |                4 |              8 |         2.00 |
|  processorClk_BUFG | u_processor/u_PC/memory[94][31]_i_4_66[2]  | u_processor/u_dataMem/SR[0]         |                2 |              8 |         4.00 |
|  processorClk_BUFG | u_processor/u_PC/memory[94][31]_i_4_63[0]  | u_processor/u_dataMem/SR[0]         |                1 |              8 |         8.00 |
|  processorClk_BUFG | u_processor/u_PC/memory[94][31]_i_4_63[1]  | u_processor/u_dataMem/SR[0]         |                4 |              8 |         2.00 |
|  processorClk_BUFG | u_processor/u_PC/memory[94][31]_i_4_67[0]  | u_processor/u_dataMem/SR[0]         |                2 |              8 |         4.00 |
|  processorClk_BUFG | u_processor/u_PC/memory[94][31]_i_4_67[1]  | u_processor/u_dataMem/SR[0]         |                2 |              8 |         4.00 |
|  processorClk_BUFG | u_processor/u_PC/memory[94][31]_i_4_67[3]  | u_processor/u_dataMem/SR[0]         |                4 |              8 |         2.00 |
|  processorClk_BUFG | u_processor/u_PC/memory[94][31]_i_4_68[2]  | u_processor/u_dataMem/SR[0]         |                4 |              8 |         2.00 |
|  processorClk_BUFG | u_processor/u_PC/memory[94][31]_i_4_64[3]  | u_processor/u_dataMem/SR[0]         |                3 |              8 |         2.67 |
|  processorClk_BUFG | u_processor/u_PC/memory[94][31]_i_4_66[0]  | u_processor/u_dataMem/SR[0]         |                3 |              8 |         2.67 |
|  processorClk_BUFG | u_processor/u_PC/memory[94][31]_i_4_67[2]  | u_processor/u_dataMem/SR[0]         |                2 |              8 |         4.00 |
|  processorClk_BUFG | u_processor/u_PC/memory[94][31]_i_4_56[3]  | u_processor/u_dataMem/SR[0]         |                2 |              8 |         4.00 |
|  processorClk_BUFG | u_processor/u_PC/memory[94][31]_i_4_68[0]  | u_processor/u_dataMem/SR[0]         |                5 |              8 |         1.60 |
|  processorClk_BUFG | u_processor/u_PC/memory[94][31]_i_4_55[1]  | u_processor/u_dataMem/SR[0]         |                2 |              8 |         4.00 |
|  processorClk_BUFG | u_processor/u_PC/memory[94][31]_i_4_56[0]  | u_processor/u_dataMem/SR[0]         |                2 |              8 |         4.00 |
|  processorClk_BUFG | u_processor/u_PC/memory[94][31]_i_4_59[1]  | u_processor/u_dataMem/SR[0]         |                4 |              8 |         2.00 |
|  processorClk_BUFG | u_processor/u_PC/memory[94][31]_i_4_6[0]   | u_processor/u_dataMem/SR[0]         |                1 |              8 |         8.00 |
|  processorClk_BUFG | u_processor/u_PC/memory[94][31]_i_4_61[3]  | u_processor/u_dataMem/SR[0]         |                3 |              8 |         2.67 |
|  processorClk_BUFG | u_processor/u_PC/memory[94][31]_i_4_63[2]  | u_processor/u_dataMem/SR[0]         |                1 |              8 |         8.00 |
|  processorClk_BUFG | u_processor/u_PC/memory[94][31]_i_4_54[1]  | u_processor/u_dataMem/SR[0]         |                2 |              8 |         4.00 |
|  processorClk_BUFG | u_processor/u_PC/memory[94][31]_i_4_54[2]  | u_processor/u_dataMem/SR[0]         |                1 |              8 |         8.00 |
|  processorClk_BUFG | u_processor/u_PC/memory[94][31]_i_4_53[3]  | u_processor/u_dataMem/SR[0]         |                3 |              8 |         2.67 |
|  processorClk_BUFG | u_processor/u_PC/memory[94][31]_i_4_62[1]  | u_processor/u_dataMem/SR[0]         |                1 |              8 |         8.00 |
|  processorClk_BUFG | u_processor/u_PC/memory[94][31]_i_4_54[3]  | u_processor/u_dataMem/SR[0]         |                2 |              8 |         4.00 |
|  processorClk_BUFG | u_processor/u_PC/memory[94][31]_i_4_57[0]  | u_processor/u_dataMem/SR[0]         |                3 |              8 |         2.67 |
|  processorClk_BUFG | u_processor/u_PC/memory[94][31]_i_4_57[1]  | u_processor/u_dataMem/SR[0]         |                4 |              8 |         2.00 |
|  processorClk_BUFG | u_processor/u_PC/memory[94][31]_i_4_59[2]  | u_processor/u_dataMem/SR[0]         |                1 |              8 |         8.00 |
|  processorClk_BUFG | u_processor/u_PC/memory[94][31]_i_4_61[1]  | u_processor/u_dataMem/SR[0]         |                5 |              8 |         1.60 |
|  processorClk_BUFG | u_processor/u_PC/memory[94][31]_i_4_63[3]  | u_processor/u_dataMem/SR[0]         |                2 |              8 |         4.00 |
|  processorClk_BUFG | u_processor/u_PC/memory[94][31]_i_4_64[1]  | u_processor/u_dataMem/SR[0]         |                2 |              8 |         4.00 |
|  processorClk_BUFG | u_processor/u_PC/memory[94][31]_i_4_60[0]  | u_processor/u_dataMem/SR[0]         |                3 |              8 |         2.67 |
|  processorClk_BUFG | u_processor/u_PC/memory[94][31]_i_4_58[0]  | u_processor/u_dataMem/SR[0]         |                2 |              8 |         4.00 |
|  processorClk_BUFG | u_processor/u_PC/memory[94][31]_i_4_6[1]   | u_processor/u_dataMem/SR[0]         |                2 |              8 |         4.00 |
|  processorClk_BUFG | u_processor/u_PC/memory[94][31]_i_4_60[2]  | u_processor/u_dataMem/SR[0]         |                2 |              8 |         4.00 |
|  processorClk_BUFG | u_processor/u_PC/memory[94][31]_i_4_60[3]  | u_processor/u_dataMem/SR[0]         |                3 |              8 |         2.67 |
|  processorClk_BUFG | u_processor/u_PC/memory[94][31]_i_4_62[0]  | u_processor/u_dataMem/SR[0]         |                2 |              8 |         4.00 |
|  processorClk_BUFG | u_processor/u_PC/memory[94][31]_i_4_65[1]  | u_processor/u_dataMem/SR[0]         |                2 |              8 |         4.00 |
|  processorClk_BUFG | u_processor/u_PC/memory[94][31]_i_4_55[2]  | u_processor/u_dataMem/SR[0]         |                2 |              8 |         4.00 |
|  processorClk_BUFG | u_processor/u_PC/memory[94][31]_i_4_58[3]  | u_processor/u_dataMem/SR[0]         |                2 |              8 |         4.00 |
|  processorClk_BUFG | u_processor/u_PC/memory[94][31]_i_4_64[0]  | u_processor/u_dataMem/SR[0]         |                2 |              8 |         4.00 |
|  processorClk_BUFG | u_processor/u_PC/memory[94][31]_i_4_59[0]  | u_processor/u_dataMem/SR[0]         |                3 |              8 |         2.67 |
|  processorClk_BUFG | u_processor/u_PC/memory[94][31]_i_4_59[3]  | u_processor/u_dataMem/SR[0]         |                4 |              8 |         2.00 |
|  processorClk_BUFG | u_processor/u_PC/memory[94][31]_i_4_6[2]   | u_processor/u_dataMem/SR[0]         |                2 |              8 |         4.00 |
|  processorClk_BUFG | u_processor/u_PC/memory[94][31]_i_4_65[2]  | u_processor/u_dataMem/SR[0]         |                2 |              8 |         4.00 |
|  processorClk_BUFG | u_processor/u_PC/memory[94][31]_i_4_60[1]  | u_processor/u_dataMem/SR[0]         |                3 |              8 |         2.67 |
|  processorClk_BUFG | u_processor/u_PC/memory[94][31]_i_4_61[0]  | u_processor/u_dataMem/SR[0]         |                2 |              8 |         4.00 |
|  processorClk_BUFG | u_processor/u_PC/memory[94][31]_i_4_66[1]  | u_processor/u_dataMem/SR[0]         |                3 |              8 |         2.67 |
|  processorClk_BUFG | u_processor/u_PC/memory[94][31]_i_4_62[2]  | u_processor/u_dataMem/SR[0]         |                3 |              8 |         2.67 |
|  processorClk_BUFG | u_processor/u_PC/memory[94][31]_i_4_71[0]  | u_processor/u_dataMem/SR[0]         |                2 |              8 |         4.00 |
|  processorClk_BUFG | u_processor/u_PC/memory[94][31]_i_4_69[0]  | u_processor/u_dataMem/SR[0]         |                3 |              8 |         2.67 |
|  processorClk_BUFG | u_processor/u_PC/memory[94][31]_i_4_70[2]  | u_processor/u_dataMem/SR[0]         |                2 |              8 |         4.00 |
|  processorClk_BUFG | u_processor/u_PC/memory[94][31]_i_4_70[3]  | u_processor/u_dataMem/SR[0]         |                2 |              8 |         4.00 |
|  processorClk_BUFG | u_processor/u_PC/memory[94][31]_i_4_71[2]  | u_processor/u_dataMem/SR[0]         |                5 |              8 |         1.60 |
|  processorClk_BUFG | u_processor/u_PC/memory[94][31]_i_4_71[3]  | u_processor/u_dataMem/SR[0]         |                1 |              8 |         8.00 |
|  processorClk_BUFG | u_processor/u_PC/memory[94][31]_i_4_69[3]  | u_processor/u_dataMem/SR[0]         |                1 |              8 |         8.00 |
|  processorClk_BUFG | u_processor/u_PC/memory[94][31]_i_4_71[1]  | u_processor/u_dataMem/SR[0]         |                2 |              8 |         4.00 |
|  processorClk_BUFG | u_processor/u_PC/memory[94][31]_i_4_72[1]  | u_processor/u_dataMem/SR[0]         |                5 |              8 |         1.60 |
|  processorClk_BUFG | u_processor/u_PC/memory[94][31]_i_4_69[2]  | u_processor/u_dataMem/SR[0]         |                2 |              8 |         4.00 |
|  processorClk_BUFG | u_processor/u_PC/memory[94][31]_i_4_7[3]   | u_processor/u_dataMem/SR[0]         |                2 |              8 |         4.00 |
|  processorClk_BUFG | u_processor/u_PC/memory[94][31]_i_4_72[0]  | u_processor/u_dataMem/SR[0]         |                2 |              8 |         4.00 |
|  processorClk_BUFG | u_processor/u_PC/memory[94][31]_i_4_72[3]  | u_processor/u_dataMem/SR[0]         |                2 |              8 |         4.00 |
|  processorClk_BUFG | u_processor/u_PC/memory[94][31]_i_4_68[3]  | u_processor/u_dataMem/SR[0]         |                3 |              8 |         2.67 |
|  clk_IBUF_BUFG     |                                            |                                     |                4 |             12 |         3.00 |
|  clk_IBUF_BUFG     |                                            | u_debounce/timer[19]_i_1_n_0        |                5 |             20 |         4.00 |
|  clk_IBUF_BUFG     |                                            | u_debounceAlu/timer[19]_i_1__0_n_0  |                6 |             20 |         3.33 |
|  clk_IBUF_BUFG     |                                            | u_debounceDown/timer[19]_i_1__2_n_0 |                6 |             20 |         3.33 |
|  clk_IBUF_BUFG     |                                            | u_debounceLeft/timer[19]_i_1__1_n_0 |                6 |             20 |         3.33 |
|  processorClk_BUFG | u_processor/u_PC/PC_reg[3]_16[0]           | u_processor/u_dataMem/SR[0]         |               17 |             32 |         1.88 |
|  processorClk_BUFG | u_processor/u_PC/PC_reg[3]_17[0]           | u_processor/u_dataMem/SR[0]         |               20 |             32 |         1.60 |
|  processorClk_BUFG | u_processor/u_PC/PC_reg[3]_15[0]           | u_processor/u_dataMem/SR[0]         |               23 |             32 |         1.39 |
|  processorClk_BUFG | u_processor/u_PC/PC_reg[3]_18[0]           | u_processor/u_dataMem/SR[0]         |               18 |             32 |         1.78 |
|  processorClk_BUFG | u_processor/u_PC/PC_reg[5]_33[0]           | u_processor/u_dataMem/SR[0]         |               16 |             32 |         2.00 |
|  processorClk_BUFG | u_processor/u_PC/PC_reg[5]_35[0]           | u_processor/u_dataMem/SR[0]         |               19 |             32 |         1.68 |
|  processorClk_BUFG |                                            | u_processor/u_dataMem/SR[0]         |               12 |             32 |         2.67 |
|  processorClk_BUFG | u_processor/u_PC/PC_reg[5]_34[0]           | u_processor/u_dataMem/SR[0]         |               19 |             32 |         1.68 |
|  clk_IBUF_BUFG     |                                            | u_processor/u_dataMem/SR[0]         |               15 |             50 |         3.33 |
+--------------------+--------------------------------------------+-------------------------------------+------------------+----------------+--------------+


