Copyright 1986-2020 Xilinx, Inc. All Rights Reserved.
--------------------------------------------------------------------------------------------------------------------------------------------------------------------------------------------
| Tool Version : Vivado v.2020.1 (win64) Build 2902540 Wed May 27 19:54:49 MDT 2020
| Date         : Wed Apr 29 22:21:00 2026
| Host         : Myrah-s-Laptop running 64-bit major release  (build 9200)
| Command      : report_timing_summary -max_paths 10 -file FpgaTop_timing_summary_routed.rpt -pb FpgaTop_timing_summary_routed.pb -rpx FpgaTop_timing_summary_routed.rpx -warn_on_violation
| Design       : FpgaTop
| Device       : 7a35t-cpg236
| Speed File   : -1  PRODUCTION 1.23 2018-06-13
--------------------------------------------------------------------------------------------------------------------------------------------------------------------------------------------

Timing Summary Report

------------------------------------------------------------------------------------------------
| Timer Settings
| --------------
------------------------------------------------------------------------------------------------

  Enable Multi Corner Analysis               :  Yes
  Enable Pessimism Removal                   :  Yes
  Pessimism Removal Resolution               :  Nearest Common Node
  Enable Input Delay Default Clock           :  No
  Enable Preset / Clear Arcs                 :  No
  Disable Flight Delays                      :  No
  Ignore I/O Paths                           :  No
  Timing Early Launch at Borrowing Latches   :  No
  Borrow Time for Max Delay Exceptions       :  Yes
  Merge Timing Exceptions                    :  Yes

  Corner  Analyze    Analyze    
  Name    Max Paths  Min Paths  
  ------  ---------  ---------  
  Slow    Yes        Yes        
  Fast    Yes        Yes        



check_timing report

Table of Contents
-----------------
1. checking no_clock (25440)
2. checking constant_clock (0)
3. checking pulse_width_clock (0)
4. checking unconstrained_internal_endpoints (25408)
5. checking no_input_delay (21)
6. checking no_output_delay (27)
7. checking multiple_clock (0)
8. checking generated_clocks (0)
9. checking loops (0)
10. checking partial_input_delay (0)
11. checking partial_output_delay (0)
12. checking latch_loops (0)

1. checking no_clock (25440)
----------------------------
 There are 8480 register/latch pins with no clock driven by root clock pin: switches[15] (HIGH)

 There are 8480 register/latch pins with no clock driven by root clock pin: debugMode_reg/Q (HIGH)

 There are 8480 register/latch pins with no clock driven by root clock pin: u_divider/clkOut_reg/Q (HIGH)


2. checking constant_clock (0)
------------------------------
 There are 0 register/latch pins with constant_clock.


3. checking pulse_width_clock (0)
---------------------------------
 There are 0 register/latch pins which need pulse_width check


4. checking unconstrained_internal_endpoints (25408)
----------------------------------------------------
 There are 25408 pins that are not constrained for maximum delay. (HIGH)

 There are 0 pins that are not constrained for maximum delay due to constant clock.


5. checking no_input_delay (21)
-------------------------------
 There are 21 input ports with no input delay specified. (HIGH)

 There are 0 input ports with no input delay but user has a false path constraint.


6. checking no_output_delay (27)
--------------------------------
 There are 27 ports with no output delay specified. (HIGH)

 There are 0 ports with no output delay but user has a false path constraint

 There are 0 ports with no output delay but with a timing clock defined on it or propagating through it


7. checking multiple_clock (0)
------------------------------
 There are 0 register/latch pins with multiple clocks.


8. checking generated_clocks (0)
--------------------------------
 There are 0 generated clocks that are not connected to a clock source.


9. checking loops (0)
---------------------
 There are 0 combinational loops in the design.


10. checking partial_input_delay (0)
------------------------------------
 There are 0 input ports with partial input delay specified.


11. checking partial_output_delay (0)
-------------------------------------
 There are 0 ports with partial output delay specified.


12. checking latch_loops (0)
----------------------------
 There are 0 combinational latch loops in the design through latch input



------------------------------------------------------------------------------------------------
| Design Timing Summary
| ---------------------
------------------------------------------------------------------------------------------------

    WNS(ns)      TNS(ns)  TNS Failing Endpoints  TNS Total Endpoints      WHS(ns)      THS(ns)  THS Failing Endpoints  THS Total Endpoints     WPWS(ns)     TPWS(ns)  TPWS Failing Endpoints  TPWS Total Endpoints  
    -------      -------  ---------------------  -------------------      -------      -------  ---------------------  -------------------     --------     --------  ----------------------  --------------------  
      4.796        0.000                      0                  222        0.198        0.000                      0                  222        4.500        0.000                       0                   145  


All user specified timing constraints are met.


------------------------------------------------------------------------------------------------
| Clock Summary
| -------------
------------------------------------------------------------------------------------------------

Clock        Waveform(ns)       Period(ns)      Frequency(MHz)
-----        ------------       ----------      --------------
sys_clk_pin  {0.000 5.000}      10.000          100.000         


------------------------------------------------------------------------------------------------
| Intra Clock Table
| -----------------
------------------------------------------------------------------------------------------------

Clock             WNS(ns)      TNS(ns)  TNS Failing Endpoints  TNS Total Endpoints      WHS(ns)      THS(ns)  THS Failing Endpoints  THS Total Endpoints     WPWS(ns)     TPWS(ns)  TPWS Failing Endpoints  TPWS Total Endpoints  
-----             -------      -------  ---------------------  -------------------      -------      -------  ---------------------  -------------------     --------     --------  ----------------------  --------------------  
sys_clk_pin         4.796        0.000                      0                  220        0.198        0.000                      0                  220        4.500        0.000                       0                   145  


------------------------------------------------------------------------------------------------
| Inter Clock Table
| -----------------
------------------------------------------------------------------------------------------------

From Clock    To Clock          WNS(ns)      TNS(ns)  TNS Failing Endpoints  TNS Total Endpoints      WHS(ns)      THS(ns)  THS Failing Endpoints  THS Total Endpoints  
----------    --------          -------      -------  ---------------------  -------------------      -------      -------  ---------------------  -------------------  


------------------------------------------------------------------------------------------------
| Other Path Groups Table
| -----------------------
------------------------------------------------------------------------------------------------

Path Group         From Clock         To Clock               WNS(ns)      TNS(ns)  TNS Failing Endpoints  TNS Total Endpoints      WHS(ns)      THS(ns)  THS Failing Endpoints  THS Total Endpoints  
----------         ----------         --------               -------      -------  ---------------------  -------------------      -------      -------  ---------------------  -------------------  
**async_default**  sys_clk_pin        sys_clk_pin              8.243        0.000                      0                    2        0.447        0.000                      0                    2  


------------------------------------------------------------------------------------------------
| Timing Details
| --------------
------------------------------------------------------------------------------------------------


---------------------------------------------------------------------------------------------------
From Clock:  sys_clk_pin
  To Clock:  sys_clk_pin

Setup :            0  Failing Endpoints,  Worst Slack        4.796ns,  Total Violation        0.000ns
Hold  :            0  Failing Endpoints,  Worst Slack        0.198ns,  Total Violation        0.000ns
PW    :            0  Failing Endpoints,  Worst Slack        4.500ns,  Total Violation        0.000ns
---------------------------------------------------------------------------------------------------


Max Delay Paths
--------------------------------------------------------------------------------------
Slack (MET) :             4.796ns  (required time - arrival time)
  Source:                 u_debounceAlu/timer_reg[0]/C
                            (rising edge-triggered cell FDRE clocked by sys_clk_pin  {rise@0.000ns fall@5.000ns period=10.000ns})
  Destination:            u_debounceAlu/pbout_reg/D
                            (rising edge-triggered cell FDRE clocked by sys_clk_pin  {rise@0.000ns fall@5.000ns period=10.000ns})
  Path Group:             sys_clk_pin
  Path Type:              Setup (Max at Slow Process Corner)
  Requirement:            10.000ns  (sys_clk_pin rise@10.000ns - sys_clk_pin rise@0.000ns)
  Data Path Delay:        4.872ns  (logic 1.174ns (24.098%)  route 3.698ns (75.902%))
  Logic Levels:           4  (LUT3=1 LUT4=1 LUT6=2)
  Clock Path Skew:        -0.026ns (DCD - SCD + CPR)
    Destination Clock Delay (DCD):    4.776ns = ( 14.776 - 10.000 ) 
    Source Clock Delay      (SCD):    5.075ns
    Clock Pessimism Removal (CPR):    0.273ns
  Clock Uncertainty:      0.035ns  ((TSJ^2 + TIJ^2)^1/2 + DJ) / 2 + PE
    Total System Jitter     (TSJ):    0.071ns
    Total Input Jitter      (TIJ):    0.000ns
    Discrete Jitter          (DJ):    0.000ns
    Phase Error              (PE):    0.000ns

    Location             Delay type                Incr(ns)  Path(ns)    Netlist Resource(s)
  -------------------------------------------------------------------    -------------------
                         (clock sys_clk_pin rise edge)
                                                      0.000     0.000 r  
    W5                                                0.000     0.000 r  clk (IN)
                         net (fo=0)                   0.000     0.000    clk
    W5                   IBUF (Prop_ibuf_I_O)         1.458     1.458 r  clk_IBUF_inst/O
                         net (fo=1, routed)           1.967     3.425    clk_IBUF
    BUFGCTRL_X0Y1        BUFG (Prop_bufg_I_O)         0.096     3.521 r  clk_IBUF_BUFG_inst/O
                         net (fo=144, routed)         1.554     5.075    u_debounceAlu/clk_IBUF_BUFG
    SLICE_X36Y51         FDRE                                         r  u_debounceAlu/timer_reg[0]/C
  -------------------------------------------------------------------    -------------------
    SLICE_X36Y51         FDRE (Prop_fdre_C_Q)         0.456     5.531 r  u_debounceAlu/timer_reg[0]/Q
                         net (fo=3, routed)           1.273     6.804    u_debounceAlu/timer_reg_n_0_[0]
    SLICE_X36Y51         LUT4 (Prop_lut4_I1_O)        0.152     6.956 f  u_debounceAlu/timer[19]_i_7__0/O
                         net (fo=1, routed)           0.441     7.397    u_debounceAlu/timer[19]_i_7__0_n_0
    SLICE_X36Y51         LUT6 (Prop_lut6_I5_O)        0.326     7.723 f  u_debounceAlu/timer[19]_i_5__0/O
                         net (fo=1, routed)           0.579     8.302    u_debounceAlu/timer[19]_i_5__0_n_0
    SLICE_X36Y52         LUT6 (Prop_lut6_I5_O)        0.124     8.426 r  u_debounceAlu/timer[19]_i_3__0/O
                         net (fo=20, routed)          1.023     9.448    u_debounceAlu/timer[19]_i_3__0_n_0
    SLICE_X38Y55         LUT3 (Prop_lut3_I0_O)        0.116     9.564 r  u_debounceAlu/pbout_i_1__0/O
                         net (fo=1, routed)           0.382     9.947    u_debounceAlu/pbout_i_1__0_n_0
    SLICE_X39Y55         FDRE                                         r  u_debounceAlu/pbout_reg/D
  -------------------------------------------------------------------    -------------------

                         (clock sys_clk_pin rise edge)
                                                     10.000    10.000 r  
    W5                                                0.000    10.000 r  clk (IN)
                         net (fo=0)                   0.000    10.000    clk
    W5                   IBUF (Prop_ibuf_I_O)         1.388    11.388 r  clk_IBUF_inst/O
                         net (fo=1, routed)           1.862    13.250    clk_IBUF
    BUFGCTRL_X0Y1        BUFG (Prop_bufg_I_O)         0.091    13.341 r  clk_IBUF_BUFG_inst/O
                         net (fo=144, routed)         1.435    14.776    u_debounceAlu/clk_IBUF_BUFG
    SLICE_X39Y55         FDRE                                         r  u_debounceAlu/pbout_reg/C
                         clock pessimism              0.273    15.049    
                         clock uncertainty           -0.035    15.014    
    SLICE_X39Y55         FDRE (Setup_fdre_C_D)       -0.271    14.743    u_debounceAlu/pbout_reg
  -------------------------------------------------------------------
                         required time                         14.743    
                         arrival time                          -9.947    
  -------------------------------------------------------------------
                         slack                                  4.796    

Slack (MET) :             5.095ns  (required time - arrival time)
  Source:                 u_debounceDown/timer_reg[0]/C
                            (rising edge-triggered cell FDRE clocked by sys_clk_pin  {rise@0.000ns fall@5.000ns period=10.000ns})
  Destination:            u_debounceDown/pbout_reg/D
                            (rising edge-triggered cell FDRE clocked by sys_clk_pin  {rise@0.000ns fall@5.000ns period=10.000ns})
  Path Group:             sys_clk_pin
  Path Type:              Setup (Max at Slow Process Corner)
  Requirement:            10.000ns  (sys_clk_pin rise@10.000ns - sys_clk_pin rise@0.000ns)
  Data Path Delay:        4.596ns  (logic 1.206ns (26.238%)  route 3.390ns (73.762%))
  Logic Levels:           4  (LUT3=1 LUT4=1 LUT6=2)
  Clock Path Skew:        -0.040ns (DCD - SCD + CPR)
    Destination Clock Delay (DCD):    4.778ns = ( 14.778 - 10.000 ) 
    Source Clock Delay      (SCD):    5.076ns
    Clock Pessimism Removal (CPR):    0.258ns
  Clock Uncertainty:      0.035ns  ((TSJ^2 + TIJ^2)^1/2 + DJ) / 2 + PE
    Total System Jitter     (TSJ):    0.071ns
    Total Input Jitter      (TIJ):    0.000ns
    Discrete Jitter          (DJ):    0.000ns
    Phase Error              (PE):    0.000ns

    Location             Delay type                Incr(ns)  Path(ns)    Netlist Resource(s)
  -------------------------------------------------------------------    -------------------
                         (clock sys_clk_pin rise edge)
                                                      0.000     0.000 r  
    W5                                                0.000     0.000 r  clk (IN)
                         net (fo=0)                   0.000     0.000    clk
    W5                   IBUF (Prop_ibuf_I_O)         1.458     1.458 r  clk_IBUF_inst/O
                         net (fo=1, routed)           1.967     3.425    clk_IBUF
    BUFGCTRL_X0Y1        BUFG (Prop_bufg_I_O)         0.096     3.521 r  clk_IBUF_BUFG_inst/O
                         net (fo=144, routed)         1.555     5.076    u_debounceDown/clk_IBUF_BUFG
    SLICE_X45Y54         FDRE                                         r  u_debounceDown/timer_reg[0]/C
  -------------------------------------------------------------------    -------------------
    SLICE_X45Y54         FDRE (Prop_fdre_C_Q)         0.456     5.532 r  u_debounceDown/timer_reg[0]/Q
                         net (fo=3, routed)           1.272     6.803    u_debounceDown/timer_reg_n_0_[0]
    SLICE_X45Y54         LUT4 (Prop_lut4_I1_O)        0.150     6.953 f  u_debounceDown/timer[19]_i_7__2/O
                         net (fo=1, routed)           0.428     7.381    u_debounceDown/timer[19]_i_7__2_n_0
    SLICE_X47Y53         LUT6 (Prop_lut6_I5_O)        0.326     7.707 f  u_debounceDown/timer[19]_i_5__2/O
                         net (fo=1, routed)           0.289     7.997    u_debounceDown/timer[19]_i_5__2_n_0
    SLICE_X47Y54         LUT6 (Prop_lut6_I5_O)        0.124     8.121 r  u_debounceDown/timer[19]_i_3__2/O
                         net (fo=20, routed)          1.019     9.140    u_debounceDown/timer[19]_i_3__2_n_0
    SLICE_X43Y55         LUT3 (Prop_lut3_I0_O)        0.150     9.290 r  u_debounceDown/pbout_i_1__2/O
                         net (fo=1, routed)           0.382     9.672    u_debounceDown/pbout_i_1__2_n_0
    SLICE_X42Y55         FDRE                                         r  u_debounceDown/pbout_reg/D
  -------------------------------------------------------------------    -------------------

                         (clock sys_clk_pin rise edge)
                                                     10.000    10.000 r  
    W5                                                0.000    10.000 r  clk (IN)
                         net (fo=0)                   0.000    10.000    clk
    W5                   IBUF (Prop_ibuf_I_O)         1.388    11.388 r  clk_IBUF_inst/O
                         net (fo=1, routed)           1.862    13.250    clk_IBUF
    BUFGCTRL_X0Y1        BUFG (Prop_bufg_I_O)         0.091    13.341 r  clk_IBUF_BUFG_inst/O
                         net (fo=144, routed)         1.437    14.778    u_debounceDown/clk_IBUF_BUFG
    SLICE_X42Y55         FDRE                                         r  u_debounceDown/pbout_reg/C
                         clock pessimism              0.258    15.036    
                         clock uncertainty           -0.035    15.001    
    SLICE_X42Y55         FDRE (Setup_fdre_C_D)       -0.233    14.768    u_debounceDown/pbout_reg
  -------------------------------------------------------------------
                         required time                         14.768    
                         arrival time                          -9.672    
  -------------------------------------------------------------------
                         slack                                  5.095    

Slack (MET) :             5.372ns  (required time - arrival time)
  Source:                 u_debounceAlu/timer_reg[0]/C
                            (rising edge-triggered cell FDRE clocked by sys_clk_pin  {rise@0.000ns fall@5.000ns period=10.000ns})
  Destination:            u_debounceAlu/timer_reg[15]/D
                            (rising edge-triggered cell FDRE clocked by sys_clk_pin  {rise@0.000ns fall@5.000ns period=10.000ns})
  Path Group:             sys_clk_pin
  Path Type:              Setup (Max at Slow Process Corner)
  Requirement:            10.000ns  (sys_clk_pin rise@10.000ns - sys_clk_pin rise@0.000ns)
  Data Path Delay:        4.598ns  (logic 1.182ns (25.707%)  route 3.416ns (74.293%))
  Logic Levels:           4  (LUT2=1 LUT4=1 LUT6=2)
  Clock Path Skew:        -0.026ns (DCD - SCD + CPR)
    Destination Clock Delay (DCD):    4.776ns = ( 14.776 - 10.000 ) 
    Source Clock Delay      (SCD):    5.075ns
    Clock Pessimism Removal (CPR):    0.273ns
  Clock Uncertainty:      0.035ns  ((TSJ^2 + TIJ^2)^1/2 + DJ) / 2 + PE
    Total System Jitter     (TSJ):    0.071ns
    Total Input Jitter      (TIJ):    0.000ns
    Discrete Jitter          (DJ):    0.000ns
    Phase Error              (PE):    0.000ns

    Location             Delay type                Incr(ns)  Path(ns)    Netlist Resource(s)
  -------------------------------------------------------------------    -------------------
                         (clock sys_clk_pin rise edge)
                                                      0.000     0.000 r  
    W5                                                0.000     0.000 r  clk (IN)
                         net (fo=0)                   0.000     0.000    clk
    W5                   IBUF (Prop_ibuf_I_O)         1.458     1.458 r  clk_IBUF_inst/O
                         net (fo=1, routed)           1.967     3.425    clk_IBUF
    BUFGCTRL_X0Y1        BUFG (Prop_bufg_I_O)         0.096     3.521 r  clk_IBUF_BUFG_inst/O
                         net (fo=144, routed)         1.554     5.075    u_debounceAlu/clk_IBUF_BUFG
    SLICE_X36Y51         FDRE                                         r  u_debounceAlu/timer_reg[0]/C
  -------------------------------------------------------------------    -------------------
    SLICE_X36Y51         FDRE (Prop_fdre_C_Q)         0.456     5.531 f  u_debounceAlu/timer_reg[0]/Q
                         net (fo=3, routed)           1.273     6.804    u_debounceAlu/timer_reg_n_0_[0]
    SLICE_X36Y51         LUT4 (Prop_lut4_I1_O)        0.152     6.956 r  u_debounceAlu/timer[19]_i_7__0/O
                         net (fo=1, routed)           0.441     7.397    u_debounceAlu/timer[19]_i_7__0_n_0
    SLICE_X36Y51         LUT6 (Prop_lut6_I5_O)        0.326     7.723 r  u_debounceAlu/timer[19]_i_5__0/O
                         net (fo=1, routed)           0.579     8.302    u_debounceAlu/timer[19]_i_5__0_n_0
    SLICE_X36Y52         LUT6 (Prop_lut6_I5_O)        0.124     8.426 f  u_debounceAlu/timer[19]_i_3__0/O
                         net (fo=20, routed)          1.123     9.549    u_debounceAlu/timer[19]_i_3__0_n_0
    SLICE_X36Y53         LUT2 (Prop_lut2_I1_O)        0.124     9.673 r  u_debounceAlu/timer[15]_i_1__0/O
                         net (fo=1, routed)           0.000     9.673    u_debounceAlu/timer[15]
    SLICE_X36Y53         FDRE                                         r  u_debounceAlu/timer_reg[15]/D
  -------------------------------------------------------------------    -------------------

                         (clock sys_clk_pin rise edge)
                                                     10.000    10.000 r  
    W5                                                0.000    10.000 r  clk (IN)
                         net (fo=0)                   0.000    10.000    clk
    W5                   IBUF (Prop_ibuf_I_O)         1.388    11.388 r  clk_IBUF_inst/O
                         net (fo=1, routed)           1.862    13.250    clk_IBUF
    BUFGCTRL_X0Y1        BUFG (Prop_bufg_I_O)         0.091    13.341 r  clk_IBUF_BUFG_inst/O
                         net (fo=144, routed)         1.435    14.776    u_debounceAlu/clk_IBUF_BUFG
    SLICE_X36Y53         FDRE                                         r  u_debounceAlu/timer_reg[15]/C
                         clock pessimism              0.273    15.049    
                         clock uncertainty           -0.035    15.014    
    SLICE_X36Y53         FDRE (Setup_fdre_C_D)        0.031    15.045    u_debounceAlu/timer_reg[15]
  -------------------------------------------------------------------
                         required time                         15.045    
                         arrival time                          -9.673    
  -------------------------------------------------------------------
                         slack                                  5.372    

Slack (MET) :             5.383ns  (required time - arrival time)
  Source:                 u_divider/counter_reg[19]/C
                            (rising edge-triggered cell FDCE clocked by sys_clk_pin  {rise@0.000ns fall@5.000ns period=10.000ns})
  Destination:            u_divider/clkOut_reg/D
                            (rising edge-triggered cell FDCE clocked by sys_clk_pin  {rise@0.000ns fall@5.000ns period=10.000ns})
  Path Group:             sys_clk_pin
  Path Type:              Setup (Max at Slow Process Corner)
  Requirement:            10.000ns  (sys_clk_pin rise@10.000ns - sys_clk_pin rise@0.000ns)
  Data Path Delay:        4.516ns  (logic 1.070ns (23.693%)  route 3.446ns (76.307%))
  Logic Levels:           5  (LUT2=1 LUT4=1 LUT5=1 LUT6=2)
  Clock Path Skew:        -0.112ns (DCD - SCD + CPR)
    Destination Clock Delay (DCD):    4.786ns = ( 14.786 - 10.000 ) 
    Source Clock Delay      (SCD):    5.086ns
    Clock Pessimism Removal (CPR):    0.188ns
  Clock Uncertainty:      0.035ns  ((TSJ^2 + TIJ^2)^1/2 + DJ) / 2 + PE
    Total System Jitter     (TSJ):    0.071ns
    Total Input Jitter      (TIJ):    0.000ns
    Discrete Jitter          (DJ):    0.000ns
    Phase Error              (PE):    0.000ns

    Location             Delay type                Incr(ns)  Path(ns)    Netlist Resource(s)
  -------------------------------------------------------------------    -------------------
                         (clock sys_clk_pin rise edge)
                                                      0.000     0.000 r  
    W5                                                0.000     0.000 r  clk (IN)
                         net (fo=0)                   0.000     0.000    clk
    W5                   IBUF (Prop_ibuf_I_O)         1.458     1.458 r  clk_IBUF_inst/O
                         net (fo=1, routed)           1.967     3.425    clk_IBUF
    BUFGCTRL_X0Y1        BUFG (Prop_bufg_I_O)         0.096     3.521 r  clk_IBUF_BUFG_inst/O
                         net (fo=144, routed)         1.565     5.086    u_divider/clk_IBUF_BUFG
    SLICE_X31Y45         FDCE                                         r  u_divider/counter_reg[19]/C
  -------------------------------------------------------------------    -------------------
    SLICE_X31Y45         FDCE (Prop_fdce_C_Q)         0.456     5.542 f  u_divider/counter_reg[19]/Q
                         net (fo=2, routed)           0.700     6.243    u_divider/counter[19]
    SLICE_X31Y45         LUT4 (Prop_lut4_I0_O)        0.124     6.367 r  u_divider/counter[25]_i_7/O
                         net (fo=1, routed)           0.431     6.797    u_divider/counter[25]_i_7_n_0
    SLICE_X31Y44         LUT5 (Prop_lut5_I4_O)        0.124     6.921 r  u_divider/counter[25]_i_6/O
                         net (fo=1, routed)           0.575     7.496    u_divider/counter[25]_i_6_n_0
    SLICE_X31Y42         LUT6 (Prop_lut6_I5_O)        0.124     7.620 r  u_divider/counter[25]_i_3/O
                         net (fo=1, routed)           0.263     7.883    u_divider/counter[25]_i_3_n_0
    SLICE_X31Y42         LUT6 (Prop_lut6_I0_O)        0.124     8.007 r  u_divider/counter[25]_i_2/O
                         net (fo=26, routed)          1.478     9.484    u_divider/counter[25]_i_2_n_0
    SLICE_X36Y46         LUT2 (Prop_lut2_I0_O)        0.118     9.602 r  u_divider/clkOut_i_1/O
                         net (fo=1, routed)           0.000     9.602    u_divider/clkOut_i_1_n_0
    SLICE_X36Y46         FDCE                                         r  u_divider/clkOut_reg/D
  -------------------------------------------------------------------    -------------------

                         (clock sys_clk_pin rise edge)
                                                     10.000    10.000 r  
    W5                                                0.000    10.000 r  clk (IN)
                         net (fo=0)                   0.000    10.000    clk
    W5                   IBUF (Prop_ibuf_I_O)         1.388    11.388 r  clk_IBUF_inst/O
                         net (fo=1, routed)           1.862    13.250    clk_IBUF
    BUFGCTRL_X0Y1        BUFG (Prop_bufg_I_O)         0.091    13.341 r  clk_IBUF_BUFG_inst/O
                         net (fo=144, routed)         1.445    14.786    u_divider/clk_IBUF_BUFG
    SLICE_X36Y46         FDCE                                         r  u_divider/clkOut_reg/C
                         clock pessimism              0.188    14.974    
                         clock uncertainty           -0.035    14.939    
    SLICE_X36Y46         FDCE (Setup_fdce_C_D)        0.047    14.986    u_divider/clkOut_reg
  -------------------------------------------------------------------
                         required time                         14.986    
                         arrival time                          -9.602    
  -------------------------------------------------------------------
                         slack                                  5.383    

Slack (MET) :             5.386ns  (required time - arrival time)
  Source:                 u_debounceAlu/timer_reg[0]/C
                            (rising edge-triggered cell FDRE clocked by sys_clk_pin  {rise@0.000ns fall@5.000ns period=10.000ns})
  Destination:            u_debounceAlu/timer_reg[16]/D
                            (rising edge-triggered cell FDRE clocked by sys_clk_pin  {rise@0.000ns fall@5.000ns period=10.000ns})
  Path Group:             sys_clk_pin
  Path Type:              Setup (Max at Slow Process Corner)
  Requirement:            10.000ns  (sys_clk_pin rise@10.000ns - sys_clk_pin rise@0.000ns)
  Data Path Delay:        4.628ns  (logic 1.212ns (26.188%)  route 3.416ns (73.812%))
  Logic Levels:           4  (LUT2=1 LUT4=1 LUT6=2)
  Clock Path Skew:        -0.026ns (DCD - SCD + CPR)
    Destination Clock Delay (DCD):    4.776ns = ( 14.776 - 10.000 ) 
    Source Clock Delay      (SCD):    5.075ns
    Clock Pessimism Removal (CPR):    0.273ns
  Clock Uncertainty:      0.035ns  ((TSJ^2 + TIJ^2)^1/2 + DJ) / 2 + PE
    Total System Jitter     (TSJ):    0.071ns
    Total Input Jitter      (TIJ):    0.000ns
    Discrete Jitter          (DJ):    0.000ns
    Phase Error              (PE):    0.000ns

    Location             Delay type                Incr(ns)  Path(ns)    Netlist Resource(s)
  -------------------------------------------------------------------    -------------------
                         (clock sys_clk_pin rise edge)
                                                      0.000     0.000 r  
    W5                                                0.000     0.000 r  clk (IN)
                         net (fo=0)                   0.000     0.000    clk
    W5                   IBUF (Prop_ibuf_I_O)         1.458     1.458 r  clk_IBUF_inst/O
                         net (fo=1, routed)           1.967     3.425    clk_IBUF
    BUFGCTRL_X0Y1        BUFG (Prop_bufg_I_O)         0.096     3.521 r  clk_IBUF_BUFG_inst/O
                         net (fo=144, routed)         1.554     5.075    u_debounceAlu/clk_IBUF_BUFG
    SLICE_X36Y51         FDRE                                         r  u_debounceAlu/timer_reg[0]/C
  -------------------------------------------------------------------    -------------------
    SLICE_X36Y51         FDRE (Prop_fdre_C_Q)         0.456     5.531 f  u_debounceAlu/timer_reg[0]/Q
                         net (fo=3, routed)           1.273     6.804    u_debounceAlu/timer_reg_n_0_[0]
    SLICE_X36Y51         LUT4 (Prop_lut4_I1_O)        0.152     6.956 r  u_debounceAlu/timer[19]_i_7__0/O
                         net (fo=1, routed)           0.441     7.397    u_debounceAlu/timer[19]_i_7__0_n_0
    SLICE_X36Y51         LUT6 (Prop_lut6_I5_O)        0.326     7.723 r  u_debounceAlu/timer[19]_i_5__0/O
                         net (fo=1, routed)           0.579     8.302    u_debounceAlu/timer[19]_i_5__0_n_0
    SLICE_X36Y52         LUT6 (Prop_lut6_I5_O)        0.124     8.426 f  u_debounceAlu/timer[19]_i_3__0/O
                         net (fo=20, routed)          1.123     9.549    u_debounceAlu/timer[19]_i_3__0_n_0
    SLICE_X36Y53         LUT2 (Prop_lut2_I1_O)        0.154     9.703 r  u_debounceAlu/timer[16]_i_1__0/O
                         net (fo=1, routed)           0.000     9.703    u_debounceAlu/timer[16]
    SLICE_X36Y53         FDRE                                         r  u_debounceAlu/timer_reg[16]/D
  -------------------------------------------------------------------    -------------------

                         (clock sys_clk_pin rise edge)
                                                     10.000    10.000 r  
    W5                                                0.000    10.000 r  clk (IN)
                         net (fo=0)                   0.000    10.000    clk
    W5                   IBUF (Prop_ibuf_I_O)         1.388    11.388 r  clk_IBUF_inst/O
                         net (fo=1, routed)           1.862    13.250    clk_IBUF
    BUFGCTRL_X0Y1        BUFG (Prop_bufg_I_O)         0.091    13.341 r  clk_IBUF_BUFG_inst/O
                         net (fo=144, routed)         1.435    14.776    u_debounceAlu/clk_IBUF_BUFG
    SLICE_X36Y53         FDRE                                         r  u_debounceAlu/timer_reg[16]/C
                         clock pessimism              0.273    15.049    
                         clock uncertainty           -0.035    15.014    
    SLICE_X36Y53         FDRE (Setup_fdre_C_D)        0.075    15.089    u_debounceAlu/timer_reg[16]
  -------------------------------------------------------------------
                         required time                         15.089    
                         arrival time                          -9.703    
  -------------------------------------------------------------------
                         slack                                  5.386    

Slack (MET) :             5.406ns  (required time - arrival time)
  Source:                 u_debounce/timer_reg[3]/C
                            (rising edge-triggered cell FDRE clocked by sys_clk_pin  {rise@0.000ns fall@5.000ns period=10.000ns})
  Destination:            u_debounce/pbout_reg/D
                            (rising edge-triggered cell FDRE clocked by sys_clk_pin  {rise@0.000ns fall@5.000ns period=10.000ns})
  Path Group:             sys_clk_pin
  Path Type:              Setup (Max at Slow Process Corner)
  Requirement:            10.000ns  (sys_clk_pin rise@10.000ns - sys_clk_pin rise@0.000ns)
  Data Path Delay:        4.250ns  (logic 1.084ns (25.508%)  route 3.166ns (74.492%))
  Logic Levels:           4  (LUT3=1 LUT4=1 LUT6=2)
  Clock Path Skew:        -0.040ns (DCD - SCD + CPR)
    Destination Clock Delay (DCD):    4.787ns = ( 14.787 - 10.000 ) 
    Source Clock Delay      (SCD):    5.087ns
    Clock Pessimism Removal (CPR):    0.260ns
  Clock Uncertainty:      0.035ns  ((TSJ^2 + TIJ^2)^1/2 + DJ) / 2 + PE
    Total System Jitter     (TSJ):    0.071ns
    Total Input Jitter      (TIJ):    0.000ns
    Discrete Jitter          (DJ):    0.000ns
    Phase Error              (PE):    0.000ns

    Location             Delay type                Incr(ns)  Path(ns)    Netlist Resource(s)
  -------------------------------------------------------------------    -------------------
                         (clock sys_clk_pin rise edge)
                                                      0.000     0.000 r  
    W5                                                0.000     0.000 r  clk (IN)
                         net (fo=0)                   0.000     0.000    clk
    W5                   IBUF (Prop_ibuf_I_O)         1.458     1.458 r  clk_IBUF_inst/O
                         net (fo=1, routed)           1.967     3.425    clk_IBUF
    BUFGCTRL_X0Y1        BUFG (Prop_bufg_I_O)         0.096     3.521 r  clk_IBUF_BUFG_inst/O
                         net (fo=144, routed)         1.566     5.087    u_debounce/clk_IBUF_BUFG
    SLICE_X43Y44         FDRE                                         r  u_debounce/timer_reg[3]/C
  -------------------------------------------------------------------    -------------------
    SLICE_X43Y44         FDRE (Prop_fdre_C_Q)         0.419     5.506 r  u_debounce/timer_reg[3]/Q
                         net (fo=2, routed)           0.824     6.330    u_debounce/timer[3]
    SLICE_X43Y45         LUT4 (Prop_lut4_I2_O)        0.299     6.629 f  u_debounce/timer[19]_i_6/O
                         net (fo=1, routed)           0.574     7.204    u_debounce/timer[19]_i_6_n_0
    SLICE_X43Y46         LUT6 (Prop_lut6_I4_O)        0.124     7.328 f  u_debounce/timer[19]_i_5/O
                         net (fo=1, routed)           0.263     7.591    u_debounce/timer[19]_i_5_n_0
    SLICE_X43Y46         LUT6 (Prop_lut6_I5_O)        0.124     7.715 r  u_debounce/timer[19]_i_3/O
                         net (fo=20, routed)          0.981     8.696    u_debounce/timer[19]_i_3_n_0
    SLICE_X37Y47         LUT3 (Prop_lut3_I0_O)        0.118     8.814 r  u_debounce/pbout_i_1/O
                         net (fo=1, routed)           0.523     9.337    u_debounce/pbout_i_1_n_0
    SLICE_X37Y48         FDRE                                         r  u_debounce/pbout_reg/D
  -------------------------------------------------------------------    -------------------

                         (clock sys_clk_pin rise edge)
                                                     10.000    10.000 r  
    W5                                                0.000    10.000 r  clk (IN)
                         net (fo=0)                   0.000    10.000    clk
    W5                   IBUF (Prop_ibuf_I_O)         1.388    11.388 r  clk_IBUF_inst/O
                         net (fo=1, routed)           1.862    13.250    clk_IBUF
    BUFGCTRL_X0Y1        BUFG (Prop_bufg_I_O)         0.091    13.341 r  clk_IBUF_BUFG_inst/O
                         net (fo=144, routed)         1.446    14.787    u_debounce/clk_IBUF_BUFG
    SLICE_X37Y48         FDRE                                         r  u_debounce/pbout_reg/C
                         clock pessimism              0.260    15.047    
                         clock uncertainty           -0.035    15.012    
    SLICE_X37Y48         FDRE (Setup_fdre_C_D)       -0.269    14.743    u_debounce/pbout_reg
  -------------------------------------------------------------------
                         required time                         14.743    
                         arrival time                          -9.337    
  -------------------------------------------------------------------
                         slack                                  5.406    

Slack (MET) :             5.529ns  (required time - arrival time)
  Source:                 u_divider/counter_reg[19]/C
                            (rising edge-triggered cell FDCE clocked by sys_clk_pin  {rise@0.000ns fall@5.000ns period=10.000ns})
  Destination:            u_divider/counter_reg[22]/D
                            (rising edge-triggered cell FDCE clocked by sys_clk_pin  {rise@0.000ns fall@5.000ns period=10.000ns})
  Path Group:             sys_clk_pin
  Path Type:              Setup (Max at Slow Process Corner)
  Requirement:            10.000ns  (sys_clk_pin rise@10.000ns - sys_clk_pin rise@0.000ns)
  Data Path Delay:        4.440ns  (logic 1.076ns (24.234%)  route 3.364ns (75.766%))
  Logic Levels:           5  (LUT2=1 LUT4=1 LUT5=1 LUT6=2)
  Clock Path Skew:        -0.025ns (DCD - SCD + CPR)
    Destination Clock Delay (DCD):    4.786ns = ( 14.786 - 10.000 ) 
    Source Clock Delay      (SCD):    5.086ns
    Clock Pessimism Removal (CPR):    0.275ns
  Clock Uncertainty:      0.035ns  ((TSJ^2 + TIJ^2)^1/2 + DJ) / 2 + PE
    Total System Jitter     (TSJ):    0.071ns
    Total Input Jitter      (TIJ):    0.000ns
    Discrete Jitter          (DJ):    0.000ns
    Phase Error              (PE):    0.000ns

    Location             Delay type                Incr(ns)  Path(ns)    Netlist Resource(s)
  -------------------------------------------------------------------    -------------------
                         (clock sys_clk_pin rise edge)
                                                      0.000     0.000 r  
    W5                                                0.000     0.000 r  clk (IN)
                         net (fo=0)                   0.000     0.000    clk
    W5                   IBUF (Prop_ibuf_I_O)         1.458     1.458 r  clk_IBUF_inst/O
                         net (fo=1, routed)           1.967     3.425    clk_IBUF
    BUFGCTRL_X0Y1        BUFG (Prop_bufg_I_O)         0.096     3.521 r  clk_IBUF_BUFG_inst/O
                         net (fo=144, routed)         1.565     5.086    u_divider/clk_IBUF_BUFG
    SLICE_X31Y45         FDCE                                         r  u_divider/counter_reg[19]/C
  -------------------------------------------------------------------    -------------------
    SLICE_X31Y45         FDCE (Prop_fdce_C_Q)         0.456     5.542 f  u_divider/counter_reg[19]/Q
                         net (fo=2, routed)           0.700     6.243    u_divider/counter[19]
    SLICE_X31Y45         LUT4 (Prop_lut4_I0_O)        0.124     6.367 r  u_divider/counter[25]_i_7/O
                         net (fo=1, routed)           0.431     6.797    u_divider/counter[25]_i_7_n_0
    SLICE_X31Y44         LUT5 (Prop_lut5_I4_O)        0.124     6.921 r  u_divider/counter[25]_i_6/O
                         net (fo=1, routed)           0.575     7.496    u_divider/counter[25]_i_6_n_0
    SLICE_X31Y42         LUT6 (Prop_lut6_I5_O)        0.124     7.620 r  u_divider/counter[25]_i_3/O
                         net (fo=1, routed)           0.263     7.883    u_divider/counter[25]_i_3_n_0
    SLICE_X31Y42         LUT6 (Prop_lut6_I0_O)        0.124     8.007 r  u_divider/counter[25]_i_2/O
                         net (fo=26, routed)          1.395     9.402    u_divider/counter[25]_i_2_n_0
    SLICE_X31Y46         LUT2 (Prop_lut2_I0_O)        0.124     9.526 r  u_divider/counter[22]_i_1/O
                         net (fo=1, routed)           0.000     9.526    u_divider/counter_0[22]
    SLICE_X31Y46         FDCE                                         r  u_divider/counter_reg[22]/D
  -------------------------------------------------------------------    -------------------

                         (clock sys_clk_pin rise edge)
                                                     10.000    10.000 r  
    W5                                                0.000    10.000 r  clk (IN)
                         net (fo=0)                   0.000    10.000    clk
    W5                   IBUF (Prop_ibuf_I_O)         1.388    11.388 r  clk_IBUF_inst/O
                         net (fo=1, routed)           1.862    13.250    clk_IBUF
    BUFGCTRL_X0Y1        BUFG (Prop_bufg_I_O)         0.091    13.341 r  clk_IBUF_BUFG_inst/O
                         net (fo=144, routed)         1.445    14.786    u_divider/clk_IBUF_BUFG
    SLICE_X31Y46         FDCE                                         r  u_divider/counter_reg[22]/C
                         clock pessimism              0.275    15.061    
                         clock uncertainty           -0.035    15.026    
    SLICE_X31Y46         FDCE (Setup_fdce_C_D)        0.029    15.055    u_divider/counter_reg[22]
  -------------------------------------------------------------------
                         required time                         15.055    
                         arrival time                          -9.526    
  -------------------------------------------------------------------
                         slack                                  5.529    

Slack (MET) :             5.539ns  (required time - arrival time)
  Source:                 u_debounceDown/timer_reg[0]/C
                            (rising edge-triggered cell FDRE clocked by sys_clk_pin  {rise@0.000ns fall@5.000ns period=10.000ns})
  Destination:            u_debounceDown/timer_reg[7]/D
                            (rising edge-triggered cell FDRE clocked by sys_clk_pin  {rise@0.000ns fall@5.000ns period=10.000ns})
  Path Group:             sys_clk_pin
  Path Type:              Setup (Max at Slow Process Corner)
  Requirement:            10.000ns  (sys_clk_pin rise@10.000ns - sys_clk_pin rise@0.000ns)
  Data Path Delay:        4.433ns  (logic 1.180ns (26.618%)  route 3.253ns (73.382%))
  Logic Levels:           4  (LUT2=1 LUT4=1 LUT6=2)
  Clock Path Skew:        -0.024ns (DCD - SCD + CPR)
    Destination Clock Delay (DCD):    4.780ns = ( 14.780 - 10.000 ) 
    Source Clock Delay      (SCD):    5.076ns
    Clock Pessimism Removal (CPR):    0.272ns
  Clock Uncertainty:      0.035ns  ((TSJ^2 + TIJ^2)^1/2 + DJ) / 2 + PE
    Total System Jitter     (TSJ):    0.071ns
    Total Input Jitter      (TIJ):    0.000ns
    Discrete Jitter          (DJ):    0.000ns
    Phase Error              (PE):    0.000ns

    Location             Delay type                Incr(ns)  Path(ns)    Netlist Resource(s)
  -------------------------------------------------------------------    -------------------
                         (clock sys_clk_pin rise edge)
                                                      0.000     0.000 r  
    W5                                                0.000     0.000 r  clk (IN)
                         net (fo=0)                   0.000     0.000    clk
    W5                   IBUF (Prop_ibuf_I_O)         1.458     1.458 r  clk_IBUF_inst/O
                         net (fo=1, routed)           1.967     3.425    clk_IBUF
    BUFGCTRL_X0Y1        BUFG (Prop_bufg_I_O)         0.096     3.521 r  clk_IBUF_BUFG_inst/O
                         net (fo=144, routed)         1.555     5.076    u_debounceDown/clk_IBUF_BUFG
    SLICE_X45Y54         FDRE                                         r  u_debounceDown/timer_reg[0]/C
  -------------------------------------------------------------------    -------------------
    SLICE_X45Y54         FDRE (Prop_fdre_C_Q)         0.456     5.532 f  u_debounceDown/timer_reg[0]/Q
                         net (fo=3, routed)           1.272     6.803    u_debounceDown/timer_reg_n_0_[0]
    SLICE_X45Y54         LUT4 (Prop_lut4_I1_O)        0.150     6.953 r  u_debounceDown/timer[19]_i_7__2/O
                         net (fo=1, routed)           0.428     7.381    u_debounceDown/timer[19]_i_7__2_n_0
    SLICE_X47Y53         LUT6 (Prop_lut6_I5_O)        0.326     7.707 r  u_debounceDown/timer[19]_i_5__2/O
                         net (fo=1, routed)           0.289     7.997    u_debounceDown/timer[19]_i_5__2_n_0
    SLICE_X47Y54         LUT6 (Prop_lut6_I5_O)        0.124     8.121 f  u_debounceDown/timer[19]_i_3__2/O
                         net (fo=20, routed)          1.264     9.385    u_debounceDown/timer[19]_i_3__2_n_0
    SLICE_X47Y52         LUT2 (Prop_lut2_I1_O)        0.124     9.509 r  u_debounceDown/timer[7]_i_1__2/O
                         net (fo=1, routed)           0.000     9.509    u_debounceDown/timer[7]
    SLICE_X47Y52         FDRE                                         r  u_debounceDown/timer_reg[7]/D
  -------------------------------------------------------------------    -------------------

                         (clock sys_clk_pin rise edge)
                                                     10.000    10.000 r  
    W5                                                0.000    10.000 r  clk (IN)
                         net (fo=0)                   0.000    10.000    clk
    W5                   IBUF (Prop_ibuf_I_O)         1.388    11.388 r  clk_IBUF_inst/O
                         net (fo=1, routed)           1.862    13.250    clk_IBUF
    BUFGCTRL_X0Y1        BUFG (Prop_bufg_I_O)         0.091    13.341 r  clk_IBUF_BUFG_inst/O
                         net (fo=144, routed)         1.439    14.780    u_debounceDown/clk_IBUF_BUFG
    SLICE_X47Y52         FDRE                                         r  u_debounceDown/timer_reg[7]/C
                         clock pessimism              0.272    15.052    
                         clock uncertainty           -0.035    15.017    
    SLICE_X47Y52         FDRE (Setup_fdre_C_D)        0.031    15.048    u_debounceDown/timer_reg[7]
  -------------------------------------------------------------------
                         required time                         15.048    
                         arrival time                          -9.509    
  -------------------------------------------------------------------
                         slack                                  5.539    

Slack (MET) :             5.543ns  (required time - arrival time)
  Source:                 u_debounceAlu/timer_reg[0]/C
                            (rising edge-triggered cell FDRE clocked by sys_clk_pin  {rise@0.000ns fall@5.000ns period=10.000ns})
  Destination:            u_debounceAlu/timer_reg[14]/D
                            (rising edge-triggered cell FDRE clocked by sys_clk_pin  {rise@0.000ns fall@5.000ns period=10.000ns})
  Path Group:             sys_clk_pin
  Path Type:              Setup (Max at Slow Process Corner)
  Requirement:            10.000ns  (sys_clk_pin rise@10.000ns - sys_clk_pin rise@0.000ns)
  Data Path Delay:        4.426ns  (logic 1.182ns (26.704%)  route 3.244ns (73.296%))
  Logic Levels:           4  (LUT2=1 LUT4=1 LUT6=2)
  Clock Path Skew:        -0.026ns (DCD - SCD + CPR)
    Destination Clock Delay (DCD):    4.776ns = ( 14.776 - 10.000 ) 
    Source Clock Delay      (SCD):    5.075ns
    Clock Pessimism Removal (CPR):    0.273ns
  Clock Uncertainty:      0.035ns  ((TSJ^2 + TIJ^2)^1/2 + DJ) / 2 + PE
    Total System Jitter     (TSJ):    0.071ns
    Total Input Jitter      (TIJ):    0.000ns
    Discrete Jitter          (DJ):    0.000ns
    Phase Error              (PE):    0.000ns

    Location             Delay type                Incr(ns)  Path(ns)    Netlist Resource(s)
  -------------------------------------------------------------------    -------------------
                         (clock sys_clk_pin rise edge)
                                                      0.000     0.000 r  
    W5                                                0.000     0.000 r  clk (IN)
                         net (fo=0)                   0.000     0.000    clk
    W5                   IBUF (Prop_ibuf_I_O)         1.458     1.458 r  clk_IBUF_inst/O
                         net (fo=1, routed)           1.967     3.425    clk_IBUF
    BUFGCTRL_X0Y1        BUFG (Prop_bufg_I_O)         0.096     3.521 r  clk_IBUF_BUFG_inst/O
                         net (fo=144, routed)         1.554     5.075    u_debounceAlu/clk_IBUF_BUFG
    SLICE_X36Y51         FDRE                                         r  u_debounceAlu/timer_reg[0]/C
  -------------------------------------------------------------------    -------------------
    SLICE_X36Y51         FDRE (Prop_fdre_C_Q)         0.456     5.531 f  u_debounceAlu/timer_reg[0]/Q
                         net (fo=3, routed)           1.273     6.804    u_debounceAlu/timer_reg_n_0_[0]
    SLICE_X36Y51         LUT4 (Prop_lut4_I1_O)        0.152     6.956 r  u_debounceAlu/timer[19]_i_7__0/O
                         net (fo=1, routed)           0.441     7.397    u_debounceAlu/timer[19]_i_7__0_n_0
    SLICE_X36Y51         LUT6 (Prop_lut6_I5_O)        0.326     7.723 r  u_debounceAlu/timer[19]_i_5__0/O
                         net (fo=1, routed)           0.579     8.302    u_debounceAlu/timer[19]_i_5__0_n_0
    SLICE_X36Y52         LUT6 (Prop_lut6_I5_O)        0.124     8.426 f  u_debounceAlu/timer[19]_i_3__0/O
                         net (fo=20, routed)          0.952     9.377    u_debounceAlu/timer[19]_i_3__0_n_0
    SLICE_X36Y53         LUT2 (Prop_lut2_I1_O)        0.124     9.501 r  u_debounceAlu/timer[14]_i_1__0/O
                         net (fo=1, routed)           0.000     9.501    u_debounceAlu/timer[14]
    SLICE_X36Y53         FDRE                                         r  u_debounceAlu/timer_reg[14]/D
  -------------------------------------------------------------------    -------------------

                         (clock sys_clk_pin rise edge)
                                                     10.000    10.000 r  
    W5                                                0.000    10.000 r  clk (IN)
                         net (fo=0)                   0.000    10.000    clk
    W5                   IBUF (Prop_ibuf_I_O)         1.388    11.388 r  clk_IBUF_inst/O
                         net (fo=1, routed)           1.862    13.250    clk_IBUF
    BUFGCTRL_X0Y1        BUFG (Prop_bufg_I_O)         0.091    13.341 r  clk_IBUF_BUFG_inst/O
                         net (fo=144, routed)         1.435    14.776    u_debounceAlu/clk_IBUF_BUFG
    SLICE_X36Y53         FDRE                                         r  u_debounceAlu/timer_reg[14]/C
                         clock pessimism              0.273    15.049    
                         clock uncertainty           -0.035    15.014    
    SLICE_X36Y53         FDRE (Setup_fdre_C_D)        0.031    15.045    u_debounceAlu/timer_reg[14]
  -------------------------------------------------------------------
                         required time                         15.045    
                         arrival time                          -9.501    
  -------------------------------------------------------------------
                         slack                                  5.543    

Slack (MET) :             5.549ns  (required time - arrival time)
  Source:                 u_divider/counter_reg[19]/C
                            (rising edge-triggered cell FDCE clocked by sys_clk_pin  {rise@0.000ns fall@5.000ns period=10.000ns})
  Destination:            u_divider/counter_reg[25]/D
                            (rising edge-triggered cell FDCE clocked by sys_clk_pin  {rise@0.000ns fall@5.000ns period=10.000ns})
  Path Group:             sys_clk_pin
  Path Type:              Setup (Max at Slow Process Corner)
  Requirement:            10.000ns  (sys_clk_pin rise@10.000ns - sys_clk_pin rise@0.000ns)
  Data Path Delay:        4.466ns  (logic 1.102ns (24.675%)  route 3.364ns (75.325%))
  Logic Levels:           5  (LUT2=1 LUT4=1 LUT5=1 LUT6=2)
  Clock Path Skew:        -0.025ns (DCD - SCD + CPR)
    Destination Clock Delay (DCD):    4.786ns = ( 14.786 - 10.000 ) 
    Source Clock Delay      (SCD):    5.086ns
    Clock Pessimism Removal (CPR):    0.275ns
  Clock Uncertainty:      0.035ns  ((TSJ^2 + TIJ^2)^1/2 + DJ) / 2 + PE
    Total System Jitter     (TSJ):    0.071ns
    Total Input Jitter      (TIJ):    0.000ns
    Discrete Jitter          (DJ):    0.000ns
    Phase Error              (PE):    0.000ns

    Location             Delay type                Incr(ns)  Path(ns)    Netlist Resource(s)
  -------------------------------------------------------------------    -------------------
                         (clock sys_clk_pin rise edge)
                                                      0.000     0.000 r  
    W5                                                0.000     0.000 r  clk (IN)
                         net (fo=0)                   0.000     0.000    clk
    W5                   IBUF (Prop_ibuf_I_O)         1.458     1.458 r  clk_IBUF_inst/O
                         net (fo=1, routed)           1.967     3.425    clk_IBUF
    BUFGCTRL_X0Y1        BUFG (Prop_bufg_I_O)         0.096     3.521 r  clk_IBUF_BUFG_inst/O
                         net (fo=144, routed)         1.565     5.086    u_divider/clk_IBUF_BUFG
    SLICE_X31Y45         FDCE                                         r  u_divider/counter_reg[19]/C
  -------------------------------------------------------------------    -------------------
    SLICE_X31Y45         FDCE (Prop_fdce_C_Q)         0.456     5.542 f  u_divider/counter_reg[19]/Q
                         net (fo=2, routed)           0.700     6.243    u_divider/counter[19]
    SLICE_X31Y45         LUT4 (Prop_lut4_I0_O)        0.124     6.367 r  u_divider/counter[25]_i_7/O
                         net (fo=1, routed)           0.431     6.797    u_divider/counter[25]_i_7_n_0
    SLICE_X31Y44         LUT5 (Prop_lut5_I4_O)        0.124     6.921 r  u_divider/counter[25]_i_6/O
                         net (fo=1, routed)           0.575     7.496    u_divider/counter[25]_i_6_n_0
    SLICE_X31Y42         LUT6 (Prop_lut6_I5_O)        0.124     7.620 r  u_divider/counter[25]_i_3/O
                         net (fo=1, routed)           0.263     7.883    u_divider/counter[25]_i_3_n_0
    SLICE_X31Y42         LUT6 (Prop_lut6_I0_O)        0.124     8.007 r  u_divider/counter[25]_i_2/O
                         net (fo=26, routed)          1.395     9.402    u_divider/counter[25]_i_2_n_0
    SLICE_X31Y46         LUT2 (Prop_lut2_I0_O)        0.150     9.552 r  u_divider/counter[25]_i_1/O
                         net (fo=1, routed)           0.000     9.552    u_divider/counter_0[25]
    SLICE_X31Y46         FDCE                                         r  u_divider/counter_reg[25]/D
  -------------------------------------------------------------------    -------------------

                         (clock sys_clk_pin rise edge)
                                                     10.000    10.000 r  
    W5                                                0.000    10.000 r  clk (IN)
                         net (fo=0)                   0.000    10.000    clk
    W5                   IBUF (Prop_ibuf_I_O)         1.388    11.388 r  clk_IBUF_inst/O
                         net (fo=1, routed)           1.862    13.250    clk_IBUF
    BUFGCTRL_X0Y1        BUFG (Prop_bufg_I_O)         0.091    13.341 r  clk_IBUF_BUFG_inst/O
                         net (fo=144, routed)         1.445    14.786    u_divider/clk_IBUF_BUFG
    SLICE_X31Y46         FDCE                                         r  u_divider/counter_reg[25]/C
                         clock pessimism              0.275    15.061    
                         clock uncertainty           -0.035    15.026    
    SLICE_X31Y46         FDCE (Setup_fdce_C_D)        0.075    15.101    u_divider/counter_reg[25]
  -------------------------------------------------------------------
                         required time                         15.101    
                         arrival time                          -9.552    
  -------------------------------------------------------------------
                         slack                                  5.549    





Min Delay Paths
--------------------------------------------------------------------------------------
Slack (MET) :             0.198ns  (arrival time - required time)
  Source:                 u_debounceDown/pbout_reg/C
                            (rising edge-triggered cell FDRE clocked by sys_clk_pin  {rise@0.000ns fall@5.000ns period=10.000ns})
  Destination:            mode32bit_reg/D
                            (rising edge-triggered cell FDCE clocked by sys_clk_pin  {rise@0.000ns fall@5.000ns period=10.000ns})
  Path Group:             sys_clk_pin
  Path Type:              Hold (Min at Fast Process Corner)
  Requirement:            0.000ns  (sys_clk_pin rise@0.000ns - sys_clk_pin rise@0.000ns)
  Data Path Delay:        0.302ns  (logic 0.209ns (69.158%)  route 0.093ns (30.842%))
  Logic Levels:           1  (LUT2=1)
  Clock Path Skew:        0.013ns (DCD - SCD - CPR)
    Destination Clock Delay (DCD):    1.958ns
    Source Clock Delay      (SCD):    1.444ns
    Clock Pessimism Removal (CPR):    0.501ns

    Location             Delay type                Incr(ns)  Path(ns)    Netlist Resource(s)
  -------------------------------------------------------------------    -------------------
                         (clock sys_clk_pin rise edge)
                                                      0.000     0.000 r  
    W5                                                0.000     0.000 r  clk (IN)
                         net (fo=0)                   0.000     0.000    clk
    W5                   IBUF (Prop_ibuf_I_O)         0.226     0.226 r  clk_IBUF_inst/O
                         net (fo=1, routed)           0.631     0.858    clk_IBUF
    BUFGCTRL_X0Y1        BUFG (Prop_bufg_I_O)         0.026     0.884 r  clk_IBUF_BUFG_inst/O
                         net (fo=144, routed)         0.561     1.444    u_debounceDown/clk_IBUF_BUFG
    SLICE_X42Y55         FDRE                                         r  u_debounceDown/pbout_reg/C
  -------------------------------------------------------------------    -------------------
    SLICE_X42Y55         FDRE (Prop_fdre_C_Q)         0.164     1.608 r  u_debounceDown/pbout_reg/Q
                         net (fo=3, routed)           0.093     1.701    u_debounceDown/pbout_reg_n_0
    SLICE_X43Y55         LUT2 (Prop_lut2_I0_O)        0.045     1.746 r  u_debounceDown/mode32bit_i_1/O
                         net (fo=1, routed)           0.000     1.746    u_debounceDown_n_0
    SLICE_X43Y55         FDCE                                         r  mode32bit_reg/D
  -------------------------------------------------------------------    -------------------

                         (clock sys_clk_pin rise edge)
                                                      0.000     0.000 r  
    W5                                                0.000     0.000 r  clk (IN)
                         net (fo=0)                   0.000     0.000    clk
    W5                   IBUF (Prop_ibuf_I_O)         0.414     0.414 r  clk_IBUF_inst/O
                         net (fo=1, routed)           0.685     1.099    clk_IBUF
    BUFGCTRL_X0Y1        BUFG (Prop_bufg_I_O)         0.029     1.128 r  clk_IBUF_BUFG_inst/O
                         net (fo=144, routed)         0.831     1.958    clk_IBUF_BUFG
    SLICE_X43Y55         FDCE                                         r  mode32bit_reg/C
                         clock pessimism             -0.501     1.457    
    SLICE_X43Y55         FDCE (Hold_fdce_C_D)         0.091     1.548    mode32bit_reg
  -------------------------------------------------------------------
                         required time                         -1.548    
                         arrival time                           1.746    
  -------------------------------------------------------------------
                         slack                                  0.198    

Slack (MET) :             0.235ns  (arrival time - required time)
  Source:                 u_debounceDown/sync_reg[0]/C
                            (rising edge-triggered cell FDRE clocked by sys_clk_pin  {rise@0.000ns fall@5.000ns period=10.000ns})
  Destination:            u_debounceDown/sync_reg[1]/D
                            (rising edge-triggered cell FDRE clocked by sys_clk_pin  {rise@0.000ns fall@5.000ns period=10.000ns})
  Path Group:             sys_clk_pin
  Path Type:              Hold (Min at Fast Process Corner)
  Requirement:            0.000ns  (sys_clk_pin rise@0.000ns - sys_clk_pin rise@0.000ns)
  Data Path Delay:        0.247ns  (logic 0.128ns (51.736%)  route 0.119ns (48.264%))
  Logic Levels:           0  
  Clock Path Skew:        0.000ns (DCD - SCD - CPR)
    Destination Clock Delay (DCD):    1.958ns
    Source Clock Delay      (SCD):    1.444ns
    Clock Pessimism Removal (CPR):    0.514ns

    Location             Delay type                Incr(ns)  Path(ns)    Netlist Resource(s)
  -------------------------------------------------------------------    -------------------
                         (clock sys_clk_pin rise edge)
                                                      0.000     0.000 r  
    W5                                                0.000     0.000 r  clk (IN)
                         net (fo=0)                   0.000     0.000    clk
    W5                   IBUF (Prop_ibuf_I_O)         0.226     0.226 r  clk_IBUF_inst/O
                         net (fo=1, routed)           0.631     0.858    clk_IBUF
    BUFGCTRL_X0Y1        BUFG (Prop_bufg_I_O)         0.026     0.884 r  clk_IBUF_BUFG_inst/O
                         net (fo=144, routed)         0.561     1.444    u_debounceDown/clk_IBUF_BUFG
    SLICE_X41Y53         FDRE                                         r  u_debounceDown/sync_reg[0]/C
  -------------------------------------------------------------------    -------------------
    SLICE_X41Y53         FDRE (Prop_fdre_C_Q)         0.128     1.572 r  u_debounceDown/sync_reg[0]/Q
                         net (fo=1, routed)           0.119     1.692    u_debounceDown/sync_reg_n_0_[0]
    SLICE_X41Y53         FDRE                                         r  u_debounceDown/sync_reg[1]/D
  -------------------------------------------------------------------    -------------------

                         (clock sys_clk_pin rise edge)
                                                      0.000     0.000 r  
    W5                                                0.000     0.000 r  clk (IN)
                         net (fo=0)                   0.000     0.000    clk
    W5                   IBUF (Prop_ibuf_I_O)         0.414     0.414 r  clk_IBUF_inst/O
                         net (fo=1, routed)           0.685     1.099    clk_IBUF
    BUFGCTRL_X0Y1        BUFG (Prop_bufg_I_O)         0.029     1.128 r  clk_IBUF_BUFG_inst/O
                         net (fo=144, routed)         0.831     1.958    u_debounceDown/clk_IBUF_BUFG
    SLICE_X41Y53         FDRE                                         r  u_debounceDown/sync_reg[1]/C
                         clock pessimism             -0.514     1.444    
    SLICE_X41Y53         FDRE (Hold_fdre_C_D)         0.012     1.456    u_debounceDown/sync_reg[1]
  -------------------------------------------------------------------
                         required time                         -1.456    
                         arrival time                           1.692    
  -------------------------------------------------------------------
                         slack                                  0.235    

Slack (MET) :             0.236ns  (arrival time - required time)
  Source:                 u_debounce/sync_reg[0]/C
                            (rising edge-triggered cell FDRE clocked by sys_clk_pin  {rise@0.000ns fall@5.000ns period=10.000ns})
  Destination:            u_debounce/sync_reg[1]/D
                            (rising edge-triggered cell FDRE clocked by sys_clk_pin  {rise@0.000ns fall@5.000ns period=10.000ns})
  Path Group:             sys_clk_pin
  Path Type:              Hold (Min at Fast Process Corner)
  Requirement:            0.000ns  (sys_clk_pin rise@0.000ns - sys_clk_pin rise@0.000ns)
  Data Path Delay:        0.315ns  (logic 0.141ns (44.783%)  route 0.174ns (55.217%))
  Logic Levels:           0  
  Clock Path Skew:        0.013ns (DCD - SCD - CPR)
    Destination Clock Delay (DCD):    1.960ns
    Source Clock Delay      (SCD):    1.447ns
    Clock Pessimism Removal (CPR):    0.500ns

    Location             Delay type                Incr(ns)  Path(ns)    Netlist Resource(s)
  -------------------------------------------------------------------    -------------------
                         (clock sys_clk_pin rise edge)
                                                      0.000     0.000 r  
    W5                                                0.000     0.000 r  clk (IN)
                         net (fo=0)                   0.000     0.000    clk
    W5                   IBUF (Prop_ibuf_I_O)         0.226     0.226 r  clk_IBUF_inst/O
                         net (fo=1, routed)           0.631     0.858    clk_IBUF
    BUFGCTRL_X0Y1        BUFG (Prop_bufg_I_O)         0.026     0.884 r  clk_IBUF_BUFG_inst/O
                         net (fo=144, routed)         0.564     1.447    u_debounce/clk_IBUF_BUFG
    SLICE_X36Y48         FDRE                                         r  u_debounce/sync_reg[0]/C
  -------------------------------------------------------------------    -------------------
    SLICE_X36Y48         FDRE (Prop_fdre_C_Q)         0.141     1.588 r  u_debounce/sync_reg[0]/Q
                         net (fo=1, routed)           0.174     1.762    u_debounce/sync_reg_n_0_[0]
    SLICE_X37Y48         FDRE                                         r  u_debounce/sync_reg[1]/D
  -------------------------------------------------------------------    -------------------

                         (clock sys_clk_pin rise edge)
                                                      0.000     0.000 r  
    W5                                                0.000     0.000 r  clk (IN)
                         net (fo=0)                   0.000     0.000    clk
    W5                   IBUF (Prop_ibuf_I_O)         0.414     0.414 r  clk_IBUF_inst/O
                         net (fo=1, routed)           0.685     1.099    clk_IBUF
    BUFGCTRL_X0Y1        BUFG (Prop_bufg_I_O)         0.029     1.128 r  clk_IBUF_BUFG_inst/O
                         net (fo=144, routed)         0.833     1.960    u_debounce/clk_IBUF_BUFG
    SLICE_X37Y48         FDRE                                         r  u_debounce/sync_reg[1]/C
                         clock pessimism             -0.500     1.460    
    SLICE_X37Y48         FDRE (Hold_fdre_C_D)         0.066     1.526    u_debounce/sync_reg[1]
  -------------------------------------------------------------------
                         required time                         -1.526    
                         arrival time                           1.762    
  -------------------------------------------------------------------
                         slack                                  0.236    

Slack (MET) :             0.246ns  (arrival time - required time)
  Source:                 u_debounce/timer_reg[0]/C
                            (rising edge-triggered cell FDRE clocked by sys_clk_pin  {rise@0.000ns fall@5.000ns period=10.000ns})
  Destination:            u_debounce/timer_reg[0]/D
                            (rising edge-triggered cell FDRE clocked by sys_clk_pin  {rise@0.000ns fall@5.000ns period=10.000ns})
  Path Group:             sys_clk_pin
  Path Type:              Hold (Min at Fast Process Corner)
  Requirement:            0.000ns  (sys_clk_pin rise@0.000ns - sys_clk_pin rise@0.000ns)
  Data Path Delay:        0.351ns  (logic 0.183ns (52.101%)  route 0.168ns (47.899%))
  Logic Levels:           1  (LUT1=1)
  Clock Path Skew:        0.000ns (DCD - SCD - CPR)
    Destination Clock Delay (DCD):    1.960ns
    Source Clock Delay      (SCD):    1.446ns
    Clock Pessimism Removal (CPR):    0.514ns

    Location             Delay type                Incr(ns)  Path(ns)    Netlist Resource(s)
  -------------------------------------------------------------------    -------------------
                         (clock sys_clk_pin rise edge)
                                                      0.000     0.000 r  
    W5                                                0.000     0.000 r  clk (IN)
                         net (fo=0)                   0.000     0.000    clk
    W5                   IBUF (Prop_ibuf_I_O)         0.226     0.226 r  clk_IBUF_inst/O
                         net (fo=1, routed)           0.631     0.858    clk_IBUF
    BUFGCTRL_X0Y1        BUFG (Prop_bufg_I_O)         0.026     0.884 r  clk_IBUF_BUFG_inst/O
                         net (fo=144, routed)         0.563     1.446    u_debounce/clk_IBUF_BUFG
    SLICE_X41Y46         FDRE                                         r  u_debounce/timer_reg[0]/C
  -------------------------------------------------------------------    -------------------
    SLICE_X41Y46         FDRE (Prop_fdre_C_Q)         0.141     1.587 f  u_debounce/timer_reg[0]/Q
                         net (fo=3, routed)           0.168     1.755    u_debounce/timer[0]
    SLICE_X41Y46         LUT1 (Prop_lut1_I0_O)        0.042     1.797 r  u_debounce/timer[0]_i_1/O
                         net (fo=1, routed)           0.000     1.797    u_debounce/timer_0[0]
    SLICE_X41Y46         FDRE                                         r  u_debounce/timer_reg[0]/D
  -------------------------------------------------------------------    -------------------

                         (clock sys_clk_pin rise edge)
                                                      0.000     0.000 r  
    W5                                                0.000     0.000 r  clk (IN)
                         net (fo=0)                   0.000     0.000    clk
    W5                   IBUF (Prop_ibuf_I_O)         0.414     0.414 r  clk_IBUF_inst/O
                         net (fo=1, routed)           0.685     1.099    clk_IBUF
    BUFGCTRL_X0Y1        BUFG (Prop_bufg_I_O)         0.029     1.128 r  clk_IBUF_BUFG_inst/O
                         net (fo=144, routed)         0.833     1.960    u_debounce/clk_IBUF_BUFG
    SLICE_X41Y46         FDRE                                         r  u_debounce/timer_reg[0]/C
                         clock pessimism             -0.514     1.446    
    SLICE_X41Y46         FDRE (Hold_fdre_C_D)         0.105     1.551    u_debounce/timer_reg[0]
  -------------------------------------------------------------------
                         required time                         -1.551    
                         arrival time                           1.797    
  -------------------------------------------------------------------
                         slack                                  0.246    

Slack (MET) :             0.257ns  (arrival time - required time)
  Source:                 u_debounceLeft/sync_reg[0]/C
                            (rising edge-triggered cell FDRE clocked by sys_clk_pin  {rise@0.000ns fall@5.000ns period=10.000ns})
  Destination:            u_debounceLeft/sync_reg[1]/D
                            (rising edge-triggered cell FDRE clocked by sys_clk_pin  {rise@0.000ns fall@5.000ns period=10.000ns})
  Path Group:             sys_clk_pin
  Path Type:              Hold (Min at Fast Process Corner)
  Requirement:            0.000ns  (sys_clk_pin rise@0.000ns - sys_clk_pin rise@0.000ns)
  Data Path Delay:        0.362ns  (logic 0.141ns (38.977%)  route 0.221ns (61.023%))
  Logic Levels:           0  
  Clock Path Skew:        0.035ns (DCD - SCD - CPR)
    Destination Clock Delay (DCD):    1.958ns
    Source Clock Delay      (SCD):    1.445ns
    Clock Pessimism Removal (CPR):    0.478ns

    Location             Delay type                Incr(ns)  Path(ns)    Netlist Resource(s)
  -------------------------------------------------------------------    -------------------
                         (clock sys_clk_pin rise edge)
                                                      0.000     0.000 r  
    W5                                                0.000     0.000 r  clk (IN)
                         net (fo=0)                   0.000     0.000    clk
    W5                   IBUF (Prop_ibuf_I_O)         0.226     0.226 r  clk_IBUF_inst/O
                         net (fo=1, routed)           0.631     0.858    clk_IBUF
    BUFGCTRL_X0Y1        BUFG (Prop_bufg_I_O)         0.026     0.884 r  clk_IBUF_BUFG_inst/O
                         net (fo=144, routed)         0.562     1.445    u_debounceLeft/clk_IBUF_BUFG
    SLICE_X37Y52         FDRE                                         r  u_debounceLeft/sync_reg[0]/C
  -------------------------------------------------------------------    -------------------
    SLICE_X37Y52         FDRE (Prop_fdre_C_Q)         0.141     1.586 r  u_debounceLeft/sync_reg[0]/Q
                         net (fo=1, routed)           0.221     1.807    u_debounceLeft/sync_reg_n_0_[0]
    SLICE_X41Y53         FDRE                                         r  u_debounceLeft/sync_reg[1]/D
  -------------------------------------------------------------------    -------------------

                         (clock sys_clk_pin rise edge)
                                                      0.000     0.000 r  
    W5                                                0.000     0.000 r  clk (IN)
                         net (fo=0)                   0.000     0.000    clk
    W5                   IBUF (Prop_ibuf_I_O)         0.414     0.414 r  clk_IBUF_inst/O
                         net (fo=1, routed)           0.685     1.099    clk_IBUF
    BUFGCTRL_X0Y1        BUFG (Prop_bufg_I_O)         0.029     1.128 r  clk_IBUF_BUFG_inst/O
                         net (fo=144, routed)         0.831     1.958    u_debounceLeft/clk_IBUF_BUFG
    SLICE_X41Y53         FDRE                                         r  u_debounceLeft/sync_reg[1]/C
                         clock pessimism             -0.478     1.480    
    SLICE_X41Y53         FDRE (Hold_fdre_C_D)         0.070     1.550    u_debounceLeft/sync_reg[1]
  -------------------------------------------------------------------
                         required time                         -1.550    
                         arrival time                           1.807    
  -------------------------------------------------------------------
                         slack                                  0.257    

Slack (MET) :             0.268ns  (arrival time - required time)
  Source:                 u_sevenSeg/refreshCounter_reg[6]/C
                            (rising edge-triggered cell FDCE clocked by sys_clk_pin  {rise@0.000ns fall@5.000ns period=10.000ns})
  Destination:            u_sevenSeg/refreshCounter_reg[6]/D
                            (rising edge-triggered cell FDCE clocked by sys_clk_pin  {rise@0.000ns fall@5.000ns period=10.000ns})
  Path Group:             sys_clk_pin
  Path Type:              Hold (Min at Fast Process Corner)
  Requirement:            0.000ns  (sys_clk_pin rise@0.000ns - sys_clk_pin rise@0.000ns)
  Data Path Delay:        0.373ns  (logic 0.252ns (67.478%)  route 0.121ns (32.522%))
  Logic Levels:           1  (CARRY4=1)
  Clock Path Skew:        0.000ns (DCD - SCD - CPR)
    Destination Clock Delay (DCD):    1.959ns
    Source Clock Delay      (SCD):    1.445ns
    Clock Pessimism Removal (CPR):    0.514ns

    Location             Delay type                Incr(ns)  Path(ns)    Netlist Resource(s)
  -------------------------------------------------------------------    -------------------
                         (clock sys_clk_pin rise edge)
                                                      0.000     0.000 r  
    W5                                                0.000     0.000 r  clk (IN)
                         net (fo=0)                   0.000     0.000    clk
    W5                   IBUF (Prop_ibuf_I_O)         0.226     0.226 r  clk_IBUF_inst/O
                         net (fo=1, routed)           0.631     0.858    clk_IBUF
    BUFGCTRL_X0Y1        BUFG (Prop_bufg_I_O)         0.026     0.884 r  clk_IBUF_BUFG_inst/O
                         net (fo=144, routed)         0.562     1.445    u_sevenSeg/clk_IBUF_BUFG
    SLICE_X48Y89         FDCE                                         r  u_sevenSeg/refreshCounter_reg[6]/C
  -------------------------------------------------------------------    -------------------
    SLICE_X48Y89         FDCE (Prop_fdce_C_Q)         0.141     1.586 r  u_sevenSeg/refreshCounter_reg[6]/Q
                         net (fo=1, routed)           0.121     1.708    u_sevenSeg/refreshCounter_reg_n_0_[6]
    SLICE_X48Y89         CARRY4 (Prop_carry4_S[2]_O[2])
                                                      0.111     1.819 r  u_sevenSeg/refreshCounter_reg[4]_i_1/O[2]
                         net (fo=1, routed)           0.000     1.819    u_sevenSeg/refreshCounter_reg[4]_i_1_n_5
    SLICE_X48Y89         FDCE                                         r  u_sevenSeg/refreshCounter_reg[6]/D
  -------------------------------------------------------------------    -------------------

                         (clock sys_clk_pin rise edge)
                                                      0.000     0.000 r  
    W5                                                0.000     0.000 r  clk (IN)
                         net (fo=0)                   0.000     0.000    clk
    W5                   IBUF (Prop_ibuf_I_O)         0.414     0.414 r  clk_IBUF_inst/O
                         net (fo=1, routed)           0.685     1.099    clk_IBUF
    BUFGCTRL_X0Y1        BUFG (Prop_bufg_I_O)         0.029     1.128 r  clk_IBUF_BUFG_inst/O
                         net (fo=144, routed)         0.831     1.959    u_sevenSeg/clk_IBUF_BUFG
    SLICE_X48Y89         FDCE                                         r  u_sevenSeg/refreshCounter_reg[6]/C
                         clock pessimism             -0.514     1.445    
    SLICE_X48Y89         FDCE (Hold_fdce_C_D)         0.105     1.550    u_sevenSeg/refreshCounter_reg[6]
  -------------------------------------------------------------------
                         required time                         -1.550    
                         arrival time                           1.819    
  -------------------------------------------------------------------
                         slack                                  0.268    

Slack (MET) :             0.268ns  (arrival time - required time)
  Source:                 u_sevenSeg/refreshCounter_reg[10]/C
                            (rising edge-triggered cell FDCE clocked by sys_clk_pin  {rise@0.000ns fall@5.000ns period=10.000ns})
  Destination:            u_sevenSeg/refreshCounter_reg[10]/D
                            (rising edge-triggered cell FDCE clocked by sys_clk_pin  {rise@0.000ns fall@5.000ns period=10.000ns})
  Path Group:             sys_clk_pin
  Path Type:              Hold (Min at Fast Process Corner)
  Requirement:            0.000ns  (sys_clk_pin rise@0.000ns - sys_clk_pin rise@0.000ns)
  Data Path Delay:        0.373ns  (logic 0.252ns (67.478%)  route 0.121ns (32.522%))
  Logic Levels:           1  (CARRY4=1)
  Clock Path Skew:        0.000ns (DCD - SCD - CPR)
    Destination Clock Delay (DCD):    1.960ns
    Source Clock Delay      (SCD):    1.446ns
    Clock Pessimism Removal (CPR):    0.514ns

    Location             Delay type                Incr(ns)  Path(ns)    Netlist Resource(s)
  -------------------------------------------------------------------    -------------------
                         (clock sys_clk_pin rise edge)
                                                      0.000     0.000 r  
    W5                                                0.000     0.000 r  clk (IN)
                         net (fo=0)                   0.000     0.000    clk
    W5                   IBUF (Prop_ibuf_I_O)         0.226     0.226 r  clk_IBUF_inst/O
                         net (fo=1, routed)           0.631     0.858    clk_IBUF
    BUFGCTRL_X0Y1        BUFG (Prop_bufg_I_O)         0.026     0.884 r  clk_IBUF_BUFG_inst/O
                         net (fo=144, routed)         0.563     1.446    u_sevenSeg/clk_IBUF_BUFG
    SLICE_X48Y90         FDCE                                         r  u_sevenSeg/refreshCounter_reg[10]/C
  -------------------------------------------------------------------    -------------------
    SLICE_X48Y90         FDCE (Prop_fdce_C_Q)         0.141     1.587 r  u_sevenSeg/refreshCounter_reg[10]/Q
                         net (fo=1, routed)           0.121     1.709    u_sevenSeg/refreshCounter_reg_n_0_[10]
    SLICE_X48Y90         CARRY4 (Prop_carry4_S[2]_O[2])
                                                      0.111     1.820 r  u_sevenSeg/refreshCounter_reg[8]_i_1/O[2]
                         net (fo=1, routed)           0.000     1.820    u_sevenSeg/refreshCounter_reg[8]_i_1_n_5
    SLICE_X48Y90         FDCE                                         r  u_sevenSeg/refreshCounter_reg[10]/D
  -------------------------------------------------------------------    -------------------

                         (clock sys_clk_pin rise edge)
                                                      0.000     0.000 r  
    W5                                                0.000     0.000 r  clk (IN)
                         net (fo=0)                   0.000     0.000    clk
    W5                   IBUF (Prop_ibuf_I_O)         0.414     0.414 r  clk_IBUF_inst/O
                         net (fo=1, routed)           0.685     1.099    clk_IBUF
    BUFGCTRL_X0Y1        BUFG (Prop_bufg_I_O)         0.029     1.128 r  clk_IBUF_BUFG_inst/O
                         net (fo=144, routed)         0.832     1.960    u_sevenSeg/clk_IBUF_BUFG
    SLICE_X48Y90         FDCE                                         r  u_sevenSeg/refreshCounter_reg[10]/C
                         clock pessimism             -0.514     1.446    
    SLICE_X48Y90         FDCE (Hold_fdce_C_D)         0.105     1.551    u_sevenSeg/refreshCounter_reg[10]
  -------------------------------------------------------------------
                         required time                         -1.551    
                         arrival time                           1.820    
  -------------------------------------------------------------------
                         slack                                  0.268    

Slack (MET) :             0.268ns  (arrival time - required time)
  Source:                 u_sevenSeg/refreshCounter_reg[14]/C
                            (rising edge-triggered cell FDCE clocked by sys_clk_pin  {rise@0.000ns fall@5.000ns period=10.000ns})
  Destination:            u_sevenSeg/refreshCounter_reg[14]/D
                            (rising edge-triggered cell FDCE clocked by sys_clk_pin  {rise@0.000ns fall@5.000ns period=10.000ns})
  Path Group:             sys_clk_pin
  Path Type:              Hold (Min at Fast Process Corner)
  Requirement:            0.000ns  (sys_clk_pin rise@0.000ns - sys_clk_pin rise@0.000ns)
  Data Path Delay:        0.373ns  (logic 0.252ns (67.478%)  route 0.121ns (32.522%))
  Logic Levels:           1  (CARRY4=1)
  Clock Path Skew:        0.000ns (DCD - SCD - CPR)
    Destination Clock Delay (DCD):    1.960ns
    Source Clock Delay      (SCD):    1.446ns
    Clock Pessimism Removal (CPR):    0.514ns

    Location             Delay type                Incr(ns)  Path(ns)    Netlist Resource(s)
  -------------------------------------------------------------------    -------------------
                         (clock sys_clk_pin rise edge)
                                                      0.000     0.000 r  
    W5                                                0.000     0.000 r  clk (IN)
                         net (fo=0)                   0.000     0.000    clk
    W5                   IBUF (Prop_ibuf_I_O)         0.226     0.226 r  clk_IBUF_inst/O
                         net (fo=1, routed)           0.631     0.858    clk_IBUF
    BUFGCTRL_X0Y1        BUFG (Prop_bufg_I_O)         0.026     0.884 r  clk_IBUF_BUFG_inst/O
                         net (fo=144, routed)         0.563     1.446    u_sevenSeg/clk_IBUF_BUFG
    SLICE_X48Y91         FDCE                                         r  u_sevenSeg/refreshCounter_reg[14]/C
  -------------------------------------------------------------------    -------------------
    SLICE_X48Y91         FDCE (Prop_fdce_C_Q)         0.141     1.587 r  u_sevenSeg/refreshCounter_reg[14]/Q
                         net (fo=1, routed)           0.121     1.709    u_sevenSeg/refreshCounter_reg_n_0_[14]
    SLICE_X48Y91         CARRY4 (Prop_carry4_S[2]_O[2])
                                                      0.111     1.820 r  u_sevenSeg/refreshCounter_reg[12]_i_1/O[2]
                         net (fo=1, routed)           0.000     1.820    u_sevenSeg/refreshCounter_reg[12]_i_1_n_5
    SLICE_X48Y91         FDCE                                         r  u_sevenSeg/refreshCounter_reg[14]/D
  -------------------------------------------------------------------    -------------------

                         (clock sys_clk_pin rise edge)
                                                      0.000     0.000 r  
    W5                                                0.000     0.000 r  clk (IN)
                         net (fo=0)                   0.000     0.000    clk
    W5                   IBUF (Prop_ibuf_I_O)         0.414     0.414 r  clk_IBUF_inst/O
                         net (fo=1, routed)           0.685     1.099    clk_IBUF
    BUFGCTRL_X0Y1        BUFG (Prop_bufg_I_O)         0.029     1.128 r  clk_IBUF_BUFG_inst/O
                         net (fo=144, routed)         0.832     1.960    u_sevenSeg/clk_IBUF_BUFG
    SLICE_X48Y91         FDCE                                         r  u_sevenSeg/refreshCounter_reg[14]/C
                         clock pessimism             -0.514     1.446    
    SLICE_X48Y91         FDCE (Hold_fdce_C_D)         0.105     1.551    u_sevenSeg/refreshCounter_reg[14]
  -------------------------------------------------------------------
                         required time                         -1.551    
                         arrival time                           1.820    
  -------------------------------------------------------------------
                         slack                                  0.268    

Slack (MET) :             0.274ns  (arrival time - required time)
  Source:                 u_debounceLeft/pbout_reg/C
                            (rising edge-triggered cell FDRE clocked by sys_clk_pin  {rise@0.000ns fall@5.000ns period=10.000ns})
  Destination:            u_debounceLeft/pbout_reg/D
                            (rising edge-triggered cell FDRE clocked by sys_clk_pin  {rise@0.000ns fall@5.000ns period=10.000ns})
  Path Group:             sys_clk_pin
  Path Type:              Hold (Min at Fast Process Corner)
  Requirement:            0.000ns  (sys_clk_pin rise@0.000ns - sys_clk_pin rise@0.000ns)
  Data Path Delay:        0.365ns  (logic 0.186ns (50.902%)  route 0.179ns (49.098%))
  Logic Levels:           1  (LUT3=1)
  Clock Path Skew:        0.000ns (DCD - SCD - CPR)
    Destination Clock Delay (DCD):    1.958ns
    Source Clock Delay      (SCD):    1.444ns
    Clock Pessimism Removal (CPR):    0.514ns

    Location             Delay type                Incr(ns)  Path(ns)    Netlist Resource(s)
  -------------------------------------------------------------------    -------------------
                         (clock sys_clk_pin rise edge)
                                                      0.000     0.000 r  
    W5                                                0.000     0.000 r  clk (IN)
                         net (fo=0)                   0.000     0.000    clk
    W5                   IBUF (Prop_ibuf_I_O)         0.226     0.226 r  clk_IBUF_inst/O
                         net (fo=1, routed)           0.631     0.858    clk_IBUF
    BUFGCTRL_X0Y1        BUFG (Prop_bufg_I_O)         0.026     0.884 r  clk_IBUF_BUFG_inst/O
                         net (fo=144, routed)         0.561     1.444    u_debounceLeft/clk_IBUF_BUFG
    SLICE_X41Y53         FDRE                                         r  u_debounceLeft/pbout_reg/C
  -------------------------------------------------------------------    -------------------
    SLICE_X41Y53         FDRE (Prop_fdre_C_Q)         0.141     1.585 r  u_debounceLeft/pbout_reg/Q
                         net (fo=4, routed)           0.179     1.765    u_debounceLeft/pbout_reg_0
    SLICE_X41Y53         LUT3 (Prop_lut3_I1_O)        0.045     1.810 r  u_debounceLeft/pbout_i_1__1/O
                         net (fo=1, routed)           0.000     1.810    u_debounceLeft/pbout_i_1__1_n_0
    SLICE_X41Y53         FDRE                                         r  u_debounceLeft/pbout_reg/D
  -------------------------------------------------------------------    -------------------

                         (clock sys_clk_pin rise edge)
                                                      0.000     0.000 r  
    W5                                                0.000     0.000 r  clk (IN)
                         net (fo=0)                   0.000     0.000    clk
    W5                   IBUF (Prop_ibuf_I_O)         0.414     0.414 r  clk_IBUF_inst/O
                         net (fo=1, routed)           0.685     1.099    clk_IBUF
    BUFGCTRL_X0Y1        BUFG (Prop_bufg_I_O)         0.029     1.128 r  clk_IBUF_BUFG_inst/O
                         net (fo=144, routed)         0.831     1.958    u_debounceLeft/clk_IBUF_BUFG
    SLICE_X41Y53         FDRE                                         r  u_debounceLeft/pbout_reg/C
                         clock pessimism             -0.514     1.444    
    SLICE_X41Y53         FDRE (Hold_fdre_C_D)         0.091     1.535    u_debounceLeft/pbout_reg
  -------------------------------------------------------------------
                         required time                         -1.535    
                         arrival time                           1.810    
  -------------------------------------------------------------------
                         slack                                  0.274    

Slack (MET) :             0.301ns  (arrival time - required time)
  Source:                 u_sevenSeg/refreshCounter_reg[6]/C
                            (rising edge-triggered cell FDCE clocked by sys_clk_pin  {rise@0.000ns fall@5.000ns period=10.000ns})
  Destination:            u_sevenSeg/refreshCounter_reg[7]/D
                            (rising edge-triggered cell FDCE clocked by sys_clk_pin  {rise@0.000ns fall@5.000ns period=10.000ns})
  Path Group:             sys_clk_pin
  Path Type:              Hold (Min at Fast Process Corner)
  Requirement:            0.000ns  (sys_clk_pin rise@0.000ns - sys_clk_pin rise@0.000ns)
  Data Path Delay:        0.406ns  (logic 0.285ns (70.118%)  route 0.121ns (29.882%))
  Logic Levels:           1  (CARRY4=1)
  Clock Path Skew:        0.000ns (DCD - SCD - CPR)
    Destination Clock Delay (DCD):    1.959ns
    Source Clock Delay      (SCD):    1.445ns
    Clock Pessimism Removal (CPR):    0.514ns

    Location             Delay type                Incr(ns)  Path(ns)    Netlist Resource(s)
  -------------------------------------------------------------------    -------------------
                         (clock sys_clk_pin rise edge)
                                                      0.000     0.000 r  
    W5                                                0.000     0.000 r  clk (IN)
                         net (fo=0)                   0.000     0.000    clk
    W5                   IBUF (Prop_ibuf_I_O)         0.226     0.226 r  clk_IBUF_inst/O
                         net (fo=1, routed)           0.631     0.858    clk_IBUF
    BUFGCTRL_X0Y1        BUFG (Prop_bufg_I_O)         0.026     0.884 r  clk_IBUF_BUFG_inst/O
                         net (fo=144, routed)         0.562     1.445    u_sevenSeg/clk_IBUF_BUFG
    SLICE_X48Y89         FDCE                                         r  u_sevenSeg/refreshCounter_reg[6]/C
  -------------------------------------------------------------------    -------------------
    SLICE_X48Y89         FDCE (Prop_fdce_C_Q)         0.141     1.586 r  u_sevenSeg/refreshCounter_reg[6]/Q
                         net (fo=1, routed)           0.121     1.708    u_sevenSeg/refreshCounter_reg_n_0_[6]
    SLICE_X48Y89         CARRY4 (Prop_carry4_S[2]_O[3])
                                                      0.144     1.852 r  u_sevenSeg/refreshCounter_reg[4]_i_1/O[3]
                         net (fo=1, routed)           0.000     1.852    u_sevenSeg/refreshCounter_reg[4]_i_1_n_4
    SLICE_X48Y89         FDCE                                         r  u_sevenSeg/refreshCounter_reg[7]/D
  -------------------------------------------------------------------    -------------------

                         (clock sys_clk_pin rise edge)
                                                      0.000     0.000 r  
    W5                                                0.000     0.000 r  clk (IN)
                         net (fo=0)                   0.000     0.000    clk
    W5                   IBUF (Prop_ibuf_I_O)         0.414     0.414 r  clk_IBUF_inst/O
                         net (fo=1, routed)           0.685     1.099    clk_IBUF
    BUFGCTRL_X0Y1        BUFG (Prop_bufg_I_O)         0.029     1.128 r  clk_IBUF_BUFG_inst/O
                         net (fo=144, routed)         0.831     1.959    u_sevenSeg/clk_IBUF_BUFG
    SLICE_X48Y89         FDCE                                         r  u_sevenSeg/refreshCounter_reg[7]/C
                         clock pessimism             -0.514     1.445    
    SLICE_X48Y89         FDCE (Hold_fdce_C_D)         0.105     1.550    u_sevenSeg/refreshCounter_reg[7]
  -------------------------------------------------------------------
                         required time                         -1.550    
                         arrival time                           1.852    
  -------------------------------------------------------------------
                         slack                                  0.301    





Pulse Width Checks
--------------------------------------------------------------------------------------
Clock Name:         sys_clk_pin
Waveform(ns):       { 0.000 5.000 }
Period(ns):         10.000
Sources:            { clk }

Check Type        Corner  Lib Pin  Reference Pin  Required(ns)  Actual(ns)  Slack(ns)  Location       Pin
Min Period        n/a     BUFG/I   n/a            2.155         10.000      7.845      BUFGCTRL_X0Y1  clk_IBUF_BUFG_inst/I
Min Period        n/a     FDCE/C   n/a            1.000         10.000      9.000      SLICE_X38Y55   aluMode_reg/C
Min Period        n/a     FDCE/C   n/a            1.000         10.000      9.000      SLICE_X40Y85   dbgSel0_reg/C
Min Period        n/a     FDCE/C   n/a            1.000         10.000      9.000      SLICE_X48Y88   dbgSel1_reg/C
Min Period        n/a     FDCE/C   n/a            1.000         10.000      9.000      SLICE_X40Y85   dbgSel2_reg/C
Min Period        n/a     FDPE/C   n/a            1.000         10.000      9.000      SLICE_X37Y47   debugMode_reg/C
Min Period        n/a     FDCE/C   n/a            1.000         10.000      9.000      SLICE_X43Y55   mode32bit_reg/C
Min Period        n/a     FDRE/C   n/a            1.000         10.000      9.000      SLICE_X37Y48   u_debounce/pbout_reg/C
Min Period        n/a     FDRE/C   n/a            1.000         10.000      9.000      SLICE_X36Y48   u_debounce/sync_reg[0]/C
Min Period        n/a     FDRE/C   n/a            1.000         10.000      9.000      SLICE_X37Y48   u_debounce/sync_reg[1]/C
Low Pulse Width   Slow    FDPE/C   n/a            0.500         5.000       4.500      SLICE_X37Y47   debugMode_reg/C
Low Pulse Width   Slow    FDRE/C   n/a            0.500         5.000       4.500      SLICE_X37Y48   u_debounce/pbout_reg/C
Low Pulse Width   Slow    FDRE/C   n/a            0.500         5.000       4.500      SLICE_X36Y48   u_debounce/sync_reg[0]/C
Low Pulse Width   Slow    FDRE/C   n/a            0.500         5.000       4.500      SLICE_X37Y48   u_debounce/sync_reg[1]/C
Low Pulse Width   Slow    FDRE/C   n/a            0.500         5.000       4.500      SLICE_X41Y46   u_debounce/timer_reg[0]/C
Low Pulse Width   Slow    FDRE/C   n/a            0.500         5.000       4.500      SLICE_X43Y46   u_debounce/timer_reg[11]/C
Low Pulse Width   Slow    FDRE/C   n/a            0.500         5.000       4.500      SLICE_X43Y46   u_debounce/timer_reg[12]/C
Low Pulse Width   Slow    FDRE/C   n/a            0.500         5.000       4.500      SLICE_X43Y44   u_debounce/timer_reg[1]/C
Low Pulse Width   Slow    FDRE/C   n/a            0.500         5.000       4.500      SLICE_X43Y44   u_debounce/timer_reg[2]/C
Low Pulse Width   Slow    FDRE/C   n/a            0.500         5.000       4.500      SLICE_X43Y44   u_debounce/timer_reg[3]/C
High Pulse Width  Slow    FDCE/C   n/a            0.500         5.000       4.500      SLICE_X38Y55   aluMode_reg/C
High Pulse Width  Slow    FDCE/C   n/a            0.500         5.000       4.500      SLICE_X48Y88   dbgSel1_reg/C
High Pulse Width  Slow    FDCE/C   n/a            0.500         5.000       4.500      SLICE_X43Y55   mode32bit_reg/C
High Pulse Width  Slow    FDRE/C   n/a            0.500         5.000       4.500      SLICE_X43Y47   u_debounce/timer_reg[10]/C
High Pulse Width  Slow    FDRE/C   n/a            0.500         5.000       4.500      SLICE_X43Y47   u_debounce/timer_reg[13]/C
High Pulse Width  Slow    FDRE/C   n/a            0.500         5.000       4.500      SLICE_X43Y47   u_debounce/timer_reg[14]/C
High Pulse Width  Slow    FDRE/C   n/a            0.500         5.000       4.500      SLICE_X43Y47   u_debounce/timer_reg[15]/C
High Pulse Width  Slow    FDRE/C   n/a            0.500         5.000       4.500      SLICE_X43Y47   u_debounce/timer_reg[16]/C
High Pulse Width  Slow    FDRE/C   n/a            0.500         5.000       4.500      SLICE_X43Y47   u_debounce/timer_reg[17]/C
High Pulse Width  Slow    FDRE/C   n/a            0.500         5.000       4.500      SLICE_X43Y48   u_debounce/timer_reg[18]/C



---------------------------------------------------------------------------------------------------
Path Group:  **async_default**
From Clock:  sys_clk_pin
  To Clock:  sys_clk_pin

Setup :            0  Failing Endpoints,  Worst Slack        8.243ns,  Total Violation        0.000ns
Hold  :            0  Failing Endpoints,  Worst Slack        0.447ns,  Total Violation        0.000ns
---------------------------------------------------------------------------------------------------


Max Delay Paths
--------------------------------------------------------------------------------------
Slack (MET) :             8.243ns  (required time - arrival time)
  Source:                 u_debounceLeft/pbout_reg/C
                            (rising edge-triggered cell FDRE clocked by sys_clk_pin  {rise@0.000ns fall@5.000ns period=10.000ns})
  Destination:            mode32bit_reg/CLR
                            (recovery check against rising-edge clock sys_clk_pin  {rise@0.000ns fall@5.000ns period=10.000ns})
  Path Group:             **async_default**
  Path Type:              Recovery (Max at Slow Process Corner)
  Requirement:            10.000ns  (sys_clk_pin rise@10.000ns - sys_clk_pin rise@0.000ns)
  Data Path Delay:        1.292ns  (logic 0.456ns (35.302%)  route 0.836ns (64.698%))
  Logic Levels:           0  
  Clock Path Skew:        -0.025ns (DCD - SCD + CPR)
    Destination Clock Delay (DCD):    4.778ns = ( 14.778 - 10.000 ) 
    Source Clock Delay      (SCD):    5.075ns
    Clock Pessimism Removal (CPR):    0.272ns
  Clock Uncertainty:      0.035ns  ((TSJ^2 + TIJ^2)^1/2 + DJ) / 2 + PE
    Total System Jitter     (TSJ):    0.071ns
    Total Input Jitter      (TIJ):    0.000ns
    Discrete Jitter          (DJ):    0.000ns
    Phase Error              (PE):    0.000ns

    Location             Delay type                Incr(ns)  Path(ns)    Netlist Resource(s)
  -------------------------------------------------------------------    -------------------
                         (clock sys_clk_pin rise edge)
                                                      0.000     0.000 r  
    W5                                                0.000     0.000 r  clk (IN)
                         net (fo=0)                   0.000     0.000    clk
    W5                   IBUF (Prop_ibuf_I_O)         1.458     1.458 r  clk_IBUF_inst/O
                         net (fo=1, routed)           1.967     3.425    clk_IBUF
    BUFGCTRL_X0Y1        BUFG (Prop_bufg_I_O)         0.096     3.521 r  clk_IBUF_BUFG_inst/O
                         net (fo=144, routed)         1.554     5.075    u_debounceLeft/clk_IBUF_BUFG
    SLICE_X41Y53         FDRE                                         r  u_debounceLeft/pbout_reg/C
  -------------------------------------------------------------------    -------------------
    SLICE_X41Y53         FDRE (Prop_fdre_C_Q)         0.456     5.531 f  u_debounceLeft/pbout_reg/Q
                         net (fo=4, routed)           0.836     6.367    u_debounceLeft_n_0
    SLICE_X43Y55         FDCE                                         f  mode32bit_reg/CLR
  -------------------------------------------------------------------    -------------------

                         (clock sys_clk_pin rise edge)
                                                     10.000    10.000 r  
    W5                                                0.000    10.000 r  clk (IN)
                         net (fo=0)                   0.000    10.000    clk
    W5                   IBUF (Prop_ibuf_I_O)         1.388    11.388 r  clk_IBUF_inst/O
                         net (fo=1, routed)           1.862    13.250    clk_IBUF
    BUFGCTRL_X0Y1        BUFG (Prop_bufg_I_O)         0.091    13.341 r  clk_IBUF_BUFG_inst/O
                         net (fo=144, routed)         1.437    14.778    clk_IBUF_BUFG
    SLICE_X43Y55         FDCE                                         r  mode32bit_reg/C
                         clock pessimism              0.272    15.050    
                         clock uncertainty           -0.035    15.015    
    SLICE_X43Y55         FDCE (Recov_fdce_C_CLR)     -0.405    14.610    mode32bit_reg
  -------------------------------------------------------------------
                         required time                         14.610    
                         arrival time                          -6.367    
  -------------------------------------------------------------------
                         slack                                  8.243    

Slack (MET) :             8.435ns  (required time - arrival time)
  Source:                 u_debounceLeft/pbout_reg/C
                            (rising edge-triggered cell FDRE clocked by sys_clk_pin  {rise@0.000ns fall@5.000ns period=10.000ns})
  Destination:            aluMode_reg/CLR
                            (recovery check against rising-edge clock sys_clk_pin  {rise@0.000ns fall@5.000ns period=10.000ns})
  Path Group:             **async_default**
  Path Type:              Recovery (Max at Slow Process Corner)
  Requirement:            10.000ns  (sys_clk_pin rise@10.000ns - sys_clk_pin rise@0.000ns)
  Data Path Delay:        1.169ns  (logic 0.456ns (38.996%)  route 0.713ns (61.004%))
  Logic Levels:           0  
  Clock Path Skew:        -0.041ns (DCD - SCD + CPR)
    Destination Clock Delay (DCD):    4.776ns = ( 14.776 - 10.000 ) 
    Source Clock Delay      (SCD):    5.075ns
    Clock Pessimism Removal (CPR):    0.258ns
  Clock Uncertainty:      0.035ns  ((TSJ^2 + TIJ^2)^1/2 + DJ) / 2 + PE
    Total System Jitter     (TSJ):    0.071ns
    Total Input Jitter      (TIJ):    0.000ns
    Discrete Jitter          (DJ):    0.000ns
    Phase Error              (PE):    0.000ns

    Location             Delay type                Incr(ns)  Path(ns)    Netlist Resource(s)
  -------------------------------------------------------------------    -------------------
                         (clock sys_clk_pin rise edge)
                                                      0.000     0.000 r  
    W5                                                0.000     0.000 r  clk (IN)
                         net (fo=0)                   0.000     0.000    clk
    W5                   IBUF (Prop_ibuf_I_O)         1.458     1.458 r  clk_IBUF_inst/O
                         net (fo=1, routed)           1.967     3.425    clk_IBUF
    BUFGCTRL_X0Y1        BUFG (Prop_bufg_I_O)         0.096     3.521 r  clk_IBUF_BUFG_inst/O
                         net (fo=144, routed)         1.554     5.075    u_debounceLeft/clk_IBUF_BUFG
    SLICE_X41Y53         FDRE                                         r  u_debounceLeft/pbout_reg/C
  -------------------------------------------------------------------    -------------------
    SLICE_X41Y53         FDRE (Prop_fdre_C_Q)         0.456     5.531 f  u_debounceLeft/pbout_reg/Q
                         net (fo=4, routed)           0.713     6.244    u_debounceLeft_n_0
    SLICE_X38Y55         FDCE                                         f  aluMode_reg/CLR
  -------------------------------------------------------------------    -------------------

                         (clock sys_clk_pin rise edge)
                                                     10.000    10.000 r  
    W5                                                0.000    10.000 r  clk (IN)
                         net (fo=0)                   0.000    10.000    clk
    W5                   IBUF (Prop_ibuf_I_O)         1.388    11.388 r  clk_IBUF_inst/O
                         net (fo=1, routed)           1.862    13.250    clk_IBUF
    BUFGCTRL_X0Y1        BUFG (Prop_bufg_I_O)         0.091    13.341 r  clk_IBUF_BUFG_inst/O
                         net (fo=144, routed)         1.435    14.776    clk_IBUF_BUFG
    SLICE_X38Y55         FDCE                                         r  aluMode_reg/C
                         clock pessimism              0.258    15.034    
                         clock uncertainty           -0.035    14.999    
    SLICE_X38Y55         FDCE (Recov_fdce_C_CLR)     -0.319    14.680    aluMode_reg
  -------------------------------------------------------------------
                         required time                         14.680    
                         arrival time                          -6.244    
  -------------------------------------------------------------------
                         slack                                  8.435    





Min Delay Paths
--------------------------------------------------------------------------------------
Slack (MET) :             0.447ns  (arrival time - required time)
  Source:                 u_debounceLeft/pbout_reg/C
                            (rising edge-triggered cell FDRE clocked by sys_clk_pin  {rise@0.000ns fall@5.000ns period=10.000ns})
  Destination:            aluMode_reg/CLR
                            (removal check against rising-edge clock sys_clk_pin  {rise@0.000ns fall@5.000ns period=10.000ns})
  Path Group:             **async_default**
  Path Type:              Removal (Min at Fast Process Corner)
  Requirement:            0.000ns  (sys_clk_pin rise@0.000ns - sys_clk_pin rise@0.000ns)
  Data Path Delay:        0.415ns  (logic 0.141ns (33.948%)  route 0.274ns (66.052%))
  Logic Levels:           0  
  Clock Path Skew:        0.035ns (DCD - SCD - CPR)
    Destination Clock Delay (DCD):    1.957ns
    Source Clock Delay      (SCD):    1.444ns
    Clock Pessimism Removal (CPR):    0.478ns

    Location             Delay type                Incr(ns)  Path(ns)    Netlist Resource(s)
  -------------------------------------------------------------------    -------------------
                         (clock sys_clk_pin rise edge)
                                                      0.000     0.000 r  
    W5                                                0.000     0.000 r  clk (IN)
                         net (fo=0)                   0.000     0.000    clk
    W5                   IBUF (Prop_ibuf_I_O)         0.226     0.226 r  clk_IBUF_inst/O
                         net (fo=1, routed)           0.631     0.858    clk_IBUF
    BUFGCTRL_X0Y1        BUFG (Prop_bufg_I_O)         0.026     0.884 r  clk_IBUF_BUFG_inst/O
                         net (fo=144, routed)         0.561     1.444    u_debounceLeft/clk_IBUF_BUFG
    SLICE_X41Y53         FDRE                                         r  u_debounceLeft/pbout_reg/C
  -------------------------------------------------------------------    -------------------
    SLICE_X41Y53         FDRE (Prop_fdre_C_Q)         0.141     1.585 f  u_debounceLeft/pbout_reg/Q
                         net (fo=4, routed)           0.274     1.860    u_debounceLeft_n_0
    SLICE_X38Y55         FDCE                                         f  aluMode_reg/CLR
  -------------------------------------------------------------------    -------------------

                         (clock sys_clk_pin rise edge)
                                                      0.000     0.000 r  
    W5                                                0.000     0.000 r  clk (IN)
                         net (fo=0)                   0.000     0.000    clk
    W5                   IBUF (Prop_ibuf_I_O)         0.414     0.414 r  clk_IBUF_inst/O
                         net (fo=1, routed)           0.685     1.099    clk_IBUF
    BUFGCTRL_X0Y1        BUFG (Prop_bufg_I_O)         0.029     1.128 r  clk_IBUF_BUFG_inst/O
                         net (fo=144, routed)         0.829     1.957    clk_IBUF_BUFG
    SLICE_X38Y55         FDCE                                         r  aluMode_reg/C
                         clock pessimism             -0.478     1.479    
    SLICE_X38Y55         FDCE (Remov_fdce_C_CLR)     -0.067     1.412    aluMode_reg
  -------------------------------------------------------------------
                         required time                         -1.412    
                         arrival time                           1.860    
  -------------------------------------------------------------------
                         slack                                  0.447    

Slack (MET) :             0.530ns  (arrival time - required time)
  Source:                 u_debounceLeft/pbout_reg/C
                            (rising edge-triggered cell FDRE clocked by sys_clk_pin  {rise@0.000ns fall@5.000ns period=10.000ns})
  Destination:            mode32bit_reg/CLR
                            (removal check against rising-edge clock sys_clk_pin  {rise@0.000ns fall@5.000ns period=10.000ns})
  Path Group:             **async_default**
  Path Type:              Removal (Min at Fast Process Corner)
  Requirement:            0.000ns  (sys_clk_pin rise@0.000ns - sys_clk_pin rise@0.000ns)
  Data Path Delay:        0.454ns  (logic 0.141ns (31.077%)  route 0.313ns (68.923%))
  Logic Levels:           0  
  Clock Path Skew:        0.016ns (DCD - SCD - CPR)
    Destination Clock Delay (DCD):    1.958ns
    Source Clock Delay      (SCD):    1.444ns
    Clock Pessimism Removal (CPR):    0.498ns

    Location             Delay type                Incr(ns)  Path(ns)    Netlist Resource(s)
  -------------------------------------------------------------------    -------------------
                         (clock sys_clk_pin rise edge)
                                                      0.000     0.000 r  
    W5                                                0.000     0.000 r  clk (IN)
                         net (fo=0)                   0.000     0.000    clk
    W5                   IBUF (Prop_ibuf_I_O)         0.226     0.226 r  clk_IBUF_inst/O
                         net (fo=1, routed)           0.631     0.858    clk_IBUF
    BUFGCTRL_X0Y1        BUFG (Prop_bufg_I_O)         0.026     0.884 r  clk_IBUF_BUFG_inst/O
                         net (fo=144, routed)         0.561     1.444    u_debounceLeft/clk_IBUF_BUFG
    SLICE_X41Y53         FDRE                                         r  u_debounceLeft/pbout_reg/C
  -------------------------------------------------------------------    -------------------
    SLICE_X41Y53         FDRE (Prop_fdre_C_Q)         0.141     1.585 f  u_debounceLeft/pbout_reg/Q
                         net (fo=4, routed)           0.313     1.898    u_debounceLeft_n_0
    SLICE_X43Y55         FDCE                                         f  mode32bit_reg/CLR
  -------------------------------------------------------------------    -------------------

                         (clock sys_clk_pin rise edge)
                                                      0.000     0.000 r  
    W5                                                0.000     0.000 r  clk (IN)
                         net (fo=0)                   0.000     0.000    clk
    W5                   IBUF (Prop_ibuf_I_O)         0.414     0.414 r  clk_IBUF_inst/O
                         net (fo=1, routed)           0.685     1.099    clk_IBUF
    BUFGCTRL_X0Y1        BUFG (Prop_bufg_I_O)         0.029     1.128 r  clk_IBUF_BUFG_inst/O
                         net (fo=144, routed)         0.831     1.958    clk_IBUF_BUFG
    SLICE_X43Y55         FDCE                                         r  mode32bit_reg/C
                         clock pessimism             -0.498     1.460    
    SLICE_X43Y55         FDCE (Remov_fdce_C_CLR)     -0.092     1.368    mode32bit_reg
  -------------------------------------------------------------------
                         required time                         -1.368    
                         arrival time                           1.898    
  -------------------------------------------------------------------
                         slack                                  0.530    





