Copyright 1986-2020 Xilinx, Inc. All Rights Reserved.
--------------------------------------------------------------------------------------------------------------------------------------------------------------------------------------------
| Tool Version : Vivado v.2020.1 (win64) Build 2902540 Wed May 27 19:54:49 MDT 2020
| Date         : Thu Apr 30 12:23:56 2026
| Host         : Myrah-s-Laptop running 64-bit major release  (build 9200)
| Command      : report_timing_summary -max_paths 10 -file FpgaTop_timing_summary_routed.rpt -pb FpgaTop_timing_summary_routed.pb -rpx FpgaTop_timing_summary_routed.rpx -warn_on_violation
| Design       : FpgaTop
| Device       : 7a35t-cpg236
| Speed File   : -1  PRODUCTION 1.23 2018-06-13
--------------------------------------------------------------------------------------------------------------------------------------------------------------------------------------------

Timing Summary Report

------------------------------------------------------------------------------------------------
| Timer Settings
| --------------
------------------------------------------------------------------------------------------------

  Enable Multi Corner Analysis               :  Yes
  Enable Pessimism Removal                   :  Yes
  Pessimism Removal Resolution               :  Nearest Common Node
  Enable Input Delay Default Clock           :  No
  Enable Preset / Clear Arcs                 :  No
  Disable Flight Delays                      :  No
  Ignore I/O Paths                           :  No
  Timing Early Launch at Borrowing Latches   :  No
  Borrow Time for Max Delay Exceptions       :  Yes
  Merge Timing Exceptions                    :  Yes

  Corner  Analyze    Analyze    
  Name    Max Paths  Min Paths  
  ------  ---------  ---------  
  Slow    Yes        Yes        
  Fast    Yes        Yes        



check_timing report

Table of Contents
-----------------
1. checking no_clock (25248)
2. checking constant_clock (0)
3. checking pulse_width_clock (0)
4. checking unconstrained_internal_endpoints (25216)
5. checking no_input_delay (21)
6. checking no_output_delay (27)
7. checking multiple_clock (0)
8. checking generated_clocks (0)
9. checking loops (0)
10. checking partial_input_delay (0)
11. checking partial_output_delay (0)
12. checking latch_loops (0)

1. checking no_clock (25248)
----------------------------
 There are 8416 register/latch pins with no clock driven by root clock pin: switches[15] (HIGH)

 There are 8416 register/latch pins with no clock driven by root clock pin: debugMode_reg/Q (HIGH)

 There are 8416 register/latch pins with no clock driven by root clock pin: u_divider/clkOut_reg/Q (HIGH)


2. checking constant_clock (0)
------------------------------
 There are 0 register/latch pins with constant_clock.


3. checking pulse_width_clock (0)
---------------------------------
 There are 0 register/latch pins which need pulse_width check


4. checking unconstrained_internal_endpoints (25216)
----------------------------------------------------
 There are 25216 pins that are not constrained for maximum delay. (HIGH)

 There are 0 pins that are not constrained for maximum delay due to constant clock.


5. checking no_input_delay (21)
-------------------------------
 There are 21 input ports with no input delay specified. (HIGH)

 There are 0 input ports with no input delay but user has a false path constraint.


6. checking no_output_delay (27)
--------------------------------
 There are 27 ports with no output delay specified. (HIGH)

 There are 0 ports with no output delay but user has a false path constraint

 There are 0 ports with no output delay but with a timing clock defined on it or propagating through it


7. checking multiple_clock (0)
------------------------------
 There are 0 register/latch pins with multiple clocks.


8. checking generated_clocks (0)
--------------------------------
 There are 0 generated clocks that are not connected to a clock source.


9. checking loops (0)
---------------------
 There are 0 combinational loops in the design.


10. checking partial_input_delay (0)
------------------------------------
 There are 0 input ports with partial input delay specified.


11. checking partial_output_delay (0)
-------------------------------------
 There are 0 ports with partial output delay specified.


12. checking latch_loops (0)
----------------------------
 There are 0 combinational latch loops in the design through latch input



------------------------------------------------------------------------------------------------
| Design Timing Summary
| ---------------------
------------------------------------------------------------------------------------------------

    WNS(ns)      TNS(ns)  TNS Failing Endpoints  TNS Total Endpoints      WHS(ns)      THS(ns)  THS Failing Endpoints  THS Total Endpoints     WPWS(ns)     TPWS(ns)  TPWS Failing Endpoints  TPWS Total Endpoints  
    -------      -------  ---------------------  -------------------      -------      -------  ---------------------  -------------------     --------     --------  ----------------------  --------------------  
      4.946        0.000                      0                  222        0.190        0.000                      0                  222        4.500        0.000                       0                   145  


All user specified timing constraints are met.


------------------------------------------------------------------------------------------------
| Clock Summary
| -------------
------------------------------------------------------------------------------------------------

Clock        Waveform(ns)       Period(ns)      Frequency(MHz)
-----        ------------       ----------      --------------
sys_clk_pin  {0.000 5.000}      10.000          100.000         


------------------------------------------------------------------------------------------------
| Intra Clock Table
| -----------------
------------------------------------------------------------------------------------------------

Clock             WNS(ns)      TNS(ns)  TNS Failing Endpoints  TNS Total Endpoints      WHS(ns)      THS(ns)  THS Failing Endpoints  THS Total Endpoints     WPWS(ns)     TPWS(ns)  TPWS Failing Endpoints  TPWS Total Endpoints  
-----             -------      -------  ---------------------  -------------------      -------      -------  ---------------------  -------------------     --------     --------  ----------------------  --------------------  
sys_clk_pin         4.946        0.000                      0                  220        0.190        0.000                      0                  220        4.500        0.000                       0                   145  


------------------------------------------------------------------------------------------------
| Inter Clock Table
| -----------------
------------------------------------------------------------------------------------------------

From Clock    To Clock          WNS(ns)      TNS(ns)  TNS Failing Endpoints  TNS Total Endpoints      WHS(ns)      THS(ns)  THS Failing Endpoints  THS Total Endpoints  
----------    --------          -------      -------  ---------------------  -------------------      -------      -------  ---------------------  -------------------  


------------------------------------------------------------------------------------------------
| Other Path Groups Table
| -----------------------
------------------------------------------------------------------------------------------------

Path Group         From Clock         To Clock               WNS(ns)      TNS(ns)  TNS Failing Endpoints  TNS Total Endpoints      WHS(ns)      THS(ns)  THS Failing Endpoints  THS Total Endpoints  
----------         ----------         --------               -------      -------  ---------------------  -------------------      -------      -------  ---------------------  -------------------  
**async_default**  sys_clk_pin        sys_clk_pin              8.552        0.000                      0                    2        0.393        0.000                      0                    2  


------------------------------------------------------------------------------------------------
| Timing Details
| --------------
------------------------------------------------------------------------------------------------


---------------------------------------------------------------------------------------------------
From Clock:  sys_clk_pin
  To Clock:  sys_clk_pin

Setup :            0  Failing Endpoints,  Worst Slack        4.946ns,  Total Violation        0.000ns
Hold  :            0  Failing Endpoints,  Worst Slack        0.190ns,  Total Violation        0.000ns
PW    :            0  Failing Endpoints,  Worst Slack        4.500ns,  Total Violation        0.000ns
---------------------------------------------------------------------------------------------------


Max Delay Paths
--------------------------------------------------------------------------------------
Slack (MET) :             4.946ns  (required time - arrival time)
  Source:                 debugMode_reg/C
                            (rising edge-triggered cell FDPE clocked by sys_clk_pin  {rise@0.000ns fall@5.000ns period=10.000ns})
  Destination:            dbgSel1_reg/D
                            (rising edge-triggered cell FDCE clocked by sys_clk_pin  {rise@0.000ns fall@5.000ns period=10.000ns})
  Path Group:             sys_clk_pin
  Path Type:              Setup (Max at Slow Process Corner)
  Requirement:            10.000ns  (sys_clk_pin rise@10.000ns - sys_clk_pin rise@0.000ns)
  Data Path Delay:        5.003ns  (logic 0.608ns (12.152%)  route 4.395ns (87.848%))
  Logic Levels:           1  (LUT3=1)
  Clock Path Skew:        -0.063ns (DCD - SCD + CPR)
    Destination Clock Delay (DCD):    4.843ns = ( 14.843 - 10.000 ) 
    Source Clock Delay      (SCD):    5.085ns
    Clock Pessimism Removal (CPR):    0.180ns
  Clock Uncertainty:      0.035ns  ((TSJ^2 + TIJ^2)^1/2 + DJ) / 2 + PE
    Total System Jitter     (TSJ):    0.071ns
    Total Input Jitter      (TIJ):    0.000ns
    Discrete Jitter          (DJ):    0.000ns
    Phase Error              (PE):    0.000ns

    Location             Delay type                Incr(ns)  Path(ns)    Netlist Resource(s)
  -------------------------------------------------------------------    -------------------
                         (clock sys_clk_pin rise edge)
                                                      0.000     0.000 r  
    W5                                                0.000     0.000 r  clk (IN)
                         net (fo=0)                   0.000     0.000    clk
    W5                   IBUF (Prop_ibuf_I_O)         1.458     1.458 r  clk_IBUF_inst/O
                         net (fo=1, routed)           1.967     3.425    clk_IBUF
    BUFGCTRL_X0Y1        BUFG (Prop_bufg_I_O)         0.096     3.521 r  clk_IBUF_BUFG_inst/O
                         net (fo=144, routed)         1.564     5.085    clk_IBUF_BUFG
    SLICE_X31Y42         FDPE                                         r  debugMode_reg/C
  -------------------------------------------------------------------    -------------------
    SLICE_X31Y42         FDPE (Prop_fdpe_C_Q)         0.456     5.541 r  debugMode_reg/Q
                         net (fo=55, routed)          4.395     9.936    debugMode
    SLICE_X4Y85          LUT3 (Prop_lut3_I1_O)        0.152    10.088 r  dbgSel1_i_1/O
                         net (fo=1, routed)           0.000    10.088    dbgSel1_i_1_n_0
    SLICE_X4Y85          FDCE                                         r  dbgSel1_reg/D
  -------------------------------------------------------------------    -------------------

                         (clock sys_clk_pin rise edge)
                                                     10.000    10.000 r  
    W5                                                0.000    10.000 r  clk (IN)
                         net (fo=0)                   0.000    10.000    clk
    W5                   IBUF (Prop_ibuf_I_O)         1.388    11.388 r  clk_IBUF_inst/O
                         net (fo=1, routed)           1.862    13.250    clk_IBUF
    BUFGCTRL_X0Y1        BUFG (Prop_bufg_I_O)         0.091    13.341 r  clk_IBUF_BUFG_inst/O
                         net (fo=144, routed)         1.502    14.843    clk_IBUF_BUFG
    SLICE_X4Y85          FDCE                                         r  dbgSel1_reg/C
                         clock pessimism              0.180    15.023    
                         clock uncertainty           -0.035    14.987    
    SLICE_X4Y85          FDCE (Setup_fdce_C_D)        0.047    15.034    dbgSel1_reg
  -------------------------------------------------------------------
                         required time                         15.034    
                         arrival time                         -10.088    
  -------------------------------------------------------------------
                         slack                                  4.946    

Slack (MET) :             5.158ns  (required time - arrival time)
  Source:                 u_divider/counter_reg[19]/C
                            (rising edge-triggered cell FDCE clocked by sys_clk_pin  {rise@0.000ns fall@5.000ns period=10.000ns})
  Destination:            u_divider/clkOut_reg/D
                            (rising edge-triggered cell FDCE clocked by sys_clk_pin  {rise@0.000ns fall@5.000ns period=10.000ns})
  Path Group:             sys_clk_pin
  Path Type:              Setup (Max at Slow Process Corner)
  Requirement:            10.000ns  (sys_clk_pin rise@10.000ns - sys_clk_pin rise@0.000ns)
  Data Path Delay:        4.858ns  (logic 1.102ns (22.684%)  route 3.756ns (77.316%))
  Logic Levels:           5  (LUT2=1 LUT4=1 LUT5=1 LUT6=2)
  Clock Path Skew:        -0.041ns (DCD - SCD + CPR)
    Destination Clock Delay (DCD):    4.785ns = ( 14.785 - 10.000 ) 
    Source Clock Delay      (SCD):    5.086ns
    Clock Pessimism Removal (CPR):    0.260ns
  Clock Uncertainty:      0.035ns  ((TSJ^2 + TIJ^2)^1/2 + DJ) / 2 + PE
    Total System Jitter     (TSJ):    0.071ns
    Total Input Jitter      (TIJ):    0.000ns
    Discrete Jitter          (DJ):    0.000ns
    Phase Error              (PE):    0.000ns

    Location             Delay type                Incr(ns)  Path(ns)    Netlist Resource(s)
  -------------------------------------------------------------------    -------------------
                         (clock sys_clk_pin rise edge)
                                                      0.000     0.000 r  
    W5                                                0.000     0.000 r  clk (IN)
                         net (fo=0)                   0.000     0.000    clk
    W5                   IBUF (Prop_ibuf_I_O)         1.458     1.458 r  clk_IBUF_inst/O
                         net (fo=1, routed)           1.967     3.425    clk_IBUF
    BUFGCTRL_X0Y1        BUFG (Prop_bufg_I_O)         0.096     3.521 r  clk_IBUF_BUFG_inst/O
                         net (fo=144, routed)         1.565     5.086    u_divider/clk_IBUF_BUFG
    SLICE_X31Y44         FDCE                                         r  u_divider/counter_reg[19]/C
  -------------------------------------------------------------------    -------------------
    SLICE_X31Y44         FDCE (Prop_fdce_C_Q)         0.456     5.542 f  u_divider/counter_reg[19]/Q
                         net (fo=2, routed)           0.700     6.243    u_divider/counter[19]
    SLICE_X31Y44         LUT4 (Prop_lut4_I0_O)        0.124     6.367 r  u_divider/counter[25]_i_7/O
                         net (fo=1, routed)           0.431     6.797    u_divider/counter[25]_i_7_n_0
    SLICE_X31Y43         LUT5 (Prop_lut5_I4_O)        0.124     6.921 r  u_divider/counter[25]_i_6/O
                         net (fo=1, routed)           0.572     7.493    u_divider/counter[25]_i_6_n_0
    SLICE_X31Y41         LUT6 (Prop_lut6_I5_O)        0.124     7.617 r  u_divider/counter[25]_i_3/O
                         net (fo=1, routed)           0.485     8.102    u_divider/counter[25]_i_3_n_0
    SLICE_X31Y40         LUT6 (Prop_lut6_I0_O)        0.124     8.226 r  u_divider/counter[25]_i_2/O
                         net (fo=26, routed)          1.569     9.794    u_divider/counter[25]_i_2_n_0
    SLICE_X34Y46         LUT2 (Prop_lut2_I0_O)        0.150     9.944 r  u_divider/clkOut_i_1/O
                         net (fo=1, routed)           0.000     9.944    u_divider/clkOut_i_1_n_0
    SLICE_X34Y46         FDCE                                         r  u_divider/clkOut_reg/D
  -------------------------------------------------------------------    -------------------

                         (clock sys_clk_pin rise edge)
                                                     10.000    10.000 r  
    W5                                                0.000    10.000 r  clk (IN)
                         net (fo=0)                   0.000    10.000    clk
    W5                   IBUF (Prop_ibuf_I_O)         1.388    11.388 r  clk_IBUF_inst/O
                         net (fo=1, routed)           1.862    13.250    clk_IBUF
    BUFGCTRL_X0Y1        BUFG (Prop_bufg_I_O)         0.091    13.341 r  clk_IBUF_BUFG_inst/O
                         net (fo=144, routed)         1.444    14.785    u_divider/clk_IBUF_BUFG
    SLICE_X34Y46         FDCE                                         r  u_divider/clkOut_reg/C
                         clock pessimism              0.260    15.045    
                         clock uncertainty           -0.035    15.010    
    SLICE_X34Y46         FDCE (Setup_fdce_C_D)        0.092    15.102    u_divider/clkOut_reg
  -------------------------------------------------------------------
                         required time                         15.102    
                         arrival time                          -9.944    
  -------------------------------------------------------------------
                         slack                                  5.158    

Slack (MET) :             5.237ns  (required time - arrival time)
  Source:                 u_debounceDown/timer_reg[18]/C
                            (rising edge-triggered cell FDRE clocked by sys_clk_pin  {rise@0.000ns fall@5.000ns period=10.000ns})
  Destination:            u_debounceDown/pbout_reg/D
                            (rising edge-triggered cell FDRE clocked by sys_clk_pin  {rise@0.000ns fall@5.000ns period=10.000ns})
  Path Group:             sys_clk_pin
  Path Type:              Setup (Max at Slow Process Corner)
  Requirement:            10.000ns  (sys_clk_pin rise@10.000ns - sys_clk_pin rise@0.000ns)
  Data Path Delay:        4.326ns  (logic 1.208ns (27.922%)  route 3.118ns (72.078%))
  Logic Levels:           4  (LUT3=1 LUT4=1 LUT6=2)
  Clock Path Skew:        -0.112ns (DCD - SCD + CPR)
    Destination Clock Delay (DCD):    4.787ns = ( 14.787 - 10.000 ) 
    Source Clock Delay      (SCD):    5.087ns
    Clock Pessimism Removal (CPR):    0.188ns
  Clock Uncertainty:      0.035ns  ((TSJ^2 + TIJ^2)^1/2 + DJ) / 2 + PE
    Total System Jitter     (TSJ):    0.071ns
    Total Input Jitter      (TIJ):    0.000ns
    Discrete Jitter          (DJ):    0.000ns
    Phase Error              (PE):    0.000ns

    Location             Delay type                Incr(ns)  Path(ns)    Netlist Resource(s)
  -------------------------------------------------------------------    -------------------
                         (clock sys_clk_pin rise edge)
                                                      0.000     0.000 r  
    W5                                                0.000     0.000 r  clk (IN)
                         net (fo=0)                   0.000     0.000    clk
    W5                   IBUF (Prop_ibuf_I_O)         1.458     1.458 r  clk_IBUF_inst/O
                         net (fo=1, routed)           1.967     3.425    clk_IBUF
    BUFGCTRL_X0Y1        BUFG (Prop_bufg_I_O)         0.096     3.521 r  clk_IBUF_BUFG_inst/O
                         net (fo=144, routed)         1.566     5.087    u_debounceDown/clk_IBUF_BUFG
    SLICE_X33Y47         FDRE                                         r  u_debounceDown/timer_reg[18]/C
  -------------------------------------------------------------------    -------------------
    SLICE_X33Y47         FDRE (Prop_fdre_C_Q)         0.456     5.543 r  u_debounceDown/timer_reg[18]/Q
                         net (fo=2, routed)           0.958     6.502    u_debounceDown/timer_reg_n_0_[18]
    SLICE_X33Y44         LUT4 (Prop_lut4_I0_O)        0.152     6.654 f  u_debounceDown/timer[19]_i_7__2/O
                         net (fo=1, routed)           0.436     7.090    u_debounceDown/timer[19]_i_7__2_n_0
    SLICE_X33Y44         LUT6 (Prop_lut6_I5_O)        0.326     7.416 f  u_debounceDown/timer[19]_i_5__2/O
                         net (fo=1, routed)           0.403     7.819    u_debounceDown/timer[19]_i_5__2_n_0
    SLICE_X33Y45         LUT6 (Prop_lut6_I5_O)        0.124     7.943 r  u_debounceDown/timer[19]_i_3__2/O
                         net (fo=20, routed)          0.933     8.876    u_debounceDown/timer[19]_i_3__2_n_0
    SLICE_X36Y47         LUT3 (Prop_lut3_I0_O)        0.150     9.026 r  u_debounceDown/pbout_i_1__2/O
                         net (fo=1, routed)           0.387     9.414    u_debounceDown/pbout_i_1__2_n_0
    SLICE_X37Y47         FDRE                                         r  u_debounceDown/pbout_reg/D
  -------------------------------------------------------------------    -------------------

                         (clock sys_clk_pin rise edge)
                                                     10.000    10.000 r  
    W5                                                0.000    10.000 r  clk (IN)
                         net (fo=0)                   0.000    10.000    clk
    W5                   IBUF (Prop_ibuf_I_O)         1.388    11.388 r  clk_IBUF_inst/O
                         net (fo=1, routed)           1.862    13.250    clk_IBUF
    BUFGCTRL_X0Y1        BUFG (Prop_bufg_I_O)         0.091    13.341 r  clk_IBUF_BUFG_inst/O
                         net (fo=144, routed)         1.446    14.787    u_debounceDown/clk_IBUF_BUFG
    SLICE_X37Y47         FDRE                                         r  u_debounceDown/pbout_reg/C
                         clock pessimism              0.188    14.975    
                         clock uncertainty           -0.035    14.940    
    SLICE_X37Y47         FDRE (Setup_fdre_C_D)       -0.289    14.651    u_debounceDown/pbout_reg
  -------------------------------------------------------------------
                         required time                         14.651    
                         arrival time                          -9.414    
  -------------------------------------------------------------------
                         slack                                  5.237    

Slack (MET) :             5.406ns  (required time - arrival time)
  Source:                 u_debounce/timer_reg[17]/C
                            (rising edge-triggered cell FDRE clocked by sys_clk_pin  {rise@0.000ns fall@5.000ns period=10.000ns})
  Destination:            u_debounce/pbout_reg/D
                            (rising edge-triggered cell FDRE clocked by sys_clk_pin  {rise@0.000ns fall@5.000ns period=10.000ns})
  Path Group:             sys_clk_pin
  Path Type:              Setup (Max at Slow Process Corner)
  Requirement:            10.000ns  (sys_clk_pin rise@10.000ns - sys_clk_pin rise@0.000ns)
  Data Path Delay:        4.185ns  (logic 1.115ns (26.641%)  route 3.070ns (73.359%))
  Logic Levels:           4  (LUT3=1 LUT4=1 LUT6=2)
  Clock Path Skew:        -0.113ns (DCD - SCD + CPR)
    Destination Clock Delay (DCD):    4.785ns = ( 14.785 - 10.000 ) 
    Source Clock Delay      (SCD):    5.086ns
    Clock Pessimism Removal (CPR):    0.188ns
  Clock Uncertainty:      0.035ns  ((TSJ^2 + TIJ^2)^1/2 + DJ) / 2 + PE
    Total System Jitter     (TSJ):    0.071ns
    Total Input Jitter      (TIJ):    0.000ns
    Discrete Jitter          (DJ):    0.000ns
    Phase Error              (PE):    0.000ns

    Location             Delay type                Incr(ns)  Path(ns)    Netlist Resource(s)
  -------------------------------------------------------------------    -------------------
                         (clock sys_clk_pin rise edge)
                                                      0.000     0.000 r  
    W5                                                0.000     0.000 r  clk (IN)
                         net (fo=0)                   0.000     0.000    clk
    W5                   IBUF (Prop_ibuf_I_O)         1.458     1.458 r  clk_IBUF_inst/O
                         net (fo=1, routed)           1.967     3.425    clk_IBUF
    BUFGCTRL_X0Y1        BUFG (Prop_bufg_I_O)         0.096     3.521 r  clk_IBUF_BUFG_inst/O
                         net (fo=144, routed)         1.565     5.086    u_debounce/clk_IBUF_BUFG
    SLICE_X36Y43         FDRE                                         r  u_debounce/timer_reg[17]/C
  -------------------------------------------------------------------    -------------------
    SLICE_X36Y43         FDRE (Prop_fdre_C_Q)         0.419     5.505 r  u_debounce/timer_reg[17]/Q
                         net (fo=2, routed)           0.661     6.166    u_debounce/timer[17]
    SLICE_X36Y41         LUT4 (Prop_lut4_I0_O)        0.296     6.462 f  u_debounce/timer[19]_i_6/O
                         net (fo=1, routed)           0.280     6.742    u_debounce/timer[19]_i_6_n_0
    SLICE_X36Y41         LUT6 (Prop_lut6_I4_O)        0.124     6.866 f  u_debounce/timer[19]_i_5/O
                         net (fo=1, routed)           0.489     7.354    u_debounce/timer[19]_i_5_n_0
    SLICE_X36Y42         LUT6 (Prop_lut6_I5_O)        0.124     7.478 r  u_debounce/timer[19]_i_3/O
                         net (fo=20, routed)          0.996     8.475    u_debounce/timer[19]_i_3_n_0
    SLICE_X31Y42         LUT3 (Prop_lut3_I0_O)        0.152     8.627 r  u_debounce/pbout_i_1/O
                         net (fo=1, routed)           0.645     9.272    u_debounce/pbout_i_1_n_0
    SLICE_X30Y42         FDRE                                         r  u_debounce/pbout_reg/D
  -------------------------------------------------------------------    -------------------

                         (clock sys_clk_pin rise edge)
                                                     10.000    10.000 r  
    W5                                                0.000    10.000 r  clk (IN)
                         net (fo=0)                   0.000    10.000    clk
    W5                   IBUF (Prop_ibuf_I_O)         1.388    11.388 r  clk_IBUF_inst/O
                         net (fo=1, routed)           1.862    13.250    clk_IBUF
    BUFGCTRL_X0Y1        BUFG (Prop_bufg_I_O)         0.091    13.341 r  clk_IBUF_BUFG_inst/O
                         net (fo=144, routed)         1.444    14.785    u_debounce/clk_IBUF_BUFG
    SLICE_X30Y42         FDRE                                         r  u_debounce/pbout_reg/C
                         clock pessimism              0.188    14.973    
                         clock uncertainty           -0.035    14.938    
    SLICE_X30Y42         FDRE (Setup_fdre_C_D)       -0.260    14.678    u_debounce/pbout_reg
  -------------------------------------------------------------------
                         required time                         14.678    
                         arrival time                          -9.272    
  -------------------------------------------------------------------
                         slack                                  5.406    

Slack (MET) :             5.446ns  (required time - arrival time)
  Source:                 u_divider/counter_reg[19]/C
                            (rising edge-triggered cell FDCE clocked by sys_clk_pin  {rise@0.000ns fall@5.000ns period=10.000ns})
  Destination:            u_divider/counter_reg[22]/D
                            (rising edge-triggered cell FDCE clocked by sys_clk_pin  {rise@0.000ns fall@5.000ns period=10.000ns})
  Path Group:             sys_clk_pin
  Path Type:              Setup (Max at Slow Process Corner)
  Requirement:            10.000ns  (sys_clk_pin rise@10.000ns - sys_clk_pin rise@0.000ns)
  Data Path Delay:        4.523ns  (logic 1.076ns (23.790%)  route 3.447ns (76.210%))
  Logic Levels:           5  (LUT2=1 LUT4=1 LUT5=1 LUT6=2)
  Clock Path Skew:        -0.025ns (DCD - SCD + CPR)
    Destination Clock Delay (DCD):    4.786ns = ( 14.786 - 10.000 ) 
    Source Clock Delay      (SCD):    5.086ns
    Clock Pessimism Removal (CPR):    0.275ns
  Clock Uncertainty:      0.035ns  ((TSJ^2 + TIJ^2)^1/2 + DJ) / 2 + PE
    Total System Jitter     (TSJ):    0.071ns
    Total Input Jitter      (TIJ):    0.000ns
    Discrete Jitter          (DJ):    0.000ns
    Phase Error              (PE):    0.000ns

    Location             Delay type                Incr(ns)  Path(ns)    Netlist Resource(s)
  -------------------------------------------------------------------    -------------------
                         (clock sys_clk_pin rise edge)
                                                      0.000     0.000 r  
    W5                                                0.000     0.000 r  clk (IN)
                         net (fo=0)                   0.000     0.000    clk
    W5                   IBUF (Prop_ibuf_I_O)         1.458     1.458 r  clk_IBUF_inst/O
                         net (fo=1, routed)           1.967     3.425    clk_IBUF
    BUFGCTRL_X0Y1        BUFG (Prop_bufg_I_O)         0.096     3.521 r  clk_IBUF_BUFG_inst/O
                         net (fo=144, routed)         1.565     5.086    u_divider/clk_IBUF_BUFG
    SLICE_X31Y44         FDCE                                         r  u_divider/counter_reg[19]/C
  -------------------------------------------------------------------    -------------------
    SLICE_X31Y44         FDCE (Prop_fdce_C_Q)         0.456     5.542 f  u_divider/counter_reg[19]/Q
                         net (fo=2, routed)           0.700     6.243    u_divider/counter[19]
    SLICE_X31Y44         LUT4 (Prop_lut4_I0_O)        0.124     6.367 r  u_divider/counter[25]_i_7/O
                         net (fo=1, routed)           0.431     6.797    u_divider/counter[25]_i_7_n_0
    SLICE_X31Y43         LUT5 (Prop_lut5_I4_O)        0.124     6.921 r  u_divider/counter[25]_i_6/O
                         net (fo=1, routed)           0.572     7.493    u_divider/counter[25]_i_6_n_0
    SLICE_X31Y41         LUT6 (Prop_lut6_I5_O)        0.124     7.617 r  u_divider/counter[25]_i_3/O
                         net (fo=1, routed)           0.485     8.102    u_divider/counter[25]_i_3_n_0
    SLICE_X31Y40         LUT6 (Prop_lut6_I0_O)        0.124     8.226 r  u_divider/counter[25]_i_2/O
                         net (fo=26, routed)          1.260     9.485    u_divider/counter[25]_i_2_n_0
    SLICE_X31Y45         LUT2 (Prop_lut2_I0_O)        0.124     9.609 r  u_divider/counter[22]_i_1/O
                         net (fo=1, routed)           0.000     9.609    u_divider/counter_0[22]
    SLICE_X31Y45         FDCE                                         r  u_divider/counter_reg[22]/D
  -------------------------------------------------------------------    -------------------

                         (clock sys_clk_pin rise edge)
                                                     10.000    10.000 r  
    W5                                                0.000    10.000 r  clk (IN)
                         net (fo=0)                   0.000    10.000    clk
    W5                   IBUF (Prop_ibuf_I_O)         1.388    11.388 r  clk_IBUF_inst/O
                         net (fo=1, routed)           1.862    13.250    clk_IBUF
    BUFGCTRL_X0Y1        BUFG (Prop_bufg_I_O)         0.091    13.341 r  clk_IBUF_BUFG_inst/O
                         net (fo=144, routed)         1.445    14.786    u_divider/clk_IBUF_BUFG
    SLICE_X31Y45         FDCE                                         r  u_divider/counter_reg[22]/C
                         clock pessimism              0.275    15.061    
                         clock uncertainty           -0.035    15.026    
    SLICE_X31Y45         FDCE (Setup_fdce_C_D)        0.029    15.055    u_divider/counter_reg[22]
  -------------------------------------------------------------------
                         required time                         15.055    
                         arrival time                          -9.609    
  -------------------------------------------------------------------
                         slack                                  5.446    

Slack (MET) :             5.450ns  (required time - arrival time)
  Source:                 u_divider/counter_reg[19]/C
                            (rising edge-triggered cell FDCE clocked by sys_clk_pin  {rise@0.000ns fall@5.000ns period=10.000ns})
  Destination:            u_divider/counter_reg[23]/D
                            (rising edge-triggered cell FDCE clocked by sys_clk_pin  {rise@0.000ns fall@5.000ns period=10.000ns})
  Path Group:             sys_clk_pin
  Path Type:              Setup (Max at Slow Process Corner)
  Requirement:            10.000ns  (sys_clk_pin rise@10.000ns - sys_clk_pin rise@0.000ns)
  Data Path Delay:        4.521ns  (logic 1.076ns (23.800%)  route 3.445ns (76.200%))
  Logic Levels:           5  (LUT2=1 LUT4=1 LUT5=1 LUT6=2)
  Clock Path Skew:        -0.025ns (DCD - SCD + CPR)
    Destination Clock Delay (DCD):    4.786ns = ( 14.786 - 10.000 ) 
    Source Clock Delay      (SCD):    5.086ns
    Clock Pessimism Removal (CPR):    0.275ns
  Clock Uncertainty:      0.035ns  ((TSJ^2 + TIJ^2)^1/2 + DJ) / 2 + PE
    Total System Jitter     (TSJ):    0.071ns
    Total Input Jitter      (TIJ):    0.000ns
    Discrete Jitter          (DJ):    0.000ns
    Phase Error              (PE):    0.000ns

    Location             Delay type                Incr(ns)  Path(ns)    Netlist Resource(s)
  -------------------------------------------------------------------    -------------------
                         (clock sys_clk_pin rise edge)
                                                      0.000     0.000 r  
    W5                                                0.000     0.000 r  clk (IN)
                         net (fo=0)                   0.000     0.000    clk
    W5                   IBUF (Prop_ibuf_I_O)         1.458     1.458 r  clk_IBUF_inst/O
                         net (fo=1, routed)           1.967     3.425    clk_IBUF
    BUFGCTRL_X0Y1        BUFG (Prop_bufg_I_O)         0.096     3.521 r  clk_IBUF_BUFG_inst/O
                         net (fo=144, routed)         1.565     5.086    u_divider/clk_IBUF_BUFG
    SLICE_X31Y44         FDCE                                         r  u_divider/counter_reg[19]/C
  -------------------------------------------------------------------    -------------------
    SLICE_X31Y44         FDCE (Prop_fdce_C_Q)         0.456     5.542 f  u_divider/counter_reg[19]/Q
                         net (fo=2, routed)           0.700     6.243    u_divider/counter[19]
    SLICE_X31Y44         LUT4 (Prop_lut4_I0_O)        0.124     6.367 r  u_divider/counter[25]_i_7/O
                         net (fo=1, routed)           0.431     6.797    u_divider/counter[25]_i_7_n_0
    SLICE_X31Y43         LUT5 (Prop_lut5_I4_O)        0.124     6.921 r  u_divider/counter[25]_i_6/O
                         net (fo=1, routed)           0.572     7.493    u_divider/counter[25]_i_6_n_0
    SLICE_X31Y41         LUT6 (Prop_lut6_I5_O)        0.124     7.617 r  u_divider/counter[25]_i_3/O
                         net (fo=1, routed)           0.485     8.102    u_divider/counter[25]_i_3_n_0
    SLICE_X31Y40         LUT6 (Prop_lut6_I0_O)        0.124     8.226 r  u_divider/counter[25]_i_2/O
                         net (fo=26, routed)          1.258     9.483    u_divider/counter[25]_i_2_n_0
    SLICE_X31Y45         LUT2 (Prop_lut2_I0_O)        0.124     9.607 r  u_divider/counter[23]_i_1/O
                         net (fo=1, routed)           0.000     9.607    u_divider/counter_0[23]
    SLICE_X31Y45         FDCE                                         r  u_divider/counter_reg[23]/D
  -------------------------------------------------------------------    -------------------

                         (clock sys_clk_pin rise edge)
                                                     10.000    10.000 r  
    W5                                                0.000    10.000 r  clk (IN)
                         net (fo=0)                   0.000    10.000    clk
    W5                   IBUF (Prop_ibuf_I_O)         1.388    11.388 r  clk_IBUF_inst/O
                         net (fo=1, routed)           1.862    13.250    clk_IBUF
    BUFGCTRL_X0Y1        BUFG (Prop_bufg_I_O)         0.091    13.341 r  clk_IBUF_BUFG_inst/O
                         net (fo=144, routed)         1.445    14.786    u_divider/clk_IBUF_BUFG
    SLICE_X31Y45         FDCE                                         r  u_divider/counter_reg[23]/C
                         clock pessimism              0.275    15.061    
                         clock uncertainty           -0.035    15.026    
    SLICE_X31Y45         FDCE (Setup_fdce_C_D)        0.031    15.057    u_divider/counter_reg[23]
  -------------------------------------------------------------------
                         required time                         15.057    
                         arrival time                          -9.607    
  -------------------------------------------------------------------
                         slack                                  5.450    

Slack (MET) :             5.466ns  (required time - arrival time)
  Source:                 u_divider/counter_reg[19]/C
                            (rising edge-triggered cell FDCE clocked by sys_clk_pin  {rise@0.000ns fall@5.000ns period=10.000ns})
  Destination:            u_divider/counter_reg[25]/D
                            (rising edge-triggered cell FDCE clocked by sys_clk_pin  {rise@0.000ns fall@5.000ns period=10.000ns})
  Path Group:             sys_clk_pin
  Path Type:              Setup (Max at Slow Process Corner)
  Requirement:            10.000ns  (sys_clk_pin rise@10.000ns - sys_clk_pin rise@0.000ns)
  Data Path Delay:        4.549ns  (logic 1.102ns (24.225%)  route 3.447ns (75.775%))
  Logic Levels:           5  (LUT2=1 LUT4=1 LUT5=1 LUT6=2)
  Clock Path Skew:        -0.025ns (DCD - SCD + CPR)
    Destination Clock Delay (DCD):    4.786ns = ( 14.786 - 10.000 ) 
    Source Clock Delay      (SCD):    5.086ns
    Clock Pessimism Removal (CPR):    0.275ns
  Clock Uncertainty:      0.035ns  ((TSJ^2 + TIJ^2)^1/2 + DJ) / 2 + PE
    Total System Jitter     (TSJ):    0.071ns
    Total Input Jitter      (TIJ):    0.000ns
    Discrete Jitter          (DJ):    0.000ns
    Phase Error              (PE):    0.000ns

    Location             Delay type                Incr(ns)  Path(ns)    Netlist Resource(s)
  -------------------------------------------------------------------    -------------------
                         (clock sys_clk_pin rise edge)
                                                      0.000     0.000 r  
    W5                                                0.000     0.000 r  clk (IN)
                         net (fo=0)                   0.000     0.000    clk
    W5                   IBUF (Prop_ibuf_I_O)         1.458     1.458 r  clk_IBUF_inst/O
                         net (fo=1, routed)           1.967     3.425    clk_IBUF
    BUFGCTRL_X0Y1        BUFG (Prop_bufg_I_O)         0.096     3.521 r  clk_IBUF_BUFG_inst/O
                         net (fo=144, routed)         1.565     5.086    u_divider/clk_IBUF_BUFG
    SLICE_X31Y44         FDCE                                         r  u_divider/counter_reg[19]/C
  -------------------------------------------------------------------    -------------------
    SLICE_X31Y44         FDCE (Prop_fdce_C_Q)         0.456     5.542 f  u_divider/counter_reg[19]/Q
                         net (fo=2, routed)           0.700     6.243    u_divider/counter[19]
    SLICE_X31Y44         LUT4 (Prop_lut4_I0_O)        0.124     6.367 r  u_divider/counter[25]_i_7/O
                         net (fo=1, routed)           0.431     6.797    u_divider/counter[25]_i_7_n_0
    SLICE_X31Y43         LUT5 (Prop_lut5_I4_O)        0.124     6.921 r  u_divider/counter[25]_i_6/O
                         net (fo=1, routed)           0.572     7.493    u_divider/counter[25]_i_6_n_0
    SLICE_X31Y41         LUT6 (Prop_lut6_I5_O)        0.124     7.617 r  u_divider/counter[25]_i_3/O
                         net (fo=1, routed)           0.485     8.102    u_divider/counter[25]_i_3_n_0
    SLICE_X31Y40         LUT6 (Prop_lut6_I0_O)        0.124     8.226 r  u_divider/counter[25]_i_2/O
                         net (fo=26, routed)          1.260     9.485    u_divider/counter[25]_i_2_n_0
    SLICE_X31Y45         LUT2 (Prop_lut2_I0_O)        0.150     9.635 r  u_divider/counter[25]_i_1/O
                         net (fo=1, routed)           0.000     9.635    u_divider/counter_0[25]
    SLICE_X31Y45         FDCE                                         r  u_divider/counter_reg[25]/D
  -------------------------------------------------------------------    -------------------

                         (clock sys_clk_pin rise edge)
                                                     10.000    10.000 r  
    W5                                                0.000    10.000 r  clk (IN)
                         net (fo=0)                   0.000    10.000    clk
    W5                   IBUF (Prop_ibuf_I_O)         1.388    11.388 r  clk_IBUF_inst/O
                         net (fo=1, routed)           1.862    13.250    clk_IBUF
    BUFGCTRL_X0Y1        BUFG (Prop_bufg_I_O)         0.091    13.341 r  clk_IBUF_BUFG_inst/O
                         net (fo=144, routed)         1.445    14.786    u_divider/clk_IBUF_BUFG
    SLICE_X31Y45         FDCE                                         r  u_divider/counter_reg[25]/C
                         clock pessimism              0.275    15.061    
                         clock uncertainty           -0.035    15.026    
    SLICE_X31Y45         FDCE (Setup_fdce_C_D)        0.075    15.101    u_divider/counter_reg[25]
  -------------------------------------------------------------------
                         required time                         15.101    
                         arrival time                          -9.635    
  -------------------------------------------------------------------
                         slack                                  5.466    

Slack (MET) :             5.468ns  (required time - arrival time)
  Source:                 u_divider/counter_reg[19]/C
                            (rising edge-triggered cell FDCE clocked by sys_clk_pin  {rise@0.000ns fall@5.000ns period=10.000ns})
  Destination:            u_divider/counter_reg[24]/D
                            (rising edge-triggered cell FDCE clocked by sys_clk_pin  {rise@0.000ns fall@5.000ns period=10.000ns})
  Path Group:             sys_clk_pin
  Path Type:              Setup (Max at Slow Process Corner)
  Requirement:            10.000ns  (sys_clk_pin rise@10.000ns - sys_clk_pin rise@0.000ns)
  Data Path Delay:        4.547ns  (logic 1.102ns (24.236%)  route 3.445ns (75.764%))
  Logic Levels:           5  (LUT2=1 LUT4=1 LUT5=1 LUT6=2)
  Clock Path Skew:        -0.025ns (DCD - SCD + CPR)
    Destination Clock Delay (DCD):    4.786ns = ( 14.786 - 10.000 ) 
    Source Clock Delay      (SCD):    5.086ns
    Clock Pessimism Removal (CPR):    0.275ns
  Clock Uncertainty:      0.035ns  ((TSJ^2 + TIJ^2)^1/2 + DJ) / 2 + PE
    Total System Jitter     (TSJ):    0.071ns
    Total Input Jitter      (TIJ):    0.000ns
    Discrete Jitter          (DJ):    0.000ns
    Phase Error              (PE):    0.000ns

    Location             Delay type                Incr(ns)  Path(ns)    Netlist Resource(s)
  -------------------------------------------------------------------    -------------------
                         (clock sys_clk_pin rise edge)
                                                      0.000     0.000 r  
    W5                                                0.000     0.000 r  clk (IN)
                         net (fo=0)                   0.000     0.000    clk
    W5                   IBUF (Prop_ibuf_I_O)         1.458     1.458 r  clk_IBUF_inst/O
                         net (fo=1, routed)           1.967     3.425    clk_IBUF
    BUFGCTRL_X0Y1        BUFG (Prop_bufg_I_O)         0.096     3.521 r  clk_IBUF_BUFG_inst/O
                         net (fo=144, routed)         1.565     5.086    u_divider/clk_IBUF_BUFG
    SLICE_X31Y44         FDCE                                         r  u_divider/counter_reg[19]/C
  -------------------------------------------------------------------    -------------------
    SLICE_X31Y44         FDCE (Prop_fdce_C_Q)         0.456     5.542 f  u_divider/counter_reg[19]/Q
                         net (fo=2, routed)           0.700     6.243    u_divider/counter[19]
    SLICE_X31Y44         LUT4 (Prop_lut4_I0_O)        0.124     6.367 r  u_divider/counter[25]_i_7/O
                         net (fo=1, routed)           0.431     6.797    u_divider/counter[25]_i_7_n_0
    SLICE_X31Y43         LUT5 (Prop_lut5_I4_O)        0.124     6.921 r  u_divider/counter[25]_i_6/O
                         net (fo=1, routed)           0.572     7.493    u_divider/counter[25]_i_6_n_0
    SLICE_X31Y41         LUT6 (Prop_lut6_I5_O)        0.124     7.617 r  u_divider/counter[25]_i_3/O
                         net (fo=1, routed)           0.485     8.102    u_divider/counter[25]_i_3_n_0
    SLICE_X31Y40         LUT6 (Prop_lut6_I0_O)        0.124     8.226 r  u_divider/counter[25]_i_2/O
                         net (fo=26, routed)          1.258     9.483    u_divider/counter[25]_i_2_n_0
    SLICE_X31Y45         LUT2 (Prop_lut2_I0_O)        0.150     9.633 r  u_divider/counter[24]_i_1/O
                         net (fo=1, routed)           0.000     9.633    u_divider/counter_0[24]
    SLICE_X31Y45         FDCE                                         r  u_divider/counter_reg[24]/D
  -------------------------------------------------------------------    -------------------

                         (clock sys_clk_pin rise edge)
                                                     10.000    10.000 r  
    W5                                                0.000    10.000 r  clk (IN)
                         net (fo=0)                   0.000    10.000    clk
    W5                   IBUF (Prop_ibuf_I_O)         1.388    11.388 r  clk_IBUF_inst/O
                         net (fo=1, routed)           1.862    13.250    clk_IBUF
    BUFGCTRL_X0Y1        BUFG (Prop_bufg_I_O)         0.091    13.341 r  clk_IBUF_BUFG_inst/O
                         net (fo=144, routed)         1.445    14.786    u_divider/clk_IBUF_BUFG
    SLICE_X31Y45         FDCE                                         r  u_divider/counter_reg[24]/C
                         clock pessimism              0.275    15.061    
                         clock uncertainty           -0.035    15.026    
    SLICE_X31Y45         FDCE (Setup_fdce_C_D)        0.075    15.101    u_divider/counter_reg[24]
  -------------------------------------------------------------------
                         required time                         15.101    
                         arrival time                          -9.633    
  -------------------------------------------------------------------
                         slack                                  5.468    

Slack (MET) :             5.631ns  (required time - arrival time)
  Source:                 u_divider/counter_reg[19]/C
                            (rising edge-triggered cell FDCE clocked by sys_clk_pin  {rise@0.000ns fall@5.000ns period=10.000ns})
  Destination:            u_divider/counter_reg[18]/D
                            (rising edge-triggered cell FDCE clocked by sys_clk_pin  {rise@0.000ns fall@5.000ns period=10.000ns})
  Path Group:             sys_clk_pin
  Path Type:              Setup (Max at Slow Process Corner)
  Requirement:            10.000ns  (sys_clk_pin rise@10.000ns - sys_clk_pin rise@0.000ns)
  Data Path Delay:        4.363ns  (logic 1.076ns (24.662%)  route 3.287ns (75.338%))
  Logic Levels:           5  (LUT2=1 LUT4=1 LUT5=1 LUT6=2)
  Clock Path Skew:        0.000ns (DCD - SCD + CPR)
    Destination Clock Delay (DCD):    4.786ns = ( 14.786 - 10.000 ) 
    Source Clock Delay      (SCD):    5.086ns
    Clock Pessimism Removal (CPR):    0.300ns
  Clock Uncertainty:      0.035ns  ((TSJ^2 + TIJ^2)^1/2 + DJ) / 2 + PE
    Total System Jitter     (TSJ):    0.071ns
    Total Input Jitter      (TIJ):    0.000ns
    Discrete Jitter          (DJ):    0.000ns
    Phase Error              (PE):    0.000ns

    Location             Delay type                Incr(ns)  Path(ns)    Netlist Resource(s)
  -------------------------------------------------------------------    -------------------
                         (clock sys_clk_pin rise edge)
                                                      0.000     0.000 r  
    W5                                                0.000     0.000 r  clk (IN)
                         net (fo=0)                   0.000     0.000    clk
    W5                   IBUF (Prop_ibuf_I_O)         1.458     1.458 r  clk_IBUF_inst/O
                         net (fo=1, routed)           1.967     3.425    clk_IBUF
    BUFGCTRL_X0Y1        BUFG (Prop_bufg_I_O)         0.096     3.521 r  clk_IBUF_BUFG_inst/O
                         net (fo=144, routed)         1.565     5.086    u_divider/clk_IBUF_BUFG
    SLICE_X31Y44         FDCE                                         r  u_divider/counter_reg[19]/C
  -------------------------------------------------------------------    -------------------
    SLICE_X31Y44         FDCE (Prop_fdce_C_Q)         0.456     5.542 f  u_divider/counter_reg[19]/Q
                         net (fo=2, routed)           0.700     6.243    u_divider/counter[19]
    SLICE_X31Y44         LUT4 (Prop_lut4_I0_O)        0.124     6.367 r  u_divider/counter[25]_i_7/O
                         net (fo=1, routed)           0.431     6.797    u_divider/counter[25]_i_7_n_0
    SLICE_X31Y43         LUT5 (Prop_lut5_I4_O)        0.124     6.921 r  u_divider/counter[25]_i_6/O
                         net (fo=1, routed)           0.572     7.493    u_divider/counter[25]_i_6_n_0
    SLICE_X31Y41         LUT6 (Prop_lut6_I5_O)        0.124     7.617 r  u_divider/counter[25]_i_3/O
                         net (fo=1, routed)           0.485     8.102    u_divider/counter[25]_i_3_n_0
    SLICE_X31Y40         LUT6 (Prop_lut6_I0_O)        0.124     8.226 r  u_divider/counter[25]_i_2/O
                         net (fo=26, routed)          1.100     9.325    u_divider/counter[25]_i_2_n_0
    SLICE_X31Y44         LUT2 (Prop_lut2_I0_O)        0.124     9.449 r  u_divider/counter[18]_i_1/O
                         net (fo=1, routed)           0.000     9.449    u_divider/counter_0[18]
    SLICE_X31Y44         FDCE                                         r  u_divider/counter_reg[18]/D
  -------------------------------------------------------------------    -------------------

                         (clock sys_clk_pin rise edge)
                                                     10.000    10.000 r  
    W5                                                0.000    10.000 r  clk (IN)
                         net (fo=0)                   0.000    10.000    clk
    W5                   IBUF (Prop_ibuf_I_O)         1.388    11.388 r  clk_IBUF_inst/O
                         net (fo=1, routed)           1.862    13.250    clk_IBUF
    BUFGCTRL_X0Y1        BUFG (Prop_bufg_I_O)         0.091    13.341 r  clk_IBUF_BUFG_inst/O
                         net (fo=144, routed)         1.445    14.786    u_divider/clk_IBUF_BUFG
    SLICE_X31Y44         FDCE                                         r  u_divider/counter_reg[18]/C
                         clock pessimism              0.300    15.086    
                         clock uncertainty           -0.035    15.051    
    SLICE_X31Y44         FDCE (Setup_fdce_C_D)        0.029    15.080    u_divider/counter_reg[18]
  -------------------------------------------------------------------
                         required time                         15.080    
                         arrival time                          -9.449    
  -------------------------------------------------------------------
                         slack                                  5.631    

Slack (MET) :             5.635ns  (required time - arrival time)
  Source:                 u_divider/counter_reg[19]/C
                            (rising edge-triggered cell FDCE clocked by sys_clk_pin  {rise@0.000ns fall@5.000ns period=10.000ns})
  Destination:            u_divider/counter_reg[19]/D
                            (rising edge-triggered cell FDCE clocked by sys_clk_pin  {rise@0.000ns fall@5.000ns period=10.000ns})
  Path Group:             sys_clk_pin
  Path Type:              Setup (Max at Slow Process Corner)
  Requirement:            10.000ns  (sys_clk_pin rise@10.000ns - sys_clk_pin rise@0.000ns)
  Data Path Delay:        4.361ns  (logic 1.076ns (24.674%)  route 3.285ns (75.326%))
  Logic Levels:           5  (LUT2=1 LUT4=1 LUT5=1 LUT6=2)
  Clock Path Skew:        0.000ns (DCD - SCD + CPR)
    Destination Clock Delay (DCD):    4.786ns = ( 14.786 - 10.000 ) 
    Source Clock Delay      (SCD):    5.086ns
    Clock Pessimism Removal (CPR):    0.300ns
  Clock Uncertainty:      0.035ns  ((TSJ^2 + TIJ^2)^1/2 + DJ) / 2 + PE
    Total System Jitter     (TSJ):    0.071ns
    Total Input Jitter      (TIJ):    0.000ns
    Discrete Jitter          (DJ):    0.000ns
    Phase Error              (PE):    0.000ns

    Location             Delay type                Incr(ns)  Path(ns)    Netlist Resource(s)
  -------------------------------------------------------------------    -------------------
                         (clock sys_clk_pin rise edge)
                                                      0.000     0.000 r  
    W5                                                0.000     0.000 r  clk (IN)
                         net (fo=0)                   0.000     0.000    clk
    W5                   IBUF (Prop_ibuf_I_O)         1.458     1.458 r  clk_IBUF_inst/O
                         net (fo=1, routed)           1.967     3.425    clk_IBUF
    BUFGCTRL_X0Y1        BUFG (Prop_bufg_I_O)         0.096     3.521 r  clk_IBUF_BUFG_inst/O
                         net (fo=144, routed)         1.565     5.086    u_divider/clk_IBUF_BUFG
    SLICE_X31Y44         FDCE                                         r  u_divider/counter_reg[19]/C
  -------------------------------------------------------------------    -------------------
    SLICE_X31Y44         FDCE (Prop_fdce_C_Q)         0.456     5.542 f  u_divider/counter_reg[19]/Q
                         net (fo=2, routed)           0.700     6.243    u_divider/counter[19]
    SLICE_X31Y44         LUT4 (Prop_lut4_I0_O)        0.124     6.367 r  u_divider/counter[25]_i_7/O
                         net (fo=1, routed)           0.431     6.797    u_divider/counter[25]_i_7_n_0
    SLICE_X31Y43         LUT5 (Prop_lut5_I4_O)        0.124     6.921 r  u_divider/counter[25]_i_6/O
                         net (fo=1, routed)           0.572     7.493    u_divider/counter[25]_i_6_n_0
    SLICE_X31Y41         LUT6 (Prop_lut6_I5_O)        0.124     7.617 r  u_divider/counter[25]_i_3/O
                         net (fo=1, routed)           0.485     8.102    u_divider/counter[25]_i_3_n_0
    SLICE_X31Y40         LUT6 (Prop_lut6_I0_O)        0.124     8.226 r  u_divider/counter[25]_i_2/O
                         net (fo=26, routed)          1.098     9.323    u_divider/counter[25]_i_2_n_0
    SLICE_X31Y44         LUT2 (Prop_lut2_I0_O)        0.124     9.447 r  u_divider/counter[19]_i_1/O
                         net (fo=1, routed)           0.000     9.447    u_divider/counter_0[19]
    SLICE_X31Y44         FDCE                                         r  u_divider/counter_reg[19]/D
  -------------------------------------------------------------------    -------------------

                         (clock sys_clk_pin rise edge)
                                                     10.000    10.000 r  
    W5                                                0.000    10.000 r  clk (IN)
                         net (fo=0)                   0.000    10.000    clk
    W5                   IBUF (Prop_ibuf_I_O)         1.388    11.388 r  clk_IBUF_inst/O
                         net (fo=1, routed)           1.862    13.250    clk_IBUF
    BUFGCTRL_X0Y1        BUFG (Prop_bufg_I_O)         0.091    13.341 r  clk_IBUF_BUFG_inst/O
                         net (fo=144, routed)         1.445    14.786    u_divider/clk_IBUF_BUFG
    SLICE_X31Y44         FDCE                                         r  u_divider/counter_reg[19]/C
                         clock pessimism              0.300    15.086    
                         clock uncertainty           -0.035    15.051    
    SLICE_X31Y44         FDCE (Setup_fdce_C_D)        0.031    15.082    u_divider/counter_reg[19]
  -------------------------------------------------------------------
                         required time                         15.082    
                         arrival time                          -9.447    
  -------------------------------------------------------------------
                         slack                                  5.635    





Min Delay Paths
--------------------------------------------------------------------------------------
Slack (MET) :             0.190ns  (arrival time - required time)
  Source:                 u_debounceAlu/pbout_reg/C
                            (rising edge-triggered cell FDRE clocked by sys_clk_pin  {rise@0.000ns fall@5.000ns period=10.000ns})
  Destination:            aluMode_reg/D
                            (rising edge-triggered cell FDCE clocked by sys_clk_pin  {rise@0.000ns fall@5.000ns period=10.000ns})
  Path Group:             sys_clk_pin
  Path Type:              Hold (Min at Fast Process Corner)
  Requirement:            0.000ns  (sys_clk_pin rise@0.000ns - sys_clk_pin rise@0.000ns)
  Data Path Delay:        0.294ns  (logic 0.186ns (63.272%)  route 0.108ns (36.728%))
  Logic Levels:           1  (LUT2=1)
  Clock Path Skew:        0.013ns (DCD - SCD - CPR)
    Destination Clock Delay (DCD):    1.960ns
    Source Clock Delay      (SCD):    1.447ns
    Clock Pessimism Removal (CPR):    0.500ns

    Location             Delay type                Incr(ns)  Path(ns)    Netlist Resource(s)
  -------------------------------------------------------------------    -------------------
                         (clock sys_clk_pin rise edge)
                                                      0.000     0.000 r  
    W5                                                0.000     0.000 r  clk (IN)
                         net (fo=0)                   0.000     0.000    clk
    W5                   IBUF (Prop_ibuf_I_O)         0.226     0.226 r  clk_IBUF_inst/O
                         net (fo=1, routed)           0.631     0.858    clk_IBUF
    BUFGCTRL_X0Y1        BUFG (Prop_bufg_I_O)         0.026     0.884 r  clk_IBUF_BUFG_inst/O
                         net (fo=144, routed)         0.564     1.447    u_debounceAlu/clk_IBUF_BUFG
    SLICE_X37Y47         FDRE                                         r  u_debounceAlu/pbout_reg/C
  -------------------------------------------------------------------    -------------------
    SLICE_X37Y47         FDRE (Prop_fdre_C_Q)         0.141     1.588 r  u_debounceAlu/pbout_reg/Q
                         net (fo=3, routed)           0.108     1.696    u_debounceAlu/pbout_reg_n_0
    SLICE_X36Y47         LUT2 (Prop_lut2_I0_O)        0.045     1.741 r  u_debounceAlu/aluMode_i_1/O
                         net (fo=1, routed)           0.000     1.741    u_debounceAlu_n_0
    SLICE_X36Y47         FDCE                                         r  aluMode_reg/D
  -------------------------------------------------------------------    -------------------

                         (clock sys_clk_pin rise edge)
                                                      0.000     0.000 r  
    W5                                                0.000     0.000 r  clk (IN)
                         net (fo=0)                   0.000     0.000    clk
    W5                   IBUF (Prop_ibuf_I_O)         0.414     0.414 r  clk_IBUF_inst/O
                         net (fo=1, routed)           0.685     1.099    clk_IBUF
    BUFGCTRL_X0Y1        BUFG (Prop_bufg_I_O)         0.029     1.128 r  clk_IBUF_BUFG_inst/O
                         net (fo=144, routed)         0.833     1.960    clk_IBUF_BUFG
    SLICE_X36Y47         FDCE                                         r  aluMode_reg/C
                         clock pessimism             -0.500     1.460    
    SLICE_X36Y47         FDCE (Hold_fdce_C_D)         0.091     1.551    aluMode_reg
  -------------------------------------------------------------------
                         required time                         -1.551    
                         arrival time                           1.741    
  -------------------------------------------------------------------
                         slack                                  0.190    

Slack (MET) :             0.199ns  (arrival time - required time)
  Source:                 u_debounce/pbout_reg/C
                            (rising edge-triggered cell FDRE clocked by sys_clk_pin  {rise@0.000ns fall@5.000ns period=10.000ns})
  Destination:            debugMode_reg/D
                            (rising edge-triggered cell FDPE clocked by sys_clk_pin  {rise@0.000ns fall@5.000ns period=10.000ns})
  Path Group:             sys_clk_pin
  Path Type:              Hold (Min at Fast Process Corner)
  Requirement:            0.000ns  (sys_clk_pin rise@0.000ns - sys_clk_pin rise@0.000ns)
  Data Path Delay:        0.303ns  (logic 0.209ns (68.923%)  route 0.094ns (31.077%))
  Logic Levels:           1  (LUT2=1)
  Clock Path Skew:        0.013ns (DCD - SCD - CPR)
    Destination Clock Delay (DCD):    1.958ns
    Source Clock Delay      (SCD):    1.445ns
    Clock Pessimism Removal (CPR):    0.500ns

    Location             Delay type                Incr(ns)  Path(ns)    Netlist Resource(s)
  -------------------------------------------------------------------    -------------------
                         (clock sys_clk_pin rise edge)
                                                      0.000     0.000 r  
    W5                                                0.000     0.000 r  clk (IN)
                         net (fo=0)                   0.000     0.000    clk
    W5                   IBUF (Prop_ibuf_I_O)         0.226     0.226 r  clk_IBUF_inst/O
                         net (fo=1, routed)           0.631     0.858    clk_IBUF
    BUFGCTRL_X0Y1        BUFG (Prop_bufg_I_O)         0.026     0.884 r  clk_IBUF_BUFG_inst/O
                         net (fo=144, routed)         0.562     1.445    u_debounce/clk_IBUF_BUFG
    SLICE_X30Y42         FDRE                                         r  u_debounce/pbout_reg/C
  -------------------------------------------------------------------    -------------------
    SLICE_X30Y42         FDRE (Prop_fdre_C_Q)         0.164     1.609 r  u_debounce/pbout_reg/Q
                         net (fo=3, routed)           0.094     1.703    u_debounce/pbout
    SLICE_X31Y42         LUT2 (Prop_lut2_I0_O)        0.045     1.748 r  u_debounce/debugMode_i_1/O
                         net (fo=1, routed)           0.000     1.748    u_debounce_n_0
    SLICE_X31Y42         FDPE                                         r  debugMode_reg/D
  -------------------------------------------------------------------    -------------------

                         (clock sys_clk_pin rise edge)
                                                      0.000     0.000 r  
    W5                                                0.000     0.000 r  clk (IN)
                         net (fo=0)                   0.000     0.000    clk
    W5                   IBUF (Prop_ibuf_I_O)         0.414     0.414 r  clk_IBUF_inst/O
                         net (fo=1, routed)           0.685     1.099    clk_IBUF
    BUFGCTRL_X0Y1        BUFG (Prop_bufg_I_O)         0.029     1.128 r  clk_IBUF_BUFG_inst/O
                         net (fo=144, routed)         0.831     1.958    clk_IBUF_BUFG
    SLICE_X31Y42         FDPE                                         r  debugMode_reg/C
                         clock pessimism             -0.500     1.458    
    SLICE_X31Y42         FDPE (Hold_fdpe_C_D)         0.091     1.549    debugMode_reg
  -------------------------------------------------------------------
                         required time                         -1.549    
                         arrival time                           1.748    
  -------------------------------------------------------------------
                         slack                                  0.199    

Slack (MET) :             0.245ns  (arrival time - required time)
  Source:                 u_debounceLeft/sync_reg[0]/C
                            (rising edge-triggered cell FDRE clocked by sys_clk_pin  {rise@0.000ns fall@5.000ns period=10.000ns})
  Destination:            u_debounceLeft/sync_reg[1]/D
                            (rising edge-triggered cell FDRE clocked by sys_clk_pin  {rise@0.000ns fall@5.000ns period=10.000ns})
  Path Group:             sys_clk_pin
  Path Type:              Hold (Min at Fast Process Corner)
  Requirement:            0.000ns  (sys_clk_pin rise@0.000ns - sys_clk_pin rise@0.000ns)
  Data Path Delay:        0.311ns  (logic 0.141ns (45.298%)  route 0.170ns (54.702%))
  Logic Levels:           0  
  Clock Path Skew:        0.000ns (DCD - SCD - CPR)
    Destination Clock Delay (DCD):    1.959ns
    Source Clock Delay      (SCD):    1.445ns
    Clock Pessimism Removal (CPR):    0.514ns

    Location             Delay type                Incr(ns)  Path(ns)    Netlist Resource(s)
  -------------------------------------------------------------------    -------------------
                         (clock sys_clk_pin rise edge)
                                                      0.000     0.000 r  
    W5                                                0.000     0.000 r  clk (IN)
                         net (fo=0)                   0.000     0.000    clk
    W5                   IBUF (Prop_ibuf_I_O)         0.226     0.226 r  clk_IBUF_inst/O
                         net (fo=1, routed)           0.631     0.858    clk_IBUF
    BUFGCTRL_X0Y1        BUFG (Prop_bufg_I_O)         0.026     0.884 r  clk_IBUF_BUFG_inst/O
                         net (fo=144, routed)         0.562     1.445    u_debounceLeft/clk_IBUF_BUFG
    SLICE_X41Y41         FDRE                                         r  u_debounceLeft/sync_reg[0]/C
  -------------------------------------------------------------------    -------------------
    SLICE_X41Y41         FDRE (Prop_fdre_C_Q)         0.141     1.586 r  u_debounceLeft/sync_reg[0]/Q
                         net (fo=1, routed)           0.170     1.756    u_debounceLeft/sync_reg_n_0_[0]
    SLICE_X41Y41         FDRE                                         r  u_debounceLeft/sync_reg[1]/D
  -------------------------------------------------------------------    -------------------

                         (clock sys_clk_pin rise edge)
                                                      0.000     0.000 r  
    W5                                                0.000     0.000 r  clk (IN)
                         net (fo=0)                   0.000     0.000    clk
    W5                   IBUF (Prop_ibuf_I_O)         0.414     0.414 r  clk_IBUF_inst/O
                         net (fo=1, routed)           0.685     1.099    clk_IBUF
    BUFGCTRL_X0Y1        BUFG (Prop_bufg_I_O)         0.029     1.128 r  clk_IBUF_BUFG_inst/O
                         net (fo=144, routed)         0.832     1.959    u_debounceLeft/clk_IBUF_BUFG
    SLICE_X41Y41         FDRE                                         r  u_debounceLeft/sync_reg[1]/C
                         clock pessimism             -0.514     1.445    
    SLICE_X41Y41         FDRE (Hold_fdre_C_D)         0.066     1.511    u_debounceLeft/sync_reg[1]
  -------------------------------------------------------------------
                         required time                         -1.511    
                         arrival time                           1.756    
  -------------------------------------------------------------------
                         slack                                  0.245    

Slack (MET) :             0.252ns  (arrival time - required time)
  Source:                 u_sevenSeg/refreshCounter_reg[3]/C
                            (rising edge-triggered cell FDCE clocked by sys_clk_pin  {rise@0.000ns fall@5.000ns period=10.000ns})
  Destination:            u_sevenSeg/refreshCounter_reg[3]/D
                            (rising edge-triggered cell FDCE clocked by sys_clk_pin  {rise@0.000ns fall@5.000ns period=10.000ns})
  Path Group:             sys_clk_pin
  Path Type:              Hold (Min at Fast Process Corner)
  Requirement:            0.000ns  (sys_clk_pin rise@0.000ns - sys_clk_pin rise@0.000ns)
  Data Path Delay:        0.357ns  (logic 0.249ns (69.714%)  route 0.108ns (30.286%))
  Logic Levels:           1  (CARRY4=1)
  Clock Path Skew:        0.000ns (DCD - SCD - CPR)
    Destination Clock Delay (DCD):    1.987ns
    Source Clock Delay      (SCD):    1.473ns
    Clock Pessimism Removal (CPR):    0.514ns

    Location             Delay type                Incr(ns)  Path(ns)    Netlist Resource(s)
  -------------------------------------------------------------------    -------------------
                         (clock sys_clk_pin rise edge)
                                                      0.000     0.000 r  
    W5                                                0.000     0.000 r  clk (IN)
                         net (fo=0)                   0.000     0.000    clk
    W5                   IBUF (Prop_ibuf_I_O)         0.226     0.226 r  clk_IBUF_inst/O
                         net (fo=1, routed)           0.631     0.858    clk_IBUF
    BUFGCTRL_X0Y1        BUFG (Prop_bufg_I_O)         0.026     0.884 r  clk_IBUF_BUFG_inst/O
                         net (fo=144, routed)         0.590     1.473    u_sevenSeg/clk_IBUF_BUFG
    SLICE_X3Y87          FDCE                                         r  u_sevenSeg/refreshCounter_reg[3]/C
  -------------------------------------------------------------------    -------------------
    SLICE_X3Y87          FDCE (Prop_fdce_C_Q)         0.141     1.614 r  u_sevenSeg/refreshCounter_reg[3]/Q
                         net (fo=1, routed)           0.108     1.722    u_sevenSeg/refreshCounter_reg_n_0_[3]
    SLICE_X3Y87          CARRY4 (Prop_carry4_S[3]_O[3])
                                                      0.108     1.830 r  u_sevenSeg/refreshCounter_reg[0]_i_1/O[3]
                         net (fo=1, routed)           0.000     1.830    u_sevenSeg/refreshCounter_reg[0]_i_1_n_4
    SLICE_X3Y87          FDCE                                         r  u_sevenSeg/refreshCounter_reg[3]/D
  -------------------------------------------------------------------    -------------------

                         (clock sys_clk_pin rise edge)
                                                      0.000     0.000 r  
    W5                                                0.000     0.000 r  clk (IN)
                         net (fo=0)                   0.000     0.000    clk
    W5                   IBUF (Prop_ibuf_I_O)         0.414     0.414 r  clk_IBUF_inst/O
                         net (fo=1, routed)           0.685     1.099    clk_IBUF
    BUFGCTRL_X0Y1        BUFG (Prop_bufg_I_O)         0.029     1.128 r  clk_IBUF_BUFG_inst/O
                         net (fo=144, routed)         0.859     1.987    u_sevenSeg/clk_IBUF_BUFG
    SLICE_X3Y87          FDCE                                         r  u_sevenSeg/refreshCounter_reg[3]/C
                         clock pessimism             -0.514     1.473    
    SLICE_X3Y87          FDCE (Hold_fdce_C_D)         0.105     1.578    u_sevenSeg/refreshCounter_reg[3]
  -------------------------------------------------------------------
                         required time                         -1.578    
                         arrival time                           1.830    
  -------------------------------------------------------------------
                         slack                                  0.252    

Slack (MET) :             0.252ns  (arrival time - required time)
  Source:                 u_sevenSeg/refreshCounter_reg[11]/C
                            (rising edge-triggered cell FDCE clocked by sys_clk_pin  {rise@0.000ns fall@5.000ns period=10.000ns})
  Destination:            u_sevenSeg/refreshCounter_reg[11]/D
                            (rising edge-triggered cell FDCE clocked by sys_clk_pin  {rise@0.000ns fall@5.000ns period=10.000ns})
  Path Group:             sys_clk_pin
  Path Type:              Hold (Min at Fast Process Corner)
  Requirement:            0.000ns  (sys_clk_pin rise@0.000ns - sys_clk_pin rise@0.000ns)
  Data Path Delay:        0.357ns  (logic 0.249ns (69.714%)  route 0.108ns (30.286%))
  Logic Levels:           1  (CARRY4=1)
  Clock Path Skew:        0.000ns (DCD - SCD - CPR)
    Destination Clock Delay (DCD):    1.989ns
    Source Clock Delay      (SCD):    1.474ns
    Clock Pessimism Removal (CPR):    0.515ns

    Location             Delay type                Incr(ns)  Path(ns)    Netlist Resource(s)
  -------------------------------------------------------------------    -------------------
                         (clock sys_clk_pin rise edge)
                                                      0.000     0.000 r  
    W5                                                0.000     0.000 r  clk (IN)
                         net (fo=0)                   0.000     0.000    clk
    W5                   IBUF (Prop_ibuf_I_O)         0.226     0.226 r  clk_IBUF_inst/O
                         net (fo=1, routed)           0.631     0.858    clk_IBUF
    BUFGCTRL_X0Y1        BUFG (Prop_bufg_I_O)         0.026     0.884 r  clk_IBUF_BUFG_inst/O
                         net (fo=144, routed)         0.591     1.474    u_sevenSeg/clk_IBUF_BUFG
    SLICE_X3Y89          FDCE                                         r  u_sevenSeg/refreshCounter_reg[11]/C
  -------------------------------------------------------------------    -------------------
    SLICE_X3Y89          FDCE (Prop_fdce_C_Q)         0.141     1.615 r  u_sevenSeg/refreshCounter_reg[11]/Q
                         net (fo=1, routed)           0.108     1.723    u_sevenSeg/refreshCounter_reg_n_0_[11]
    SLICE_X3Y89          CARRY4 (Prop_carry4_S[3]_O[3])
                                                      0.108     1.831 r  u_sevenSeg/refreshCounter_reg[8]_i_1/O[3]
                         net (fo=1, routed)           0.000     1.831    u_sevenSeg/refreshCounter_reg[8]_i_1_n_4
    SLICE_X3Y89          FDCE                                         r  u_sevenSeg/refreshCounter_reg[11]/D
  -------------------------------------------------------------------    -------------------

                         (clock sys_clk_pin rise edge)
                                                      0.000     0.000 r  
    W5                                                0.000     0.000 r  clk (IN)
                         net (fo=0)                   0.000     0.000    clk
    W5                   IBUF (Prop_ibuf_I_O)         0.414     0.414 r  clk_IBUF_inst/O
                         net (fo=1, routed)           0.685     1.099    clk_IBUF
    BUFGCTRL_X0Y1        BUFG (Prop_bufg_I_O)         0.029     1.128 r  clk_IBUF_BUFG_inst/O
                         net (fo=144, routed)         0.861     1.989    u_sevenSeg/clk_IBUF_BUFG
    SLICE_X3Y89          FDCE                                         r  u_sevenSeg/refreshCounter_reg[11]/C
                         clock pessimism             -0.515     1.474    
    SLICE_X3Y89          FDCE (Hold_fdce_C_D)         0.105     1.579    u_sevenSeg/refreshCounter_reg[11]
  -------------------------------------------------------------------
                         required time                         -1.579    
                         arrival time                           1.831    
  -------------------------------------------------------------------
                         slack                                  0.252    

Slack (MET) :             0.252ns  (arrival time - required time)
  Source:                 u_sevenSeg/refreshCounter_reg[15]/C
                            (rising edge-triggered cell FDCE clocked by sys_clk_pin  {rise@0.000ns fall@5.000ns period=10.000ns})
  Destination:            u_sevenSeg/refreshCounter_reg[15]/D
                            (rising edge-triggered cell FDCE clocked by sys_clk_pin  {rise@0.000ns fall@5.000ns period=10.000ns})
  Path Group:             sys_clk_pin
  Path Type:              Hold (Min at Fast Process Corner)
  Requirement:            0.000ns  (sys_clk_pin rise@0.000ns - sys_clk_pin rise@0.000ns)
  Data Path Delay:        0.357ns  (logic 0.249ns (69.714%)  route 0.108ns (30.286%))
  Logic Levels:           1  (CARRY4=1)
  Clock Path Skew:        0.000ns (DCD - SCD - CPR)
    Destination Clock Delay (DCD):    1.990ns
    Source Clock Delay      (SCD):    1.475ns
    Clock Pessimism Removal (CPR):    0.515ns

    Location             Delay type                Incr(ns)  Path(ns)    Netlist Resource(s)
  -------------------------------------------------------------------    -------------------
                         (clock sys_clk_pin rise edge)
                                                      0.000     0.000 r  
    W5                                                0.000     0.000 r  clk (IN)
                         net (fo=0)                   0.000     0.000    clk
    W5                   IBUF (Prop_ibuf_I_O)         0.226     0.226 r  clk_IBUF_inst/O
                         net (fo=1, routed)           0.631     0.858    clk_IBUF
    BUFGCTRL_X0Y1        BUFG (Prop_bufg_I_O)         0.026     0.884 r  clk_IBUF_BUFG_inst/O
                         net (fo=144, routed)         0.592     1.475    u_sevenSeg/clk_IBUF_BUFG
    SLICE_X3Y90          FDCE                                         r  u_sevenSeg/refreshCounter_reg[15]/C
  -------------------------------------------------------------------    -------------------
    SLICE_X3Y90          FDCE (Prop_fdce_C_Q)         0.141     1.616 r  u_sevenSeg/refreshCounter_reg[15]/Q
                         net (fo=1, routed)           0.108     1.724    u_sevenSeg/refreshCounter_reg_n_0_[15]
    SLICE_X3Y90          CARRY4 (Prop_carry4_S[3]_O[3])
                                                      0.108     1.832 r  u_sevenSeg/refreshCounter_reg[12]_i_1/O[3]
                         net (fo=1, routed)           0.000     1.832    u_sevenSeg/refreshCounter_reg[12]_i_1_n_4
    SLICE_X3Y90          FDCE                                         r  u_sevenSeg/refreshCounter_reg[15]/D
  -------------------------------------------------------------------    -------------------

                         (clock sys_clk_pin rise edge)
                                                      0.000     0.000 r  
    W5                                                0.000     0.000 r  clk (IN)
                         net (fo=0)                   0.000     0.000    clk
    W5                   IBUF (Prop_ibuf_I_O)         0.414     0.414 r  clk_IBUF_inst/O
                         net (fo=1, routed)           0.685     1.099    clk_IBUF
    BUFGCTRL_X0Y1        BUFG (Prop_bufg_I_O)         0.029     1.128 r  clk_IBUF_BUFG_inst/O
                         net (fo=144, routed)         0.862     1.990    u_sevenSeg/clk_IBUF_BUFG
    SLICE_X3Y90          FDCE                                         r  u_sevenSeg/refreshCounter_reg[15]/C
                         clock pessimism             -0.515     1.475    
    SLICE_X3Y90          FDCE (Hold_fdce_C_D)         0.105     1.580    u_sevenSeg/refreshCounter_reg[15]
  -------------------------------------------------------------------
                         required time                         -1.580    
                         arrival time                           1.832    
  -------------------------------------------------------------------
                         slack                                  0.252    

Slack (MET) :             0.252ns  (arrival time - required time)
  Source:                 u_sevenSeg/refreshCounter_reg[7]/C
                            (rising edge-triggered cell FDCE clocked by sys_clk_pin  {rise@0.000ns fall@5.000ns period=10.000ns})
  Destination:            u_sevenSeg/refreshCounter_reg[7]/D
                            (rising edge-triggered cell FDCE clocked by sys_clk_pin  {rise@0.000ns fall@5.000ns period=10.000ns})
  Path Group:             sys_clk_pin
  Path Type:              Hold (Min at Fast Process Corner)
  Requirement:            0.000ns  (sys_clk_pin rise@0.000ns - sys_clk_pin rise@0.000ns)
  Data Path Delay:        0.357ns  (logic 0.249ns (69.714%)  route 0.108ns (30.286%))
  Logic Levels:           1  (CARRY4=1)
  Clock Path Skew:        0.000ns (DCD - SCD - CPR)
    Destination Clock Delay (DCD):    1.989ns
    Source Clock Delay      (SCD):    1.474ns
    Clock Pessimism Removal (CPR):    0.515ns

    Location             Delay type                Incr(ns)  Path(ns)    Netlist Resource(s)
  -------------------------------------------------------------------    -------------------
                         (clock sys_clk_pin rise edge)
                                                      0.000     0.000 r  
    W5                                                0.000     0.000 r  clk (IN)
                         net (fo=0)                   0.000     0.000    clk
    W5                   IBUF (Prop_ibuf_I_O)         0.226     0.226 r  clk_IBUF_inst/O
                         net (fo=1, routed)           0.631     0.858    clk_IBUF
    BUFGCTRL_X0Y1        BUFG (Prop_bufg_I_O)         0.026     0.884 r  clk_IBUF_BUFG_inst/O
                         net (fo=144, routed)         0.591     1.474    u_sevenSeg/clk_IBUF_BUFG
    SLICE_X3Y88          FDCE                                         r  u_sevenSeg/refreshCounter_reg[7]/C
  -------------------------------------------------------------------    -------------------
    SLICE_X3Y88          FDCE (Prop_fdce_C_Q)         0.141     1.615 r  u_sevenSeg/refreshCounter_reg[7]/Q
                         net (fo=1, routed)           0.108     1.723    u_sevenSeg/refreshCounter_reg_n_0_[7]
    SLICE_X3Y88          CARRY4 (Prop_carry4_S[3]_O[3])
                                                      0.108     1.831 r  u_sevenSeg/refreshCounter_reg[4]_i_1/O[3]
                         net (fo=1, routed)           0.000     1.831    u_sevenSeg/refreshCounter_reg[4]_i_1_n_4
    SLICE_X3Y88          FDCE                                         r  u_sevenSeg/refreshCounter_reg[7]/D
  -------------------------------------------------------------------    -------------------

                         (clock sys_clk_pin rise edge)
                                                      0.000     0.000 r  
    W5                                                0.000     0.000 r  clk (IN)
                         net (fo=0)                   0.000     0.000    clk
    W5                   IBUF (Prop_ibuf_I_O)         0.414     0.414 r  clk_IBUF_inst/O
                         net (fo=1, routed)           0.685     1.099    clk_IBUF
    BUFGCTRL_X0Y1        BUFG (Prop_bufg_I_O)         0.029     1.128 r  clk_IBUF_BUFG_inst/O
                         net (fo=144, routed)         0.861     1.989    u_sevenSeg/clk_IBUF_BUFG
    SLICE_X3Y88          FDCE                                         r  u_sevenSeg/refreshCounter_reg[7]/C
                         clock pessimism             -0.515     1.474    
    SLICE_X3Y88          FDCE (Hold_fdce_C_D)         0.105     1.579    u_sevenSeg/refreshCounter_reg[7]
  -------------------------------------------------------------------
                         required time                         -1.579    
                         arrival time                           1.831    
  -------------------------------------------------------------------
                         slack                                  0.252    

Slack (MET) :             0.256ns  (arrival time - required time)
  Source:                 u_sevenSeg/refreshCounter_reg[4]/C
                            (rising edge-triggered cell FDCE clocked by sys_clk_pin  {rise@0.000ns fall@5.000ns period=10.000ns})
  Destination:            u_sevenSeg/refreshCounter_reg[4]/D
                            (rising edge-triggered cell FDCE clocked by sys_clk_pin  {rise@0.000ns fall@5.000ns period=10.000ns})
  Path Group:             sys_clk_pin
  Path Type:              Hold (Min at Fast Process Corner)
  Requirement:            0.000ns  (sys_clk_pin rise@0.000ns - sys_clk_pin rise@0.000ns)
  Data Path Delay:        0.361ns  (logic 0.256ns (70.880%)  route 0.105ns (29.120%))
  Logic Levels:           1  (CARRY4=1)
  Clock Path Skew:        0.000ns (DCD - SCD - CPR)
    Destination Clock Delay (DCD):    1.989ns
    Source Clock Delay      (SCD):    1.474ns
    Clock Pessimism Removal (CPR):    0.515ns

    Location             Delay type                Incr(ns)  Path(ns)    Netlist Resource(s)
  -------------------------------------------------------------------    -------------------
                         (clock sys_clk_pin rise edge)
                                                      0.000     0.000 r  
    W5                                                0.000     0.000 r  clk (IN)
                         net (fo=0)                   0.000     0.000    clk
    W5                   IBUF (Prop_ibuf_I_O)         0.226     0.226 r  clk_IBUF_inst/O
                         net (fo=1, routed)           0.631     0.858    clk_IBUF
    BUFGCTRL_X0Y1        BUFG (Prop_bufg_I_O)         0.026     0.884 r  clk_IBUF_BUFG_inst/O
                         net (fo=144, routed)         0.591     1.474    u_sevenSeg/clk_IBUF_BUFG
    SLICE_X3Y88          FDCE                                         r  u_sevenSeg/refreshCounter_reg[4]/C
  -------------------------------------------------------------------    -------------------
    SLICE_X3Y88          FDCE (Prop_fdce_C_Q)         0.141     1.615 r  u_sevenSeg/refreshCounter_reg[4]/Q
                         net (fo=1, routed)           0.105     1.720    u_sevenSeg/refreshCounter_reg_n_0_[4]
    SLICE_X3Y88          CARRY4 (Prop_carry4_S[0]_O[0])
                                                      0.115     1.835 r  u_sevenSeg/refreshCounter_reg[4]_i_1/O[0]
                         net (fo=1, routed)           0.000     1.835    u_sevenSeg/refreshCounter_reg[4]_i_1_n_7
    SLICE_X3Y88          FDCE                                         r  u_sevenSeg/refreshCounter_reg[4]/D
  -------------------------------------------------------------------    -------------------

                         (clock sys_clk_pin rise edge)
                                                      0.000     0.000 r  
    W5                                                0.000     0.000 r  clk (IN)
                         net (fo=0)                   0.000     0.000    clk
    W5                   IBUF (Prop_ibuf_I_O)         0.414     0.414 r  clk_IBUF_inst/O
                         net (fo=1, routed)           0.685     1.099    clk_IBUF
    BUFGCTRL_X0Y1        BUFG (Prop_bufg_I_O)         0.029     1.128 r  clk_IBUF_BUFG_inst/O
                         net (fo=144, routed)         0.861     1.989    u_sevenSeg/clk_IBUF_BUFG
    SLICE_X3Y88          FDCE                                         r  u_sevenSeg/refreshCounter_reg[4]/C
                         clock pessimism             -0.515     1.474    
    SLICE_X3Y88          FDCE (Hold_fdce_C_D)         0.105     1.579    u_sevenSeg/refreshCounter_reg[4]
  -------------------------------------------------------------------
                         required time                         -1.579    
                         arrival time                           1.835    
  -------------------------------------------------------------------
                         slack                                  0.256    

Slack (MET) :             0.256ns  (arrival time - required time)
  Source:                 u_sevenSeg/refreshCounter_reg[8]/C
                            (rising edge-triggered cell FDCE clocked by sys_clk_pin  {rise@0.000ns fall@5.000ns period=10.000ns})
  Destination:            u_sevenSeg/refreshCounter_reg[8]/D
                            (rising edge-triggered cell FDCE clocked by sys_clk_pin  {rise@0.000ns fall@5.000ns period=10.000ns})
  Path Group:             sys_clk_pin
  Path Type:              Hold (Min at Fast Process Corner)
  Requirement:            0.000ns  (sys_clk_pin rise@0.000ns - sys_clk_pin rise@0.000ns)
  Data Path Delay:        0.361ns  (logic 0.256ns (70.880%)  route 0.105ns (29.120%))
  Logic Levels:           1  (CARRY4=1)
  Clock Path Skew:        0.000ns (DCD - SCD - CPR)
    Destination Clock Delay (DCD):    1.989ns
    Source Clock Delay      (SCD):    1.474ns
    Clock Pessimism Removal (CPR):    0.515ns

    Location             Delay type                Incr(ns)  Path(ns)    Netlist Resource(s)
  -------------------------------------------------------------------    -------------------
                         (clock sys_clk_pin rise edge)
                                                      0.000     0.000 r  
    W5                                                0.000     0.000 r  clk (IN)
                         net (fo=0)                   0.000     0.000    clk
    W5                   IBUF (Prop_ibuf_I_O)         0.226     0.226 r  clk_IBUF_inst/O
                         net (fo=1, routed)           0.631     0.858    clk_IBUF
    BUFGCTRL_X0Y1        BUFG (Prop_bufg_I_O)         0.026     0.884 r  clk_IBUF_BUFG_inst/O
                         net (fo=144, routed)         0.591     1.474    u_sevenSeg/clk_IBUF_BUFG
    SLICE_X3Y89          FDCE                                         r  u_sevenSeg/refreshCounter_reg[8]/C
  -------------------------------------------------------------------    -------------------
    SLICE_X3Y89          FDCE (Prop_fdce_C_Q)         0.141     1.615 r  u_sevenSeg/refreshCounter_reg[8]/Q
                         net (fo=1, routed)           0.105     1.720    u_sevenSeg/refreshCounter_reg_n_0_[8]
    SLICE_X3Y89          CARRY4 (Prop_carry4_S[0]_O[0])
                                                      0.115     1.835 r  u_sevenSeg/refreshCounter_reg[8]_i_1/O[0]
                         net (fo=1, routed)           0.000     1.835    u_sevenSeg/refreshCounter_reg[8]_i_1_n_7
    SLICE_X3Y89          FDCE                                         r  u_sevenSeg/refreshCounter_reg[8]/D
  -------------------------------------------------------------------    -------------------

                         (clock sys_clk_pin rise edge)
                                                      0.000     0.000 r  
    W5                                                0.000     0.000 r  clk (IN)
                         net (fo=0)                   0.000     0.000    clk
    W5                   IBUF (Prop_ibuf_I_O)         0.414     0.414 r  clk_IBUF_inst/O
                         net (fo=1, routed)           0.685     1.099    clk_IBUF
    BUFGCTRL_X0Y1        BUFG (Prop_bufg_I_O)         0.029     1.128 r  clk_IBUF_BUFG_inst/O
                         net (fo=144, routed)         0.861     1.989    u_sevenSeg/clk_IBUF_BUFG
    SLICE_X3Y89          FDCE                                         r  u_sevenSeg/refreshCounter_reg[8]/C
                         clock pessimism             -0.515     1.474    
    SLICE_X3Y89          FDCE (Hold_fdce_C_D)         0.105     1.579    u_sevenSeg/refreshCounter_reg[8]
  -------------------------------------------------------------------
                         required time                         -1.579    
                         arrival time                           1.835    
  -------------------------------------------------------------------
                         slack                                  0.256    

Slack (MET) :             0.256ns  (arrival time - required time)
  Source:                 u_sevenSeg/refreshCounter_reg[12]/C
                            (rising edge-triggered cell FDCE clocked by sys_clk_pin  {rise@0.000ns fall@5.000ns period=10.000ns})
  Destination:            u_sevenSeg/refreshCounter_reg[12]/D
                            (rising edge-triggered cell FDCE clocked by sys_clk_pin  {rise@0.000ns fall@5.000ns period=10.000ns})
  Path Group:             sys_clk_pin
  Path Type:              Hold (Min at Fast Process Corner)
  Requirement:            0.000ns  (sys_clk_pin rise@0.000ns - sys_clk_pin rise@0.000ns)
  Data Path Delay:        0.361ns  (logic 0.256ns (70.880%)  route 0.105ns (29.120%))
  Logic Levels:           1  (CARRY4=1)
  Clock Path Skew:        0.000ns (DCD - SCD - CPR)
    Destination Clock Delay (DCD):    1.990ns
    Source Clock Delay      (SCD):    1.475ns
    Clock Pessimism Removal (CPR):    0.515ns

    Location             Delay type                Incr(ns)  Path(ns)    Netlist Resource(s)
  -------------------------------------------------------------------    -------------------
                         (clock sys_clk_pin rise edge)
                                                      0.000     0.000 r  
    W5                                                0.000     0.000 r  clk (IN)
                         net (fo=0)                   0.000     0.000    clk
    W5                   IBUF (Prop_ibuf_I_O)         0.226     0.226 r  clk_IBUF_inst/O
                         net (fo=1, routed)           0.631     0.858    clk_IBUF
    BUFGCTRL_X0Y1        BUFG (Prop_bufg_I_O)         0.026     0.884 r  clk_IBUF_BUFG_inst/O
                         net (fo=144, routed)         0.592     1.475    u_sevenSeg/clk_IBUF_BUFG
    SLICE_X3Y90          FDCE                                         r  u_sevenSeg/refreshCounter_reg[12]/C
  -------------------------------------------------------------------    -------------------
    SLICE_X3Y90          FDCE (Prop_fdce_C_Q)         0.141     1.616 r  u_sevenSeg/refreshCounter_reg[12]/Q
                         net (fo=1, routed)           0.105     1.721    u_sevenSeg/refreshCounter_reg_n_0_[12]
    SLICE_X3Y90          CARRY4 (Prop_carry4_S[0]_O[0])
                                                      0.115     1.836 r  u_sevenSeg/refreshCounter_reg[12]_i_1/O[0]
                         net (fo=1, routed)           0.000     1.836    u_sevenSeg/refreshCounter_reg[12]_i_1_n_7
    SLICE_X3Y90          FDCE                                         r  u_sevenSeg/refreshCounter_reg[12]/D
  -------------------------------------------------------------------    -------------------

                         (clock sys_clk_pin rise edge)
                                                      0.000     0.000 r  
    W5                                                0.000     0.000 r  clk (IN)
                         net (fo=0)                   0.000     0.000    clk
    W5                   IBUF (Prop_ibuf_I_O)         0.414     0.414 r  clk_IBUF_inst/O
                         net (fo=1, routed)           0.685     1.099    clk_IBUF
    BUFGCTRL_X0Y1        BUFG (Prop_bufg_I_O)         0.029     1.128 r  clk_IBUF_BUFG_inst/O
                         net (fo=144, routed)         0.862     1.990    u_sevenSeg/clk_IBUF_BUFG
    SLICE_X3Y90          FDCE                                         r  u_sevenSeg/refreshCounter_reg[12]/C
                         clock pessimism             -0.515     1.475    
    SLICE_X3Y90          FDCE (Hold_fdce_C_D)         0.105     1.580    u_sevenSeg/refreshCounter_reg[12]
  -------------------------------------------------------------------
                         required time                         -1.580    
                         arrival time                           1.836    
  -------------------------------------------------------------------
                         slack                                  0.256    





Pulse Width Checks
--------------------------------------------------------------------------------------
Clock Name:         sys_clk_pin
Waveform(ns):       { 0.000 5.000 }
Period(ns):         10.000
Sources:            { clk }

Check Type        Corner  Lib Pin  Reference Pin  Required(ns)  Actual(ns)  Slack(ns)  Location       Pin
Min Period        n/a     BUFG/I   n/a            2.155         10.000      7.845      BUFGCTRL_X0Y1  clk_IBUF_BUFG_inst/I
Min Period        n/a     FDCE/C   n/a            1.000         10.000      9.000      SLICE_X36Y47   aluMode_reg/C
Min Period        n/a     FDCE/C   n/a            1.000         10.000      9.000      SLICE_X11Y82   dbgSel0_reg/C
Min Period        n/a     FDCE/C   n/a            1.000         10.000      9.000      SLICE_X4Y85    dbgSel1_reg/C
Min Period        n/a     FDCE/C   n/a            1.000         10.000      9.000      SLICE_X11Y82   dbgSel2_reg/C
Min Period        n/a     FDPE/C   n/a            1.000         10.000      9.000      SLICE_X31Y42   debugMode_reg/C
Min Period        n/a     FDCE/C   n/a            1.000         10.000      9.000      SLICE_X36Y47   mode32bit_reg/C
Min Period        n/a     FDRE/C   n/a            1.000         10.000      9.000      SLICE_X30Y42   u_debounce/pbout_reg/C
Min Period        n/a     FDRE/C   n/a            1.000         10.000      9.000      SLICE_X28Y37   u_debounce/sync_reg[0]/C
Min Period        n/a     FDRE/C   n/a            1.000         10.000      9.000      SLICE_X30Y40   u_debounce/sync_reg[1]/C
Low Pulse Width   Slow    FDCE/C   n/a            0.500         5.000       4.500      SLICE_X36Y47   aluMode_reg/C
Low Pulse Width   Slow    FDCE/C   n/a            0.500         5.000       4.500      SLICE_X36Y47   mode32bit_reg/C
Low Pulse Width   Slow    FDRE/C   n/a            0.500         5.000       4.500      SLICE_X36Y43   u_debounce/timer_reg[10]/C
Low Pulse Width   Slow    FDRE/C   n/a            0.500         5.000       4.500      SLICE_X36Y43   u_debounce/timer_reg[13]/C
Low Pulse Width   Slow    FDRE/C   n/a            0.500         5.000       4.500      SLICE_X36Y43   u_debounce/timer_reg[14]/C
Low Pulse Width   Slow    FDRE/C   n/a            0.500         5.000       4.500      SLICE_X36Y43   u_debounce/timer_reg[15]/C
Low Pulse Width   Slow    FDRE/C   n/a            0.500         5.000       4.500      SLICE_X36Y43   u_debounce/timer_reg[16]/C
Low Pulse Width   Slow    FDRE/C   n/a            0.500         5.000       4.500      SLICE_X36Y43   u_debounce/timer_reg[17]/C
Low Pulse Width   Slow    FDRE/C   n/a            0.500         5.000       4.500      SLICE_X36Y44   u_debounce/timer_reg[18]/C
Low Pulse Width   Slow    FDRE/C   n/a            0.500         5.000       4.500      SLICE_X36Y44   u_debounce/timer_reg[19]/C
High Pulse Width  Fast    FDRE/C   n/a            0.500         5.000       4.500      SLICE_X28Y37   u_debounce/sync_reg[0]/C
High Pulse Width  Slow    FDRE/C   n/a            0.500         5.000       4.500      SLICE_X41Y48   u_debounceAlu/timer_reg[11]/C
High Pulse Width  Slow    FDRE/C   n/a            0.500         5.000       4.500      SLICE_X41Y48   u_debounceAlu/timer_reg[12]/C
High Pulse Width  Slow    FDRE/C   n/a            0.500         5.000       4.500      SLICE_X41Y48   u_debounceAlu/timer_reg[14]/C
High Pulse Width  Slow    FDRE/C   n/a            0.500         5.000       4.500      SLICE_X41Y48   u_debounceAlu/timer_reg[15]/C
High Pulse Width  Slow    FDRE/C   n/a            0.500         5.000       4.500      SLICE_X41Y48   u_debounceAlu/timer_reg[16]/C
High Pulse Width  Slow    FDRE/C   n/a            0.500         5.000       4.500      SLICE_X41Y48   u_debounceAlu/timer_reg[17]/C
High Pulse Width  Slow    FDRE/C   n/a            0.500         5.000       4.500      SLICE_X41Y47   u_debounceLeft/pbout_reg/C
High Pulse Width  Slow    FDRE/C   n/a            0.500         5.000       4.500      SLICE_X46Y47   u_debounceLeft/timer_reg[0]/C
High Pulse Width  Slow    FDRE/C   n/a            0.500         5.000       4.500      SLICE_X45Y47   u_debounceLeft/timer_reg[10]/C



---------------------------------------------------------------------------------------------------
Path Group:  **async_default**
From Clock:  sys_clk_pin
  To Clock:  sys_clk_pin

Setup :            0  Failing Endpoints,  Worst Slack        8.552ns,  Total Violation        0.000ns
Hold  :            0  Failing Endpoints,  Worst Slack        0.393ns,  Total Violation        0.000ns
---------------------------------------------------------------------------------------------------


Max Delay Paths
--------------------------------------------------------------------------------------
Slack (MET) :             8.552ns  (required time - arrival time)
  Source:                 u_debounceLeft/pbout_reg/C
                            (rising edge-triggered cell FDRE clocked by sys_clk_pin  {rise@0.000ns fall@5.000ns period=10.000ns})
  Destination:            aluMode_reg/CLR
                            (recovery check against rising-edge clock sys_clk_pin  {rise@0.000ns fall@5.000ns period=10.000ns})
  Path Group:             **async_default**
  Path Type:              Recovery (Max at Slow Process Corner)
  Requirement:            10.000ns  (sys_clk_pin rise@10.000ns - sys_clk_pin rise@0.000ns)
  Data Path Delay:        0.967ns  (logic 0.456ns (47.174%)  route 0.511ns (52.826%))
  Logic Levels:           0  
  Clock Path Skew:        -0.041ns (DCD - SCD + CPR)
    Destination Clock Delay (DCD):    4.787ns = ( 14.787 - 10.000 ) 
    Source Clock Delay      (SCD):    5.088ns
    Clock Pessimism Removal (CPR):    0.260ns
  Clock Uncertainty:      0.035ns  ((TSJ^2 + TIJ^2)^1/2 + DJ) / 2 + PE
    Total System Jitter     (TSJ):    0.071ns
    Total Input Jitter      (TIJ):    0.000ns
    Discrete Jitter          (DJ):    0.000ns
    Phase Error              (PE):    0.000ns

    Location             Delay type                Incr(ns)  Path(ns)    Netlist Resource(s)
  -------------------------------------------------------------------    -------------------
                         (clock sys_clk_pin rise edge)
                                                      0.000     0.000 r  
    W5                                                0.000     0.000 r  clk (IN)
                         net (fo=0)                   0.000     0.000    clk
    W5                   IBUF (Prop_ibuf_I_O)         1.458     1.458 r  clk_IBUF_inst/O
                         net (fo=1, routed)           1.967     3.425    clk_IBUF
    BUFGCTRL_X0Y1        BUFG (Prop_bufg_I_O)         0.096     3.521 r  clk_IBUF_BUFG_inst/O
                         net (fo=144, routed)         1.567     5.088    u_debounceLeft/clk_IBUF_BUFG
    SLICE_X41Y47         FDRE                                         r  u_debounceLeft/pbout_reg/C
  -------------------------------------------------------------------    -------------------
    SLICE_X41Y47         FDRE (Prop_fdre_C_Q)         0.456     5.544 f  u_debounceLeft/pbout_reg/Q
                         net (fo=4, routed)           0.511     6.055    u_debounceLeft_n_0
    SLICE_X36Y47         FDCE                                         f  aluMode_reg/CLR
  -------------------------------------------------------------------    -------------------

                         (clock sys_clk_pin rise edge)
                                                     10.000    10.000 r  
    W5                                                0.000    10.000 r  clk (IN)
                         net (fo=0)                   0.000    10.000    clk
    W5                   IBUF (Prop_ibuf_I_O)         1.388    11.388 r  clk_IBUF_inst/O
                         net (fo=1, routed)           1.862    13.250    clk_IBUF
    BUFGCTRL_X0Y1        BUFG (Prop_bufg_I_O)         0.091    13.341 r  clk_IBUF_BUFG_inst/O
                         net (fo=144, routed)         1.446    14.787    clk_IBUF_BUFG
    SLICE_X36Y47         FDCE                                         r  aluMode_reg/C
                         clock pessimism              0.260    15.047    
                         clock uncertainty           -0.035    15.012    
    SLICE_X36Y47         FDCE (Recov_fdce_C_CLR)     -0.405    14.607    aluMode_reg
  -------------------------------------------------------------------
                         required time                         14.607    
                         arrival time                          -6.055    
  -------------------------------------------------------------------
                         slack                                  8.552    

Slack (MET) :             8.552ns  (required time - arrival time)
  Source:                 u_debounceLeft/pbout_reg/C
                            (rising edge-triggered cell FDRE clocked by sys_clk_pin  {rise@0.000ns fall@5.000ns period=10.000ns})
  Destination:            mode32bit_reg/CLR
                            (recovery check against rising-edge clock sys_clk_pin  {rise@0.000ns fall@5.000ns period=10.000ns})
  Path Group:             **async_default**
  Path Type:              Recovery (Max at Slow Process Corner)
  Requirement:            10.000ns  (sys_clk_pin rise@10.000ns - sys_clk_pin rise@0.000ns)
  Data Path Delay:        0.967ns  (logic 0.456ns (47.174%)  route 0.511ns (52.826%))
  Logic Levels:           0  
  Clock Path Skew:        -0.041ns (DCD - SCD + CPR)
    Destination Clock Delay (DCD):    4.787ns = ( 14.787 - 10.000 ) 
    Source Clock Delay      (SCD):    5.088ns
    Clock Pessimism Removal (CPR):    0.260ns
  Clock Uncertainty:      0.035ns  ((TSJ^2 + TIJ^2)^1/2 + DJ) / 2 + PE
    Total System Jitter     (TSJ):    0.071ns
    Total Input Jitter      (TIJ):    0.000ns
    Discrete Jitter          (DJ):    0.000ns
    Phase Error              (PE):    0.000ns

    Location             Delay type                Incr(ns)  Path(ns)    Netlist Resource(s)
  -------------------------------------------------------------------    -------------------
                         (clock sys_clk_pin rise edge)
                                                      0.000     0.000 r  
    W5                                                0.000     0.000 r  clk (IN)
                         net (fo=0)                   0.000     0.000    clk
    W5                   IBUF (Prop_ibuf_I_O)         1.458     1.458 r  clk_IBUF_inst/O
                         net (fo=1, routed)           1.967     3.425    clk_IBUF
    BUFGCTRL_X0Y1        BUFG (Prop_bufg_I_O)         0.096     3.521 r  clk_IBUF_BUFG_inst/O
                         net (fo=144, routed)         1.567     5.088    u_debounceLeft/clk_IBUF_BUFG
    SLICE_X41Y47         FDRE                                         r  u_debounceLeft/pbout_reg/C
  -------------------------------------------------------------------    -------------------
    SLICE_X41Y47         FDRE (Prop_fdre_C_Q)         0.456     5.544 f  u_debounceLeft/pbout_reg/Q
                         net (fo=4, routed)           0.511     6.055    u_debounceLeft_n_0
    SLICE_X36Y47         FDCE                                         f  mode32bit_reg/CLR
  -------------------------------------------------------------------    -------------------

                         (clock sys_clk_pin rise edge)
                                                     10.000    10.000 r  
    W5                                                0.000    10.000 r  clk (IN)
                         net (fo=0)                   0.000    10.000    clk
    W5                   IBUF (Prop_ibuf_I_O)         1.388    11.388 r  clk_IBUF_inst/O
                         net (fo=1, routed)           1.862    13.250    clk_IBUF
    BUFGCTRL_X0Y1        BUFG (Prop_bufg_I_O)         0.091    13.341 r  clk_IBUF_BUFG_inst/O
                         net (fo=144, routed)         1.446    14.787    clk_IBUF_BUFG
    SLICE_X36Y47         FDCE                                         r  mode32bit_reg/C
                         clock pessimism              0.260    15.047    
                         clock uncertainty           -0.035    15.012    
    SLICE_X36Y47         FDCE (Recov_fdce_C_CLR)     -0.405    14.607    mode32bit_reg
  -------------------------------------------------------------------
                         required time                         14.607    
                         arrival time                          -6.055    
  -------------------------------------------------------------------
                         slack                                  8.552    





Min Delay Paths
--------------------------------------------------------------------------------------
Slack (MET) :             0.393ns  (arrival time - required time)
  Source:                 u_debounceLeft/pbout_reg/C
                            (rising edge-triggered cell FDRE clocked by sys_clk_pin  {rise@0.000ns fall@5.000ns period=10.000ns})
  Destination:            aluMode_reg/CLR
                            (removal check against rising-edge clock sys_clk_pin  {rise@0.000ns fall@5.000ns period=10.000ns})
  Path Group:             **async_default**
  Path Type:              Removal (Min at Fast Process Corner)
  Requirement:            0.000ns  (sys_clk_pin rise@0.000ns - sys_clk_pin rise@0.000ns)
  Data Path Delay:        0.336ns  (logic 0.141ns (42.010%)  route 0.195ns (57.990%))
  Logic Levels:           0  
  Clock Path Skew:        0.035ns (DCD - SCD - CPR)
    Destination Clock Delay (DCD):    1.960ns
    Source Clock Delay      (SCD):    1.447ns
    Clock Pessimism Removal (CPR):    0.478ns

    Location             Delay type                Incr(ns)  Path(ns)    Netlist Resource(s)
  -------------------------------------------------------------------    -------------------
                         (clock sys_clk_pin rise edge)
                                                      0.000     0.000 r  
    W5                                                0.000     0.000 r  clk (IN)
                         net (fo=0)                   0.000     0.000    clk
    W5                   IBUF (Prop_ibuf_I_O)         0.226     0.226 r  clk_IBUF_inst/O
                         net (fo=1, routed)           0.631     0.858    clk_IBUF
    BUFGCTRL_X0Y1        BUFG (Prop_bufg_I_O)         0.026     0.884 r  clk_IBUF_BUFG_inst/O
                         net (fo=144, routed)         0.564     1.447    u_debounceLeft/clk_IBUF_BUFG
    SLICE_X41Y47         FDRE                                         r  u_debounceLeft/pbout_reg/C
  -------------------------------------------------------------------    -------------------
    SLICE_X41Y47         FDRE (Prop_fdre_C_Q)         0.141     1.588 f  u_debounceLeft/pbout_reg/Q
                         net (fo=4, routed)           0.195     1.783    u_debounceLeft_n_0
    SLICE_X36Y47         FDCE                                         f  aluMode_reg/CLR
  -------------------------------------------------------------------    -------------------

                         (clock sys_clk_pin rise edge)
                                                      0.000     0.000 r  
    W5                                                0.000     0.000 r  clk (IN)
                         net (fo=0)                   0.000     0.000    clk
    W5                   IBUF (Prop_ibuf_I_O)         0.414     0.414 r  clk_IBUF_inst/O
                         net (fo=1, routed)           0.685     1.099    clk_IBUF
    BUFGCTRL_X0Y1        BUFG (Prop_bufg_I_O)         0.029     1.128 r  clk_IBUF_BUFG_inst/O
                         net (fo=144, routed)         0.833     1.960    clk_IBUF_BUFG
    SLICE_X36Y47         FDCE                                         r  aluMode_reg/C
                         clock pessimism             -0.478     1.482    
    SLICE_X36Y47         FDCE (Remov_fdce_C_CLR)     -0.092     1.390    aluMode_reg
  -------------------------------------------------------------------
                         required time                         -1.390    
                         arrival time                           1.783    
  -------------------------------------------------------------------
                         slack                                  0.393    

Slack (MET) :             0.393ns  (arrival time - required time)
  Source:                 u_debounceLeft/pbout_reg/C
                            (rising edge-triggered cell FDRE clocked by sys_clk_pin  {rise@0.000ns fall@5.000ns period=10.000ns})
  Destination:            mode32bit_reg/CLR
                            (removal check against rising-edge clock sys_clk_pin  {rise@0.000ns fall@5.000ns period=10.000ns})
  Path Group:             **async_default**
  Path Type:              Removal (Min at Fast Process Corner)
  Requirement:            0.000ns  (sys_clk_pin rise@0.000ns - sys_clk_pin rise@0.000ns)
  Data Path Delay:        0.336ns  (logic 0.141ns (42.010%)  route 0.195ns (57.990%))
  Logic Levels:           0  
  Clock Path Skew:        0.035ns (DCD - SCD - CPR)
    Destination Clock Delay (DCD):    1.960ns
    Source Clock Delay      (SCD):    1.447ns
    Clock Pessimism Removal (CPR):    0.478ns

    Location             Delay type                Incr(ns)  Path(ns)    Netlist Resource(s)
  -------------------------------------------------------------------    -------------------
                         (clock sys_clk_pin rise edge)
                                                      0.000     0.000 r  
    W5                                                0.000     0.000 r  clk (IN)
                         net (fo=0)                   0.000     0.000    clk
    W5                   IBUF (Prop_ibuf_I_O)         0.226     0.226 r  clk_IBUF_inst/O
                         net (fo=1, routed)           0.631     0.858    clk_IBUF
    BUFGCTRL_X0Y1        BUFG (Prop_bufg_I_O)         0.026     0.884 r  clk_IBUF_BUFG_inst/O
                         net (fo=144, routed)         0.564     1.447    u_debounceLeft/clk_IBUF_BUFG
    SLICE_X41Y47         FDRE                                         r  u_debounceLeft/pbout_reg/C
  -------------------------------------------------------------------    -------------------
    SLICE_X41Y47         FDRE (Prop_fdre_C_Q)         0.141     1.588 f  u_debounceLeft/pbout_reg/Q
                         net (fo=4, routed)           0.195     1.783    u_debounceLeft_n_0
    SLICE_X36Y47         FDCE                                         f  mode32bit_reg/CLR
  -------------------------------------------------------------------    -------------------

                         (clock sys_clk_pin rise edge)
                                                      0.000     0.000 r  
    W5                                                0.000     0.000 r  clk (IN)
                         net (fo=0)                   0.000     0.000    clk
    W5                   IBUF (Prop_ibuf_I_O)         0.414     0.414 r  clk_IBUF_inst/O
                         net (fo=1, routed)           0.685     1.099    clk_IBUF
    BUFGCTRL_X0Y1        BUFG (Prop_bufg_I_O)         0.029     1.128 r  clk_IBUF_BUFG_inst/O
                         net (fo=144, routed)         0.833     1.960    clk_IBUF_BUFG
    SLICE_X36Y47         FDCE                                         r  mode32bit_reg/C
                         clock pessimism             -0.478     1.482    
    SLICE_X36Y47         FDCE (Remov_fdce_C_CLR)     -0.092     1.390    mode32bit_reg
  -------------------------------------------------------------------
                         required time                         -1.390    
                         arrival time                           1.783    
  -------------------------------------------------------------------
                         slack                                  0.393    





